Security Id.BO,Security Name
ABB.BO,ABB India Ltd
AEGISLOG.BO,Aegis Logistics Ltd
TPAEC.BO,Torrent Power AEC Ltd
AKARLAMIN.BO,Akar Laminators Ltd
ALPHADR.BO,Alpha Drug India Ltd
ARE&M.BO,Amara Raja Energy & Mobility Ltd
AMBALALSA.BO,Ambalal Sarabhai Enterprises Ltd
HDFC.BO,Housing Development Finance Corporation Ltd
AMRTMIL-BDM.BO,Amrut Industries Ltd
ANDHRAPET.BO,Andhra Petrochemicals Ltd
ANSALAPI.BO,Ansal Properties & Infrastructure Ltd
UTIQUE.BO,Utique Enterprises Ltd
ICICIDM.BO,ICICI Ltd
ARUNAHTEL.BO,Aruna Hotels Ltd
ARPOLDM.BO,ARPOLDM
BOR.BO,Bank of Rajasthan Ltd
BOMDYEING.BO,Bombay Dyeing & Manufacturing Company Ltd
ASINCOF.BO,ASINCOF
ASIANHOTNR.BO,Asian Hotels (North) Ltd
ASSAMCO.BO,Assam Company India Ltd
ASSAMBR.BO,Assambrook Ltd
ATSHIND.BO,Atash Industries Ltd
ATUL.BO,Atul Ltd
ATVPR.BO,ATV Projects India Ltd
AUTOLITIND.BO,Autolite (India) Ltd
AUTORIDFIN.BO,Autoriders Finance Ltd
BAJAJELEC.BO,Bajaj Electricals Ltd
BAJAJHIND.BO,Bajaj Hindusthan Sugar Ltd
FORCEMOT.BO,Force Motors Ltd
BAJFINANCE.BO,Bajaj Finance Ltd
BALAJIDI.BO,Balaji Distilleries Ltd
BALAJIIND.BO,Balaji Industrial Corporation Ltd
BALMERL-B.BO,Balmer Lawrie Freight Containers Ltd
BALRAMCHIN.BO,Balrampur Chini Mills Ltd
BANCOINDIA.BO,Banco Products (India) Ltd
ABREL.BO,Aditya Birla Real Estate Ltd
BANARISUG.BO,Bannari Amman Sugars Ltd
BASF.BO,BASF India Ltd
BATAINDIA.BO,Bata India Ltd
RAYBAN.BO,Rayban Sun Optics India Ltd
BELLARYS.BO,Bellary Steels & Alloys Ltd
BECREL.BO,Best & Crompton Engineering Ltd
BETANAP.BO,Beta Napthol Ltd
BEML.BO,BEML Ltd
BEL.BO,Bharat Electronics Ltd
BHARATRA.BO,Bharat Rasayan Ltd
BHAGGAS.BO,Bhagawati Gas Ltd
BEPL.BO,Bhansali Engineering Polymers Ltd
BHAZINC.BO,Bharat Zinc Ltd
BHRTITE-B.BO,BHRTITE-B
TATASTLBSL.BO,Tata Steel Bsl Ltd
UTIMRDM.BO,UTI Master Growth 93
ABCIL.BO,Aditya Birla Chemicals (India) Ltd
BIHSPONG.BO,Bihar Sponge Iron Ltd
BINANIIND.BO,Binani Industries Ltd
BIRLACABLE.BO,Birla Cable Ltd
ANVALDM.BO,Andhra Valley Power Supply Co Ltd
ASHOKLEYFIN.BO,Ashok Leyland Finance Ltd
OSWALCHEM.BO,Oswal Chemicals & Fertilizers Ltd
BGFL.BO,Birla Global Finance Ltd
BLUESTARCO.BO,Blue Star Ltd
DISAQ.BO,Disa India Ltd
QUESTCAP.BO,Quest Capital Markets Ltd
BOP.BO,Bank of Punjab Ltd
BONGAIREFN.BO,Bongaigaon Refinery & Petrochemicals Ltd
BPLENG.BO,BPL Engineering Ltd
BPL.BO,BPL Ltd
NAGARFER.BO,Nagarjuna Fertilizers and Chemicals Ltd
BURROWEL.BO,Burroughs Wellcome (India) Ltd
CCI.BO,Cable Corporation of India Ltd
OAL.BO,Oriental Aromatics Ltd
CARIR.BO,Carrier Aircon Ltd
CAUVERSOFT.BO,Cauvery Software Engineering Systems Ltd
CELEINT.BO,Celeste International Ltd
CENCHDM.BO,Centak Chemicals Ltd
CENTEXT.BO,Century Extrusions Ltd
CESC.BO,CESC Ltd
CHAMBLFERT.BO,Chambal Fertilisers & Chemicals Ltd
EXIDEIND.BO,Exide Industries Ltd
CIPLA.BO,Cipla Ltd
DICIND.BO,DIC India Ltd
MADUCOA.BO,Madura Coats Ltd
COREPARENT.BO,Core Healthcare Ltd
CRISIL.BO,CRISIL Ltd
CGPOWER.BO,CG Power and Industrial Solutions Ltd
CTCOTTON.BO,CT Cotton Yarn Ltd
WYETH.BO,Wyeth Ltd
DABUR.BO,Dabur India Ltd
DALMIASUG.BO,Dalmia Bharat Sugar and Industries Ltd
SKYLNEPC.BO,Skyline NEPC Ltd
CENTINPO.BO,Central India Polyesters Ltd
DAEWOO.BO,Daewoo Motors India Ltd
ARVIND.BO,Arvind Ltd
BALLARPUR.BO,Ballarpur Industries Ltd
BHEL.BO,Bharat Heavy Electricals Ltd
HINDPETRO.BO,Hindustan Petroleum Corporation Ltd
IPCL.BO,Indian Petrochemicals Corporation Ltd
IFCI.BO,IFCI Ltd
JINDALIRON.BO,Jindal Iron & Steel Company Ltd
MTNL.BO,Mahanagar Telephone Nigam Ltd
MRPL.BO,Mangalore Refinery and Petrochemicals Ltd
CHENNPETRO.BO,Chennai Petroleum Corporation Ltd
RELCAPITAL.BO,Reliance Capital Ltd
SBIN.BO,State Bank of India
SAIL.BO,Steel Authority of India Ltd
TITAN.BO,Titan Company Ltd
MSTRP.BO,MSTRP
IDBI.BO,IDBI Bank Ltd
DCW.BO,DCW Ltd
DHAMPURSUG.BO,Dhampur Sugar Mills Ltd
DIAMINESQ.BO,Diamines & Chemicals Ltd
DIGITAL.BO,Digital GlobalSoft Ltd
AMBUJACEMR.BO,Ambuja Cement Rajasthan Ltd
ELANTAS.BO,Elantas Beck India Ltd
DRREDDY.BO,Dr Reddys Laboratories Ltd
EIDPARRY.BO,EID Parry India Ltd
PGHL.BO,Procter & Gamble Health Ltd
ESTMNAL.BO,Eastern Mining & Allied Industries Ltd
ELECTCAST.BO,Electrosteel Castings Ltd
ELAUPAR-BDM.BO,Elgi Auto Parts Ltd
ELGIF.BO,Elgi Finance Ltd
ELGITR.BO,Elgitread (India) Ltd
EMPEESUG.BO,Empee Sugars & Chemicals Ltd
ESABINDIA.BO,Esab India Ltd
ESSAROIL.BO,Essar Oil Ltd
EPL.BO,EPL Ltd
ESTER.BO,Ester Industries Ltd
UNIWORTHT.BO,Uniworth Textiles Ltd
FEDDERELEC.BO,Fedders Electric and Engineering Ltd
FEMNORM-B.BO,Femnor Mineral (India) Ltd
FERROALL.BO,Ferro Alloys Corporation Ltd
FGP.BO,FGP Ltd
PHCAP.BO,PH Capital Ltd
FINCABLES.BO,Finolex Cables Ltd
FIRSTLEASE.BO,First Leasing Company of India Ltd
COCKERILL.BO,John Cockerill India Ltd
UFLEX.BO,Uflex Ltd
FLOAI.BO,Floatglass India Ltd
FOSECOIND.BO,Foseco India Ltd
GOLDENTOBC.BO,Golden Tobacco Ltd
GRMAG.BO,GR Magnets Ltd
GANESHBE.BO,Ganesh Benzoplast Ltd
FOSCL.BO,Futuristic Offshore Services & Chemical Ltd
GARDENSILK.BO,Garden Silk Mills Ltd
GRMNR.BO,German Remedies Ltd
GICBALN-B.BO,GICBALN-B
GICBGVL-B.BO,GICBGVL-B
METROGLOBL.BO,Metroglobal Ltd
GTL.BO,GTL Ltd
GTB.BO,Global Trust Bank Ltd
PARRYSUGAR.BO,Parrys Sugar Industries Ltd
GODFRYPHLP.BO,Godfrey Phillips India Ltd
GODREJIND.BO,Godrej Industries Ltd
KANSAINER.BO,Kansai Nerolac Paints Ltd
GOODRICKE.BO,Goodricke Group Ltd
GOVMC.BO,Good Value Marketing Company Ltd
GOODYEAR.BO,Goodyear India Ltd
GRPCOMI.BO,Grapco Mining & Company Ltd
GTNINDS.BO,GTN Industries Ltd
GHCL.BO,GHCL Ltd
GFLLIMITED.BO,GFL Ltd
GLFL.BO,Gujarat Lease Financing Ltd
GTCL.BO,Gujarat Telephone Cables Ltd
HAMCMIN-B.BO,HAMCO Mining & Smelting Ltd
HANILERA.BO,Hanil Era Textiles Ltd
HARCR.BO,Harig Crankshafts Ltd
HCL-INSYS.BO,HCL Infosystems Ltd
HDFCBANK.BO,HDFC Bank Ltd
HRBTSON-B.BO,Herbertsons Ltd
HEROMOTOCO.BO,Hero MotoCorp Ltd
HFCL.BO,HFCL Ltd
HSCL.BO,Himadri Speciality Chemical Ltd
HCC.BO,Hindustan Construction Company Ltd
HINDOILEXP.BO,Hindustan Oil Exploration Company Ltd
AGI.BO,Agi Greenpac Ltd
HINDZINC.BO,Hindustan Zinc Ltd
NDLVENTURE.BO,NDL Ventures Ltd
HITDRDM.BO,Hitech Drilling Services India Ltd
HMT.BO,HMT Ltd
PRAGBOS.BO,Prag Bosimi Synthetics Ltd
HLVLTD.BO,HLV Ltd
HOTLINGLAS.BO,Hotline Glass Ltd
HTSUMAG.BO,Hytaisun Magnetics Ltd
IBP.BO,IBP Company Ltd
IGPL.BO,IG Petrochemicals Ltd
INDIAGLYCO.BO,India Glycols Ltd
INDLEASE.BO,India Lease Development Ltd
INDPOLY.BO,India Polyfibres Ltd
INDSEC.BO,India Securities Ltd
MARGOFIN.BO,Margo Finance Ltd
INDORAMA.BO,Indo Rama Synthetics (India) Ltd
INDUNISS.BO,Indu Nissan Oxo Chemical Industries Ltd
INFY.BO,Infosys Ltd
INGERRAND.BO,Ingersoll-Rand (India) Ltd
INSILCO.BO,Insilco Ltd
IFSL.BO,Integrated Financial Services Ltd
ITHL.BO,International Travel House Ltd
IONEXCHANG.BO,Ion Exchange India Ltd
SUNDROP.BO,Sundrop Brands Ltd
ITCHOTEL.BO,ITC Hotels Ltd
ITWSGDM.BO,ITW Signode India Ltd
JKPHARMA.BO,JK Pharmachem Ltd
JISLJALEQS.BO,Jain Irrigation Systems Ltd
JASCH.BO,Jasch Industries Ltd
JPHOTEL.BO,Jaypee Hotels Ltd
JCTEL.BO,JCT Electronics Ltd
JCTLTD.BO,JCT Ltd
JNDST.BO,JNDST
CONSOFIN.BO,Consolidated Finvest & Holdings Ltd
JINDALPOLY.BO,Jindal Poly Films Ltd
JSWSTEEL.BO,JSW Steel Ltd
JINDVJY.BO,JINDVJY
JINDALV.BO,JINDALV
UMANGDAIRY.BO,Umang Dairies Ltd
JORDENG-B.BO,Jord Engineers India Ltd
KAJARIACER.BO,Kajaria Ceramics Ltd
KAKATCEM.BO,Kakatiya Cement Sugar & Industries Ltd
KSL.BO,Kalyani Steels Ltd
KANELIND.BO,Kanel Industries Ltd
KEDIADI-B.BO,Kedia Distilleries Ltd
WHIRLPOOL.BO,Whirlpool of India Ltd
KGDENIM.BO,KG Denim Ltd
KINETICENG.BO,Kinetic Engineering Ltd
KIRLOSBROS.BO,Kirloskar Brothers Ltd
KIRPNDM.BO,Kirloskar Pneumatic Company Ltd
KIRLOSIND.BO,Kirloskar Industries Ltd
KIRLFER.BO,Kirloskar Ferrous Industries Ltd
ENVAIREL.BO,Envair Electrodyne Ltd
KOTAKBANK.BO,Kotak Mahindra Bank Ltd
KRIFILIND.BO,Krishna Filament Industries Ltd
KSB.BO,KSB Ltd
LGBBROSLTD.BO,LG Balakrishnan & Bros Ltd
TRENT.BO,Trent Ltd
LMW.BO,LMW Ltd
LICHSGFIN.BO,LIC Housing Finance Ltd
UTTAMVALUE.BO,Uttam Value Steels Ltd
LML.BO,LML Ltd
LOKHSG.BO,Lok Housing & Constructions Ltd
LUPIN.BO,Lupin Ltd
LUPINDM.BO,Lupin Laboratories Ltd
LYKALABS.BO,Lyka Labs Ltd
RAMCOCEM.BO,The Ramco Cements Ltd
MDRPTRO.BO,Madras Petrochem Ltd
HYBRIDFIN.BO,Hybrid Financial Services Ltd
MAFATIND.BO,Mafatlal Industries Ltd
MAHSEAMLES.BO,Maharashtra Seamless Ltd
MAHSCOOTER.BO,Maharashtra Scooters Ltd
MAJESAUT.BO,Majestic Auto Ltd
MANALIPETC.BO,Manali Petrochemicals Ltd
MARDIACH.BO,Mardia Chemicals Ltd
BARODARY.BO,Baroda Rayon Corporation Ltd
MFSL.BO,Max Financial Services Ltd
MAXWORC-B.BO,Maxworth Orchards (India) Ltd
MCDWLDM.BO,MCDWLDM
MESPHAR-B.BO,Mesco Pharmaceuticals Ltd
MTZIND.BO,MTZ Industries Ltd
MICROPL-B.BO,Micro Plantae Ltd
MIDINDIA.BO,Mid India Industries Ltd
MIDESTI-B.BO,Mideast India Ltd
MIRCELECTR.BO,Mirc Electronics Ltd
CENTENKA.BO,Century Enka Ltd
MDRNSYN-B.BO,Modern Syntex India Ltd
MODTHREAD.BO,Modern Thread India Ltd
MDTERYT-B.BO,Modern Terry Towels Ltd
LORDSCHLO.BO,Lords Chloro Alkali Ltd
SPICEJET.BO,Spicejet Ltd
MONTA.BO,Montari Industries Ltd
MOREPENLAB.BO,Morepen Laboratories Ltd
MSGF.BO,Morgan Stanley Mutual Fund
MRF.BO,MRF Ltd
HEIDELBERG.BO,HeidelbergCement India Ltd
MYSRKIR-B.BO,Mysore Kirloskar Ltd
NCC.BO,NCC Ltd
VEDL.BO,Vedanta Ltd
NAHARSPING.BO,Nahar Spinning Mills Ltd
NATAL.BO,NATAL
NAPEROL.BO,Naperol Investments Ltd
GRASIM.BO,Grasim Industries Ltd
NEPCMICON.BO,NEPC India Ltd
PEL.BO,Piramal Enterprises Ltd
ABIRLANUVO.BO,Aditya Birla Nuvo Ltd
NIITLTD.BO,NIIT Ltd
JSWISPAT.BO,JSW ISPAT Steel Ltd
JAYKAY.BO,Jaykay Enterprises Ltd
NIRLON.BO,Nirlon Ltd
NIRMA.BO,Nirma Ltd
NOVAEL-.BO,Nova Electro Magnetics Ltd
NOVOPANIND.BO,Novopan Industries Ltd
NUCHEM.BO,Nuchem Ltd
ONGC.BO,Oil and Natural Gas Corporation Ltd
OILCOUNTUB.BO,Oil Country Tubular Ltd
ORIENTHOT.BO,Oriental Hotels Ltd
ORIENTBANK.BO,Oriental Bank of Commerce
OSWALAGRO.BO,Oswal Agro Mills Ltd
OSSWM.BO,Oswal Spinning & Weaving Mills Ltd
INDSUCR.BO,Indian Sucrose Ltd
PADMINIT.BO,Padmini Technologies Ltd
PANCM.BO,Panyam Cements & Mineral Industries Ltd
PAREKHPLAT.BO,Parekh Platinum Ltd
RELIANCE.BO,Reliance Industries Ltd
PATHEJA-B.BO,Patheja Forgings & Auto Parts Manufacturers Ltd
PILITA.BO,Pil Italica Lifestyle Ltd
PENTFOR-B.BO,Pentafour Products Ltd
PENTAGRAPH.BO,Pentamedia Graphics Ltd
RAYMOND.BO,Raymond Ltd
PIDILITIND.BO,Pidilite Industries Ltd
PITICEM-B.BO,Pittie Cements & Industries Ltd
PIXTRANS.BO,Pix Transmissions Ltd
PRMRVNY-B.BO,Premier Vinyl Flooring Ltd
BIRLACORPN.BO,Birla Corporation Ltd
SURYAROSNI.BO,Surya Roshni Ltd
PRIMESECU.BO,Prime Securities Ltd
PRSMJOHNSN.BO,Prism Johnson Ltd
RAIN.BO,Rain Industries Ltd
ITBHPDM.BO,ITC Bhadrachalam Paperboards Ltd
PRUDCAP-BDM.BO,Prudential Capital Markets Ltd
PRUDMOULI.BO,Prudential Sugar Corporation Ltd
AMJLAND.BO,AMJ Land Holdings Ltd
PUNJABTRAC.BO,Punjab Tractors Ltd
PPOWER-.BO,PPOWER-
PUNJCOMMU.BO,Punjab Communications Ltd
PUNWRDM.BO,Punjab Wireless Systems Ltd
QLTYSTL.BO,Quality Steel & Forgings Ltd
RASIC.BO,RASIC
RSWM.BO,RSWM Ltd
RAJPOTU.BO,Rajasthan Polyvin Tubes Ltd
RAJTOOL.BO,Rajasthan Tools Ltd
RAJNSTL-B.BO,Rajinder Steels Tubes Ltd
RAJSREESUG.BO,Rajshree Sugars & Chemicals Ltd
RALLIS.BO,Rallis India Ltd
RAMANEWS.BO,Shree Rama Newsprint Ltd
RAMAPPR-B.BO,Rama Paper Mills Ltd
RAMAPETRO.BO,Rama Petrochemicals Ltd
RANBAXY.BO,Ranbaxy Laboratories Ltd
RAPICUT.BO,Rapicut Carbides Ltd
RASPRO.BO,Ras Propack Lamipack Ltd
RECRON.BO,Recron Synthetics Ltd
REVAP.BO,Real Value Appliances Ltd
REPETDM.BO,Reliance Petroleum Ltd
WELSPLSOL.BO,Welspun Specialty Solutions Ltd
ROLTA.BO,Rolta India Ltd
RUBFILA.BO,Rubfila International Ltd
PATANJALI.BO,Patanjali Foods Ltd
RPGTRANS.BO,RPG Transmission Ltd
SALORAINTL.BO,Salora International Ltd
SAMTELIN.BO,Samtel India Ltd
SAMTEL.BO,Samtel Color Ltd
CLARIANT.BO,Clariant India Ltd
SANAS.BO,Sandvik Asia Ltd
SANGHIPOLY.BO,Sanghi Polyesters Ltd
SATYAM.BO,Satyam Computer Services Ltd
SHREEJIPHOS.BO,Shreeji Phosphate Ltd
JINDALSAW.BO,Jindal Saw Ltd
SBIHOMEFIN.BO,SBI Home Finance Ltd
JKLAKSHMI.BO,JK Lakshmi Cement Ltd
SBIMGNE-B.BO,SBIMGNE-B
BRABOURNE.BO,Brabourne Enterprises Ltd
SHAMKNSPIN.BO,Shamken Spinners Ltd
SHREECEM.BO,Shree Cement Ltd
SKPMIL.BO,Shree Krishna Paper Mills & Industries Ltd
SILVERLINE.BO,Silverline Technologies Ltd
RELINFRA.BO,Reliance Infrastructure Ltd
SMDYECH.BO,SM Dyechem Ltd
SOLPHR--Z.BO,SOL Pharmaceuticals Ltd
SOLCT.BO,Solid Carbide Tools Ltd
SOUTHNHE.BO,Southern Herbals Ltd
TASSLDM.BO,Tata SSL Ltd
HENKELSPIC.BO,Henkel Spic India Ltd
GECAP.BO,GE Capital Transportation Financial Services Ltd
STEELCO.BO,Steelco Gujarat Ltd
TATAPOWER.BO,Tata Power Company Ltd
SPMLINFRA.BO,SPML Infra Ltd
SUNDRMFAST.BO,Sundram Fasteners Ltd
SUNFLAG.BO,Sunflag Iron & Steel Company Ltd
SPLPETRO.BO,Supreme Petrochem Ltd
SURYAGRO.BO,Surya Agroils Ltd
SWARAJENG.BO,Swaraj Engines Ltd
TATAELXSI.BO,Tata Elxsi Ltd
TAHYDDM.BO,Tata Hydro-Electric Power Supply Co Ltd
ACC.BO,ACC Ltd
THERMAX.BO,Thermax Ltd
TIRUMALCHM.BO,Thirumalai Chemicals Ltd
THOMASCOOK.BO,Thomas Cook (India) Ltd
TIMEX.BO,Timex Group India Ltd
TISCSPN-B.BO,TISCSPN-B
TITAGRST.BO,Titagarh Steels Ltd
TITANAL.BO,Titan Alloys Ltd
TOKYOPLAST.BO,Tokyo Plast International Ltd
TOLANDM.BO,Tolani Bulk Carriers Ltd
TORNTPHARM.BO,Torrent Pharmaceuticals Ltd
TPINDIA.BO,TPI India Ltd
TRANSCHEM.BO,Transchem Ltd
TVSEL.BO,TVS Electronics Ltd
TVSSZDM.BO,TVSSZDM
AMBUJACEM.BO,Ambuja Cements Ltd
UTLINDS.BO,UTL Industries Ltd
UNIFLEX.BO,Uniflex Cables Ltd
UNIPLAS.BO,Uniplas India Ltd
UNIENTER.BO,Uniphos Enterprises Ltd
UNITEDWESTB.BO,United Western Bank Ltd
USHAINDIA.BO,Usha India Ltd
USHAISPAT.BO,Usha Ispat Ltd
UTIGN.BO,UTIGN
MSTGN.BO,MSTGN
UMISPST.BO,Umi Special Steel Ltd
UTI2000-B.BO,Unit Growth Scheme 2000
UTI5000-B.BO,Unit Growth Scheme 5000
VAJRABE.BO,Vajra Bearings Ltd
VHL.BO,Vardhman Holdings Ltd
HINDALCO.BO,Hindalco Industries Ltd
VIRALFL-BDM.BO,Viral Filaments Ltd
WARTSILA.BO,Wartsila India Ltd
WSTCSTPAPR.BO,West Coast Paper Mills Ltd
INDAL.BO,Indian Aluminium Company Ltd
CAROL.BO,Carol Info Services Ltd
YOGIPHA.BO,Yogi Pharmacy Ltd
HINDC.BO,Hindusthan Development Corporation Ltd
HOCL.BO,Hindustan Organic Chemicals Ltd
MPILCORPL.BO,MPIL Corporation Ltd
MDRNSUT-B.BO,Modern Denim Ltd
NEPCAGRO.BO,NEPC Agro Foods Ltd
PAAMPHR-B.BO,Paam Pharmaceuticals Ltd
PASUPTAC.BO,Pasupati Acrylon Ltd
PNTASOL-B.BO,Pentafour Solec Technology Ltd
KORE.BO,Kore Foods Ltd
PGHH.BO,Procter & Gamble Hygiene and Health Care Ltd
MUKANDLTD.BO,Mukand Ltd
SIV.BO,SIV Industries Ltd
BBOX.BO,Black Box Ltd
UCAL.BO,Ucal  Ltd
VARUNSHIP.BO,Varun Shipping Company Ltd
STERHFN.BO,Sterling Holiday Financial Services Ltd
HARRMALAYA.BO,Harrisons Malayalam Ltd
WESTPAQ-B.BO,Western Paques India Ltd
FEDERALBNK.BO,Federal Bank Ltd
TATASTEEL.BO,Tata Steel Ltd
SKFINDIA.BO,SKF India Ltd
ASHOKLEY.BO,Ashok Leyland Ltd
CUMMINSIND.BO,Cummins India Ltd
TATACOMM.BO,Tata Communications Ltd
ABBOTINDIA.BO,Abbott India Ltd
BAJAJHLDNG.BO,Bajaj Holdings & Investment Ltd
BHARATFORG.BO,Bharat Forge Ltd
ESCORTS.BO,Escorts Kubota Ltd
HINDMOTORS.BO,Hindustan Motors Ltd
LT.BO,Larsen & Toubro Ltd
M&M.BO,Mahindra & Mahindra Ltd
BOSCHLTD.BO,Bosch Ltd
PREMIER.BO,Premier Ltd
BPCL.BO,Bharat Petroleum Corporation Ltd
SIEMENS.BO,Siemens Ltd
PEICO.BO,Philips India Ltd
TATAMOTORS.BO,Tata Motors Ltd
VOLTAS.BO,Voltas Ltd
GESHIP.BO,Great Eastern Shipping Company Ltd
ESSARSTEEL.BO,Essar Steel Ltd
ESSARPORTS.BO,Essar Ports Ltd
DEEPAKFERT.BO,Deepak Fertilisers & Petrochemicals Corporation Ltd
SMIPHDM.BO,Smithkline Beecham Pharmaceuticals (India) Ltd
EXCELINDUS.BO,Excel Industries Ltd
GRWRHITECH.BO,Garware Hi-Tech Films Ltd
GLAXO.BO,GlaxoSmithKline Pharmaceuticals Ltd
GNFC.BO,Gujarat Narmada Valley Fertilizers & Chemicals Ltd
NOVARTIND.BO,Novartis India Ltd
SANOFI.BO,Sanofi India Ltd
GSKCONS.BO,GlaxoSmithkline Consumer Healthcare Ltd
PARKD.BO,Parke-Davis (India) Ltd
PFIZER.BO,Pfizer Ltd
GSFC.BO,Gujarat State Fertilizers & Chemicals Ltd
HINDUNILVR.BO,Hindustan Unilever Ltd
AKZOINDIA.BO,Akzo Nobel India Ltd
FUTURAPOLY.BO,Futura Polyesters Ltd
IGLCRDM.BO,Indo Gulf Corporation Ltd
NOCIL.BO,NOCIL Ltd
RCKBEDM.BO,Reckitt Benckiser (India) Ltd
SPIC.BO,Southern Petrochemical Industrial Corporation Ltd
TATACHEM.BO,Tata Chemicals Ltd
TNPETRO.BO,Tamilnadu Petroproducts Ltd
ZUARIIND.BO,Zuari Industries Ltd
NESTLEIND.BO,Nestle India Ltd
CADBRDM.BO,Cadbury India Ltd
TATACONSUM.BO,Tata Consumer Products Ltd
ASIANPAINT.BO,Asian Paints Ltd
BRITANNIA.BO,Britannia Industries Ltd
COLPAL.BO,Colgate Palmolive (India) Ltd
EIHOTEL.BO,EIH Ltd
INDHOTEL.BO,Indian Hotels Company Ltd
CASTROLIND.BO,Castrol India Ltd
KOCHIREF.BO,Kochi Refineries Ltd
ITC.BO,ITC Ltd
APOLLOTYRE.BO,Apollo Tyres Ltd
CEATLTD.BO,Ceat Ltd
JAIPRAKASH.BO,Jaiprakash Industries Ltd
MODIRUBBER.BO,Modi Rubber Ltd
STERLITEIND.BO,Sterlite Industries (India) Ltd
FINPIPE.BO,Finolex Industries Ltd
VALUEIND.BO,Value Industries Ltd
VIDEOCONINT.BO,Videocon International Ltd
WIMCO.BO,Wimco Ltd
SBIMG90-B.BO,SBIMG90-B
MSTRSDM.BO,Mastershare
SBBJ.BO,State Bank of Bikaner and Jaipur
SUNRINV.BO,Sunrise Industrial Traders Ltd
ZGOLDINV.BO,Gold Rock Investments Ltd
ZMIPCOIN.BO,Mipco Investments Ltd
ZOCEAINV.BO,Oceanic Investments Ltd
PEOPLIN.BO,Peoples Investments Ltd
ZBHAVIIN.BO,Bhavi Investments Ltd
DSINVEST.BO,Dalal Street Investments Ltd
CENTRUM.BO,Centrum Capital Ltd
KARTKIN.BO,Kartik Investments Trust Ltd
ROSEI.BO,Rose Investments Ltd
ESSRINV.BO,Essar Investments Ltd
ZSURYODI.BO,Suryodaya Investment & Trading Company Ltd
OSCAR.BO,Oscar Investments Ltd
MAESTROM.BO,Maestros Mediline Systems Ltd
BIDL.BO,Bhagyodaya Infrastructure Development Ltd
TCIFINANCE.BO,TCI Finance Ltd
SAGARIN.BO,Sagar Investments Ltd
KRATOSENER.BO,Kratos Energy & Infrastructure Ltd
SHRERAN.BO,Shree Rani Sati Investment & Finance Ltd
ANTARIKSH.BO,Antariksh Industries Ltd
IITL.BO,Industrial Investment Trust Ltd
INDPRUD.BO,Industrial & Prudential Investment Company Ltd
TATAINVEST.BO,Tata Investment Corporation Ltd
JAYBHCR.BO,Jayabharat Credit Ltd
PRISMX.BO,Prismx Global Ventures Ltd
KILLICK.BO,Killick Nixon Ltd
KIRTIIN.BO,Kirti Investments Ltd
HNDTRAN.BO,Hindustan Transmission Prod Ltd
MOTOGENFIN.BO,Motor & General Finance Ltd
RAPIDIN.BO,Rapid Investments Ltd
ORINTIN.BO,Oriental Industrial Investment Corporation Ltd
GUJORGA.BO,Gujarat Organics Ltd
WALCHPF.BO,Walchand Peoplefirst Ltd
ZURVICHM.BO,Urvi Chemicals & Allied Industries Ltd
SHAWWALLACE.BO,Shaw Wallace & Company Ltd
ZSWASTSA.BO,Swastik Safe Deposit & Investments Ltd
WHBRADY.BO,WH Brady & Company Ltd
AKASAGC.BO,Akash Agencies Ltd
ALERPTR.BO,Alert Petrogas Ltd
TECHNVISN.BO,TechNVision Ventures Ltd
SHAILY.BO,Shaily Engineering Plastics Ltd
BBTC.BO,Bombay Burmah Trading Corporation Ltd
BOMBCYC.BO,Bombay Cycle & Motor Agency Ltd
GREAVESCOT.BO,Greaves Cotton Ltd
MAFATDY.BO,Mafatlal Dyes & Chemicals Ltd
BOSTON.BO,Boston Education & Software Tech. Ltd
MACK.BO,Mack Trading Company Ltd
MALTC.BO,Malabar Trading Company Ltd
MULLER.BO,Muller & Phipps India Ltd
SFTL.BO,Springform Technology Ltd
PARDI.BO,Parekh Distributors Ltd
UNITMOT.BO,United Motors India Ltd
SHDHOOT.BO,Shree Dhoot Trading & Agency Ltd
AMALGAM.BO,Amalgamated Electricity Company Ltd
ANANDPROJ.BO,Anand Projects Ltd
ZANDHVRT.BO,ZANDHVRT
INDIANVSH.BO,IndiaNivesh Ltd
TPSEC.BO,Torrent Power SEC Ltd
THAES.BO,Thana Electric Supply Company Ltd
BHARLIN.BO,Bharat Line Ltd
CENTPROV.BO,Central Provinces Railways Company Ltd
COASTCORP.BO,Coastal Corporation Ltd
CHOWGULSTM.BO,Chowgule Steamships Ltd
GLOBOFFS.BO,Global Offshore Services Ltd
MACKINN.BO,Mackinnon Mackenzie & Company Ltd
SCINDIA.BO,Scindia Steam Navigation Company Ltd
DHENUBUILD.BO,Dhenu Buildcon Infra Ltd
ASIIL.BO,ASI Industries Ltd
MEWARMR.BO,Mewar Marbles Ltd 
PANCHCE.BO,Panchmahal Cement Company Ltd
DHARCEM.BO,Dhar Cements Ltd
JANPRIY.BO,Janpriya Cement Ltd
SAGCEM.BO,Sagar Cements Ltd
BAGALKOT.BO,Bagalkot Udyog Ltd
HEMACEM.BO,Hemadri Cements Ltd
DECCANCE.BO,Deccan Cements Ltd
KLYNCEM.BO,Kalyanpur Cements Ltd
MANGLMCEM.BO,Mangalam Cement Ltd
NARMC.BO,Narmada Cement Company Ltd
OCL.BO,OCL India Ltd
NCLIND.BO,NCL Industries Ltd
SAURASHCEM.BO,Saurashtra Cement Ltd
SHREDIGCEM.BO,Shree Digvijay Cement Company Ltd
ZSOMESCE.BO,Someshwara Cements & Chemicals Ltd
BOMBPOT.BO,Bombay Potteries & Tiles Ltd
BORORENEW.BO,Borosil Renewables Ltd
XCLGLASS.BO,Excel Glasses Ltd
IAG.BO,IAG Company Ltd
LERTHAI.BO,Lerthai Finance Ltd
NEYCERI.BO,Neycer India Ltd
ORSIND.BO,Orissa Industries Ltd
RASSIREF.BO,Raasi Refractories Ltd
SHVALGL.BO,Shree Vallabh Glass Works Ltd
TRIVENIGQ.BO,Triveni Glass Ltd
NILACHAL.BO,Nilachal Refractories Ltd
LAXMPOPDM.BO,Lakshmi Porcelains Ltd
ANDHRAPAP.BO,Andhra Paper Ltd
JOLLNEW.BO,Jolly Board Ltd
AURANPAP.BO,Aurangabad Paper Mills Ltd
BALKRISIND.BO,Balkrishna Industries Ltd
COAPADM.BO,Coastal Papers Ltd
ELLOPAP.BO,Ellora Paper Mills Ltd
JYNTPPR-B.BO,Jayant Paper Mills Ltd
MYSPAPE.BO,Mysore Paper Mills Ltd
NATHPULP.BO,Nath Pulp & Paper Mills Ltd
ORIENTPPR.BO,Orient Paper & Industries Ltd
CITADEL.BO,Citadel Realty and Developers Ltd
ROLLT.BO,Rollatainers Ltd
SESHAPAPER.BO,Seshasayee Paper and Boards Ltd
SHRVINDPPR.BO,Shree Vindhya Paper Mills Ltd
SIRPAPER.BO,Sirpur Paper Mills Ltd
SOLIDCO.BO,Solid Containers Ltd
SPECIAPP.BO,Speciality Papers Ltd
CRYSDALE.BO,Crysdale Industries Ltd
DHAMSUGR.BO,Dhampur Sugar Kashipur Ltd
VIDHAPA.BO,Vidarbha Paper Mills Ltd
SHIVAPPR.BO,Shiva Paper Mills Ltd
SHBHAWPA.BO,Shree Bhawani Paper Mills Ltd
PAMWPAP.BO,Pamwi Tissues Ltd 
NATHIND.BO,Nath Industries Ltd
VAPIENTER.BO,Vapi Enterprise Ltd
KITPLY.BO,Kitply Industries Ltd
ARUNODAY.BO,Arunoday Mills Ltd
BANSTEX.BO,Banswara Textile Mills Ltd
BELWSPG.BO,Belwal Spinning Mills Ltd
SINTEX.BO,Sintex Industries Ltd
BLUBLND-B.BO,Blue Blends (India) Ltd
ZCUDDSPG.BO,Cuddapah Spinning Mills Ltd
DAWNMILL.BO,Dawn Mills Company Ltd
DCM.BO,DCM Ltd
DRBYTEX-B.BO,Derby Textiles Ltd
ZGAEKWAR.BO,Gaekwar Mills Ltd 
GNDHISP.BO,Gandhidham Spinning & Manufacturing Company Ltd
FORBESCO.BO,Forbes & Company Ltd
HPCOTTON.BO,HP Cotton Textile Mills Ltd
HINDSPG.BO,Hindoostan Spinning Weaving Mills Ltd
UNITEDINT.BO,United Interactive Ltd
JAMSHRI.BO,Jamshri Realty Ltd
KCTXL-B1.BO,KC Textiles Ltd
KATRSPG.BO,Katare Spinning Mills Ltd
KESORAMIND.BO,Kesoram Industries Ltd
KHATAU.BO,Khatau Makanji Spinning & Weaving Company Ltd
LDTXL.BO,LD Textile Industries Ltd
LAKSHMIMIL.BO,Lakshmi Mills Company Ltd
VTL.BO,Vardhman Textiles Ltd
MAHWRML.BO,Maheshwari Mills Ltd
MALWACOTT.BO,Malwa Cotton Spinning Mills Ltd
MATUSTX.BO,Matushree Textiles Ltd
MODERN.BO,Modern India Ltd
PENINLAND.BO,Peninsula Land Ltd
NAVSARI.BO,Navsari Cotton & Silk Mills Ltd
PASUSPG.BO,Pasupati Spinning & Weaving Mills Ltd
PHOENIXLTD.BO,The Phoenix Mills Ltd
MARATHON.BO,Marathon Nextgen Realty Ltd
RAJABAH.BO,Raja Bahadur International Ltd
RELCHEMQ.BO,Reliance Chemotex Industries Ltd
RUBYMILLS.BO,Ruby Mills Ltd
SHREERAM.BO,Shree Ram Urban infrastructure Ltd
SIMPLXREA.BO,Simplex Realty Ltd
SAMSPIN.BO,Samrat Spinners Ltd
SUPERSYN.BO,Super Syncotex India Ltd
SVDSIMI.BO,Svadeshi Mills Company Ltd
SWANENERGY.BO,Swan Energy Ltd
VICTMILL.BO,Victoria Mills Ltd
ZSVTRADI.BO,SV Trading & Agencies Ltd 
ZSVARAJT.BO,Svaraj Trading & Agencies Ltd 
KSHITIJ.BO,Kshitij Investments Ltd
ZDOLPINV.BO,Dolphin Investments Ltd
SHELLIN.BO,Shell Infotech Ltd
SALSAIN.BO,Shree Salasar Investments Ltd
DHANLEELA.BO,Dhanleela Investments & Trading Company Ltd
INDSOYA.BO,Indsoya Ltd
ZODIACVEN.BO,Zodiac Ventures Ltd
AEONIA.BO,Aeonian Investments Company Ltd
VEERENRGY.BO,Veer Energy & Infrastructure Ltd
SW1.BO,SW Investments Ltd
SHETYLSDM.BO,Shetty Leasing India Ltd
TILAK.BO,Tilak Ventures Ltd
NEWCCRD.BO,New City Credit & Investment Ltd
ZMANOWIN.BO,Manoway Investments Ltd
KKFIN.BO,K K Fincorp Ltd
UNIJOLL.BO,Unijolly Investments Company Ltd
CMMQ.BO,CMM Broadcasting Network Ltd
WAGEND.BO,Wagend Infra Venture Ltd
ZLIGHTHS.BO,Light House Investment Ltd
GLMINEF.BO,Goldmine Fintrade Ltd
ELCIDIN.BO,EL CID Investments Ltd
ZRAIINVE.BO,Rai Investments Ltd
MEDIAONE.BO,Mediaone Global Entertainment Ltd
HEALINV.BO,Healthy Investments Ltd
SAHARA.BO,Sahara One Media & Entertainment Ltd
SOLITIN.BO,Solitaire Investments Company Ltd
COBALIN.BO,Cobal Investments Company Ltd
SHRENTI.BO,Shreenath Investment Company Ltd
GEODESIC.BO,Geodesic Ltd
ZHARYCONDM.BO,ZHARYCONDM
BANSWRAS.BO,Banswara Syntex Ltd
ZAMBISLK.BO,Ambika Silk Mills Company Ltd 
BOMSILKDM.BO,Bombay Silk Mills Ltd
GSLINDL.BO,GSL India Ltd
GRWRENY.BO,Garware Nylons Ltd
APR.BO,APR Ltd
MODWOOL.BO,Modella Woollens Ltd
MODIPON.BO,Modipon Ltd
NRC.BO,NRC Ltd
SHRUSYN.BO,Shruti Synthetics Ltd
DIGJAM.BO,Digjam Ltd
SHREESYN.BO,Shree Synthetics Ltd
SHRIDINE.BO,Shri Dinesh Mills Ltd
SRF.BO,SRF Ltd
SIYSIL.BO,Siyaram Silk Mills Ltd
SWADPOL.BO,Swadeshi Polytex Ltd
BIRLATR.BO,Birla Transasia Carpets Ltd
KAREEMS.BO,Kareems Silk International Ltd 
FOMEHOT.BO,Fomento Resorts & Hotels Ltd
SHRAJSYNQ.BO,Shree Rajasthan Syntex Ltd
HAMSTAL.BO,HAMCO Steels & Alloys Ltd
JAINSPN.BO,Jain Spinners Ltd
SUPERSP.BO,Siddhartha Super Spinning Mills Ltd
JAIPURPO.BO,Jaipur Polyspin Ltd
SHRMFGC.BO,Shree Manufacturing Company Ltd
PRIYADSP.BO,Priyadarshini Spinning Mills Ltd
TRPATFB.BO,Tirupati Fibres & Industries Ltd
ORNTSYN.BO,Orient Syntex Ltd
HINDSYNTEX.BO,Hind Syntex Ltd
ZSATYASL.BO,Satyam Silk Mills Ltd
ARIHANTIND.BO,Arihant Industries Ltd
OXEM BAP.BO,Oxemberg Apparels Ltd
ASIANELEC.BO,Asian Electronics Ltd
BAROELE.BO,Baroda Electric Meters Ltd
BBL.BO,Bharat Bijlee Ltd
CTRMFG.BO,CTR Manufacturing Industries Ltd
DEVINDL.BO,Devidayal Industries Ltd
ZDIGIELE.BO,Digital Electronics Ltd
EDDYCUR.BO,Eddy Current Controls India Ltd
ELPROINTL.BO,Elpro International Ltd
EMCO.BO,Emco Ltd
GEE.BO,GEE Ltd
GLOBACT.BO,Globe Active Technologies Ltd
HIRECT.BO,Hind Rectifiers Ltd
NIPPOBATRY.BO,Indo National Ltd
INDSCBL.BO,Industrial Cables India Ltd
ZENSARTECH.BO,Zensar Technologies Ltd
JEMINDU.BO,JEM Industries Ltd
JYOTI.BO,Jyoti Ltd
JSLINDL.BO,JSL Industries Ltd
KAYCEEI.BO,Kaycee Industries Ltd
KHNDHER.BO,Khandelwal Herman Electronics Ltd
INDOKEM.BO,Indokem Ltd
PANAENERG.BO,Panasonic Energy India Company Ltd
MLTRNSM.BO,Meltron Semiconductors Ltd
NELCO.BO,Nelco Ltd
OTISEDM.BO,OTIS Elevator Company (India) Ltd
PERMAGN.BO,Permanent Magnets Ltd
HIGHENE.BO,High Energy Batteries India Ltd
STDBAT.BO,Standard Batteries Ltd
SYLVAEL.BO,Sylvania & Laxman Ltd
TRANELE.BO,Transformers & Electricals kerala Ltd
UNIVCABLES.BO,Universal Cables Ltd
WSI.BO,W. S. Industries (India) Ltd
WILLARD.BO,Willard India Ltd
DLTNCBL.BO,Delton Cables Ltd
GENELEC.BO,Genelec Ltd
ELCTRA.BO,Electra (India) Ltd
FCIOEN.BO,FCI OEN Connectors Ltd
SAHAKEI.BO,Saha Keil Ltd
DELTRON.BO,Deltron Ltd
LAKSELEC.BO,Lakshmi Electrical Control Systems Ltd
KHAITANELE.BO,Khaitan Electricals Ltd
MODULEX.BO,Modulex Construction Technologies Ltd
WESTELE.BO,Weston Electroniks Ltd
PUALIDM.BO,Punjab Anand Lamp Industries Ltd
DELTAMAGNT.BO,Delta Manufacturing Ltd
POLARIND.BO,Polar Industries Ltd
TATAINFOTE.BO,Tata Infotech Ltd
KARWELD.BO,Karnataka Welding Products Ltd
PAZEL.BO,Pazel International Ltd
INTRA.BO,Ind Tra Deco Ltd
ZBALSHYG.BO,Balsara Hygiene Products Ltd
LONGSPUR.BO,Longspur International Ventures Ltd
RELTD.BO,Ravindra Energy Ltd
KANUMUN.BO,Kanumanek Trading Company Ltd
SAMLEPU.BO,Sam Leaseco Ltd
RRP.BO,RRP Semiconductor Ltd
EMPOWER.BO,Empower India Ltd
ZTITANTR.BO,Titan Trading & Agencies Ltd
ZMULTIPU.BO,Multipurpose Trading & Agencies Ltd
TURBO.BO,Turbotech Engineering Ltd
REMISIN.BO,Remi Sales & Engineering Ltd
ZSIYARPO.BO,Siyaram Poddar Finance & Trading Ltd
RIDHISYN.BO,Ridhi Synthetics Ltd
CHAMPFIN.BO,Champion Finsec Ltd
GRANDMA.BO,Grandma Trading & Agencies Ltd 
ZARDIINV.BO,Ardi Investments & Trading Company Ltd
ZOPALTRD.BO,Opal Trading Ltd
SOFTBPO.BO,Softbpo Global Services Ltd
ATETRMGDM.BO,ATE Trading & Manufacturing Company Ltd 
NYSSACORP.BO,Nyssa Corporation Ltd
FLOMIC.BO,Flomic Global Logistics Ltd
SMPLXTR.BO,Simplex Trading & Agencies Ltd
ELFTRDG.BO,ELF Trading & Chemicals Manufacturing Ltd
ZBALGHOL.BO,Balgopal Holding & Traders Ltd
AVTIL.BO,AVTIL Enterprise Ltd
KRISHNA.BO,Krishna Ventures Ltd
UPTOWTR.BO,Up Town Trading & Investments Ltd
GANHOLD.BO,Ganesh Holdings Ltd
SJCORP.BO,SJ Corporation Ltd
MALCO.BO,Madras Aluminium Company Ltd
HARSTEEL.BO,Haryana Steel & Alloys Ltd
UNIABEXAL.BO,Uni Abex Alloy Products Ltd
SARDAEN.BO,Sarda Energy & Minerals Ltd
SOMANI.BO,Somani Iron & Steels Ltd
BIHRFOC.BO,Bihar Foundry & Castings Ltd
ANILSPL.BO,Anil Special Steel Industries Ltd
BWLLTD.BO,BWL Ltd
BGWTATO.BO,Bhagwati Autocast Ltd
BOMBWIR.BO,Bombay Wire Ropes Ltd
CANRSTL.BO,Canara Steel Ltd
CHASBRT.BO,Chase Bright Steel Ltd
UNIVPRIM.BO,Universal Prime Aluminium Ltd
GALADA.BO,Galada Power & Telecommunication Ltd
GONTER.BO,Gontermann Peipers India Ltd
GKW.BO,GKW Ltd
GRHMFRT-B.BO,Graham Firth Steel Products India Ltd
GUJSTUB.BO,Gujarat Steel Tubes Ltd
HINDWRS.BO,Hindustan Wires Ltd
HWIREMT.BO,Hind Wire Industries Ltd
STRIPMT.BO,Steel Strips Ltd
AZADIND.BO,Azad India Mobility Ltd
INFORDR.BO,India Forge & Drop Stampings Ltd
INDIANHUME.BO,Indian Hume Pipe Company Ltd
ZDERCOIL.BO,Derco Cooling Coils Ltd
INLCM.BO,Indian Link Chain Manufacturers Ltd
INDMETA-B.BO,Indian Metals & Ferro Alloys Ltd
INSMT.BO,INSMT
INDWIRE-B.BO,Indore Wire Company Ltd
INVPRECQ.BO,Investment & Precision Castings Ltd
SUMMITSEC.BO,Summit Securities Ltd
INFORTEC.BO,Informed Technologies India Ltd
MAHINDUGIN.BO,Mahindra Ugine Steel Company Ltd
MAHELEK.BO,Maharashtra Elektrosmelt Ltd
KAIRA.BO,Kaira Can Company Ltd
MHECKMT.BO,Mohatta & Heckel Ltd
ZMUSSSTL.BO,Muzaffarnagar Steels Ltd
PRATRAJ.BO,PRS Steels Ltd
ORISSASP.BO,Orissa Sponge Iron & Steel Ltd
ORIENTCER.BO,Orient Ceratech Ltd
NATIONSTD.BO,National Standard (India) Ltd
NAHARINT.BO,Nahar International Ltd
RATHIAL.BO,Rathi Alloys & Steel Ltd
RATHISPA.BO,Rathi Ispat Ltd
RATHIST.BO,Rathi Steel & Power Ltd
DUNCANENG.BO,Duncan Engineering Ltd
SANDUMA.BO,Sandur Manganese & Iron Ores Ltd
JHAGCOP.BO,Jhagadia Copper Ltd
ZSMAHISP.BO,Shree Mahavir Ispat Ltd
STELCOM.BO,Steel Complex Ltd
STOVACQ.BO,Stovec Industries Ltd
STEWARTQ.BO,Stewarts & Lloyds of India Ltd
TATAYODOGA.BO,Tayo Rolls Ltd
TINPLATE.BO,Tinplate Company of India Ltd
CHOLAHLDNG.BO,Cholamandalam Financial Holdings Ltd
ZWELCAST.BO,Welcast Steels Ltd
VIDIRMT.BO,Vidarbha Iron & Steel Corporation Ltd
BHRKSTSER.BO,Bhoruka Steel & Services Ltd
WMINIMT.BO,Western Ministil Ltd
AUTOAXLES.BO,Automotive Axles Ltd
ATLASCYCLE.BO,Atlas Cycles (Haryana) Ltd
AUTOPRD.BO,Automobile Products of India Ltd
ACGL.BO,Automobile Corporation of Goa Ltd
CLUTCHAUTO.BO,Clutch Auto Ltd
SETCO.BO,Setco Automotive Ltd
INRADIA.BO,India Radiators Ltd
SCOOTER.BO,Scooters India Ltd
SANENG.BO,SAN Engineering & Locomotive Company Ltd
TALBROAUTO.BO,Talbros Automotive Components Ltd
ZFSTEERING.BO,ZF Steering Gear India Ltd
BOSCHCHAS.BO,Bosch Chassis Systems India Ltd
KINETIC.BO,Kinetic Motor Company Ltd
SMLISUZU.BO,SML Isuzu Ltd
TIL.BO,TIL Ltd
EICHERMOT.BO,Eicher Motors Ltd
JAINEX.BO,Jainex Aamcol Ltd
ALFREDHE.BO,Alfred Herbert India Ltd
CIMMCO.BO,Cimmco Ltd
VELJAN.BO,Veljan Denison Ltd
DYNAMATECH.BO,Dynamatic Technologies Ltd
GGDPROP.BO,G. G. Dandekar Properties Ltd
TATCP.BO,Tata Construction & Projects Ltd
GMMPFAUDLR.BO,GMM Pfaudler Ltd
INDABRT.BO,Indabrator Ltd
WEBELSE.BO,Webel Sen Capacitors Ltd 
JOHNFWL-B.BO,John Fowler (India) Ltd
KIRLPNU.BO,Kirloskar Pneumatic Company Ltd
TULIVE.BO,Tulive Developers Ltd
KPT.BO,KPT Industries Ltd
KUNLENG.BO,Kunal Engineering Company Ltd
LAKSHMIEW.BO,Lakshmi Engineering And Warehousing Ltd
LYNMC.BO,Lynx Machinery & Commercials Ltd
MANUGRAPH.BO,Manugraph India Ltd
ZLOYAENG.BO,Loyal Engineering Ltd
HARSHILAGR.BO,Harshil Agrotech Ltd
MONOT.BO,Monotype India Ltd 
NESCO.BO,NESCO Ltd
INTEGRAEN.BO,Integra Engineering India Ltd
BOSCHDM.BO,Bosch Rexroth India Ltd
SEMAC.BO,Semac Consultants Ltd
SIMTOOL.BO,Simtools Ltd
STANENG.BO,Stanford Engineering Ltd
SLMMNKL.BO,SLMMNKL
TECHELE.BO,Techno Electric and Engineering Company Ltd
TEXINFRA.BO,Texmaco Infrastructure & Holdings Ltd
WENDT.BO,Wendt (India) Ltd
STARMCH.BO,Star Machinery Manufacturing Ltd
BIRLMCTOL.BO,Birla Machining & Toolings Ltd
PSITINFRA.BO,PS IT Infrastructure & Services Ltd
GHVINFRA.BO,GHV Infra Projects Ltd
AXONVL.BO,Axon Ventures Ltd
RESPONIND.BO,Responsive Industries Ltd
ZSAMTULI.BO,Sam Tul Investments Ltd 
SHRSHATEX.BO,Shree Shaleen Textiles Ltd
SHYMINV.BO,Shyamkamal Investments Ltd 
ZARIHPET.BO,Arihant Petrochemicals Ltd
ZHEMHOLD.BO,Hem Holdings & Trading Ltd
MAHACORP.BO,Maharashtra Corporation Ltd
ZPARICIN.BO,Parichay Investments Ltd
DOLATALGO.BO,Dolat Algotech Ltd
SHYAMHO.BO,Shyamal Holdings & Trading Ltd
PRISMINFO.BO,Prism Informatics Ltd
WESTLIFE.BO,Westlife Foodworld Ltd
ZVVNMFG.BO,VVN Manufacturing & Investa Ltd
ZEEL.BO,Zee Entertainment Enterprises Ltd
IMCFINA.BO,IMC Finance Ltd
SUNFI.BO,Sunflex Finance & Investments Ltd
BALAHDG.BO,Balaji Bonds & Holdings Ltd
ZAQULNDI.BO,Aqualand India Ltd
GOLDCORP.BO,Goldcrest Corporation Ltd
WWTECHHOL.BO,WW Technology Holdings Ltd
ZKOVALIN.BO,Kovalam Investment & Trading Company Ltd 
SVPGLOB.BO,SVP Global Textiles Ltd
SHKRISHNAB.BO,Shreekrishna Biotech Ltd
MULTIIN.BO,Multiplus Holdings Ltd
SKYLMILAR.BO,Skyline Millars Ltd
REMIPRO.BO,Remi Process Plant & Machinery Ltd
ABCBEARS.BO,ABC Bearings Ltd
ASIANBRG.BO,Asian Bearing Ltd
CPECLTD.BO,CPEC Ltd
BIMETAL.BO,Bimetal Bearings Ltd
CHIPIDM.BO,Chicago Pneumatic India Ltd
TAPARIA.BO,Taparia Tools Ltd
BHARATGEAR.BO,Bharat Gears Ltd
BRADYM.BO,Brady & Morris Engineering Company Ltd
LATIMMETAL.BO,La Tim Metal & Industries Ltd
ELECON.BO,Elecon Engineering Company Ltd
DECANBRG.BO,Deccan Bearings Ltd
GRAUWEIL.BO,Grauer & Weil India Ltd
GAJRA.BO,Gajra Bevel Gears Ltd
HIMTEK.BO,Him Teknoforge Ltd
GABRIEL.BO,Gabriel India Ltd
HERCULES.BO,Hercules Hoists Ltd
AQFINTECH.BO,Algoquant Fintech Ltd
IFBIND.BO,IFB Industries Ltd
SINGER.BO,Singer India Ltd
INTLCOMBQ.BO,International Combustion India Ltd
FMGOETZE.BO,Federal-Mogul Goetze (India) Ltd
JOSTS.BO,Josts Engineering Company Ltd
OTOKLIN.BO,Otoklin Plants & Equipments Ltd
PERCI.BO,Perfect Circle India Ltd
SCHAEFFLER.BO,Schaeffler India Ltd
MPCOSEMB.BO,Mipco Seamless Rings Gujarat Ltd
RANEHOLDIN.BO,Rane Holdings Ltd
ROLCOEN.BO,Rolcon Engineering Company Ltd
REILELEC.BO,REIL Electricals India Ltd
SECALS.BO,Secals Ltd
SNL.BO,SNL Bearings Ltd
SHBEREN.BO,Shriram Bearings Ltd
JAIPAN.BO,Jaipan Industries Ltd
APSSTAR-B.BO,APS Star Industries Ltd
MANCREDIT.BO,Mangal Credit and Fincorp Ltd
TRF.BO,TRF Ltd
WPIL.BO,WPIL Ltd
ALFALAVAL.BO,Alfa Laval (India) Ltd
KENNAMET.BO,Kennametal India Ltd
HINDHARD.BO,Hindustan Hardy Ltd
EXEDYIND.BO,Exedy India Ltd
VISHMEL.BO,Vishal Malleables Ltd
CENTTUBDM.BO,Century Tubes Ltd
TRITONV.BO,Triton Valves Ltd
HINDUJAFO.BO,Hinduja Foundries Ltd
AJNTTUB.BO,Ajanta Tubes Ltd
SUDAI.BO,Sudal Industries Ltd
JRIIIL.BO,JRI Industries & Infrastructure Ltd
PRAKASH.BO,Prakash Industries Ltd
HVL.BO,Hariyana Ventures Ltd
BHRKALM.BO,Bhoruka Aluminium Ltd
MAISF.BO,Mahesh Agri Impl & Ste For Ltd
ZPRBHSTE.BO,Prabhu Steel Industries Ltd
ARIHAST.BO,Arihant Steel & Alloys Ltd
STEELTUBES.BO,Steel Tubes of India Ltd
ARSHIYA.BO,Arshiya Ltd
GRINDWELL.BO,Grindwell Norton Ltd
LAKPRE.BO,Lakshmi Precision Screws Ltd
ANUPMAL.BO,Anup Malleable Ltd
BCLFRG***.BO,BCL Forgings Ltd
CASTRON.BO,Castron Technologies Ltd 
QPRO.BO,Qpro Infotech Ltd
VICTENT.BO,Victoria Enterprises Ltd
STANROS.BO,Stanrose Mafatlal Investments & Finance Ltd
PRECTRA.BO,Precious Trading & Investments Ltd
GENESYS.BO,Genesys International Corporation Ltd
ZJALAVEG.BO,Jalaveg Investment & Trading Company Ltd
LIFELINE.BO,Lifeline Drugs & Pharma Ltd
VIVEKCO.BO,Vivek Commercial Ltd
ALNATRD.BO,Alna Trading & Exports Ltd
VOLKAI.BO,Kairosoft AI Solutions Ltd
NIDHIPL.BO,Nidhi Polyester Ltd
PARNAXLAB.BO,Parnax Lab Ltd
NGRJFIN-B.BO,Nagarjuna Finance Ltd
INDIACO.BO,Indiaco Ventures Ltd
GOURMET.BO,Gourmet Gateway India Ltd
HIRAMFN.BO,Hiramoti Finance Ltd 
VYAPAR.BO,Vyapar Industries Ltd
VIVIDHA.BO,Visagar Polytex Ltd
SARAFSO.BO,Saraf Sons Traders Ltd
GATEHLD.BO,Gateway Holdings & Trades Ltd
ETCNETWORK.BO,Etc Networks Ltd
ASISL.BO,Asis Logistics Ltd
ISHWATR.BO,Ishwarshakti Holdings & Traders Ltd
TERRAFORM.BO,Terraform Magnum Ltd
BRINDHL.BO,Brindaban Holdings & Trading Ltd
APIS.BO,Apis India Ltd
NASHINV.BO,Nashville Investment & Trading Company Ltd
HIRAN.BO,Hiran Orgochem Ltd
ZSAMPACH.BO,Sampada Chemicals Ltd
ZJTYUTXL.BO,Jatayu Textiles & Industries Ltd
SUSMITR.BO,Susmit Trading Ltd
VELOX.BO,Velox Shipping and Logistics Ltd
EMERGENT.BO,Emergent Industrial Solutions Ltd
KANANIIND.BO,Kanani Industries Ltd
GCKL.BO,Galaxy Cloud Kitchens Ltd
ZSARVAMA.BO,Sarvamangal Mercantile Company Ltd 
ZSUSHRTR.BO,Sushree Trading Ltd
ARIHANTSUP.BO,Arihant Superstructures Ltd
VIKSHEN.BO,Viksit Engineering Ltd
BLISSGVS.BO,Bliss GVS Pharma Ltd
MRTENTI.BO,Mertinez Entex Industries Ltd
STYRENIX.BO,Styrenix Performance Materials Ltd
ADARCHM.BO,Adarsh Chemicals & Fertilizers Ltd
RHODIA.BO,Rhodia Specialty Chemicals India Ltd
ALEMBICLTD.BO,Alembic Ltd
AMRDYCMDM.BO,Amar Dye-chem Ltd
AMNPLST.BO,Amines & Plasticizers Ltd
ANUHPHR.BO,Anuh Pharma Ltd
MODISONLTD.BO,Modison Ltd
ARLABS.BO,Arlabs Ltd
ASSAPET.BO,Assam Petrochemicals Ltd
BARIUMC.BO,Barium Chemicals Ltd 
BAYERCROP.BO,Bayer CropScience Ltd
SASHWAT.BO,Sashwat Technocrats Ltd
BORAX.BO,Borax Morarji Ltd
CELUPRO.BO,Cellulose Products of India Ltd
CHMEQUP.BO,Chemiequip Ltd
CHEMPLAST.BO,Chemplast Sanmar Ltd
CHEMOPH.BO,Chemo Pharma Laboratories Ltd
CITRIND.BO,Citric India Ltd
CITURGIA.BO,Citurgia Biochemicals Ltd
HEUBACHIND.BO,Heubach Colorants India Ltd
COROMANDEL.BO,Coromandel International Ltd
DEEPAKNTR.BO,Deepak Nitrite Ltd
DMCC.BO,DMCC Speciality Chemicals Ltd
FERMENTA.BO,Fermenta Biotech Ltd
FICOMOR.BO,Ficom Organics Ltd
ZGATEWCH.BO,Gateway Chemists Ltd
GUJCARB.BO,Gujarat Carbon & Industries Ltd
SIGROUP.BO,SI Group India Ltd
HICOPRO.BO,Hico Products Ltd
GOCLCORP.BO,GOCL Corporation Ltd
IDI.BO,IDI Ltd
INDELTC.BO,Indian Electro Chemicals Ltd
JKINVESTR.BO,JK Investo Trade India Ltd
JYNTVTM.BO,Jayant Vitamins Ltd
JAYCH.BO,Jayshree Chemicals Ltd
JLMORI.BO,JL Morison India Ltd
KANORICHEM.BO,Kanoria Chemicals & Industries Ltd
KELENRG.BO,KELTECH Energies Ltd
KEMP.BO,Kemp & Company Ltd
NITTAGELA.BO,Nitta Gelatin India Ltd
ZKEYTUCH.BO,Keytuo Chemicals Ltd
KUTCSAL.BO,Kutch Salt & Allied Industries Ltd
MPAGI.BO,MP Agro Industries Ltd
SIEHEALTH.BO,Siemens Healthcare Diagnostics Ltd
OCCL.BO,Oriental Carbon & Chemicals Ltd
PBGLOBAL.BO,PB Global Ltd
PCBL.BO,PCBL Chemical Ltd
AMAL.BO,Amal Ltd
POLYCHEM.BO,Polychem Ltd
RAJPCHM.BO,Raj Prakash Chemicals Ltd
SUNASIAN.BO,Sunrise Asian Ltd
PUNJABCHEM.BO,Punjab Chemicals & Crop Protection Ltd
GUJCMDS.BO,Gujchem Distillers India Ltd
SADHNANIQ.BO,Sadhana Nitro Chem Ltd
SEARSOLDM.BO,Searsole Chemicals Ltd
ZSOMAIYO.BO,Somaiya Organics India Ltd 
SUDARSCHEM.BO,Sudarshan Chemical Industries Ltd
SYNTHCHEM.BO,Synthetics & Chemicals Ltd
TECILCHEM.BO,Tecil Chemicals & Hydro Power Ltd
ULTRAMAR.BO,Ultramarine & Pigments Ltd
TRANSPEK.BO,Transpek Industry Ltd
UNICHEMLAB.BO,Unichem Laboratories Ltd
CABINDM.BO,Cabot India Ltd
SWASURF.BO,Swastik Surfactants Ltd
ZANDUREALT.BO,Zandu Realty Ltd
MYSORPETRO.BO,Mysore Petro Chemicals Ltd
HINDLEVCHM.BO,Hind Lever Chemicals Ltd
RHONPDM.BO,Rhone-Poulenc (India) Ltd
PAUSHAK.BO,Paushak Ltd
ALKYLAMINE.BO,Alkyl Amines Chemicals Ltd
FULFORD.BO,Fulford India Ltd
TUTIALKA.BO,Tuticorin Alkali Chemicals And Fertilizers Ltd
DIVYCHM.BO,Divya Chemicals Ltd
PHARMACIAH.BO,Pharmacia Healthcare Ltd
ASTRAZEN.BO,AstraZeneca Pharma India Ltd
AIPCL.BO,Aikyam Intellectual Property Consultancy Ltd
UDAYPCH.BO,UDAYPCH
PUNNFERDM.BO,Punjab National Fertilizers & Chemicals Ltd
PRIMO.BO,Primo Chemicals Ltd
TANFACIND.BO,TANFAC Industries Ltd
GUJPETR.BO,Gujarat Petrosynthese Ltd
SWADEIN.BO,Swadeshi Industries & Leasing Ltd
MASCH.BO,Master Chemicals Ltd
MAHAXPO.BO,Maharashtra Explosives Ltd
MAHEXCH.BO,MAHEXCH
SHREEJAL.BO,Shreejal Info Hubs Ltd
GUJTHEM.BO,Gujarat Themis Biosyn Ltd
PIRHL.BO,PIRHL
CHEMFALKAL.BO,Chemfab Alkalis Ltd
MERIN.BO,MERIN
VARACDM.BO,Varinder Agro Chemicals Ltd
SHACIDS.BO,Shree Acids & Chemicals Ltd
SCBL.BO,Saptak Chem And Business Ltd
JAYSYN.BO,Jaysynth Dyestuff India Ltd
MAKERSL.BO,Makers Laboratories Ltd
ZGUJBNIL.BO,Gujarat Binil Chemicals Ltd
CONTCHM.BO,Continental Chemicals Ltd
KAPPH.BO,Kappac Pharma Ltd
HARPCDM.BO,Haryana Petrochemicals Ltd
JBCHEPHARM.BO,JB Chemicals & Pharmaceuticals Ltd
IGLFXPL-B.BO,Indo Gulf Industries Ltd
ADVPETR-B.BO,Advance Petrochemicals Ltd
NIRUPSYDM.BO,Nirup Synchrome Ltd
INDGPRO.BO,Indag Products Ltd
MOTOROLSP.BO,Motorol Speciality Oils Ltd
ZRATHIND.BO,Rathi India Ltd
AGROCHM.BO,Agro Chem Punjab Ltd
BBREALTY.BO,B&B Realty Ltd
RAJSPTR.BO,Rajasthan Petro Synthetics Ltd
APTPACK.BO,Apt Packaging Ltd
BLUECHIPT.BO,Bluechip Tex Industries Ltd
TWILITAKA.BO,Twilight Litaka Pharma Ltd
GWPLPIP.BO,Gwalior Polypipes Ltd
RGNTCHM.BO,Regent Chemicals Ltd
NOBLEXP.BO,Noble Explochem Ltd
HINDACH.BO,Hindustan Agro Chemicals Ltd
SHRISHM.BO,Shrishma Fine Chemicals & Pharmaceuticals Karnataka Ltd
BELAIND.BO,Belapur Industries Ltd
BSILTD.BO,BSI Ltd
GWALSUG.BO,Gwalior Sugar Company Ltd
HARBRDM.BO,Haryana Breweries Ltd
ZHINDBRE.BO,Hindustan Breweries & Bottling Ltd
INDSUGA.BO,India Sugars & Refineries Ltd
JAGAJITIND.BO,Jagatjit Industries Ltd
KESARENT.BO,Kesar Enterprises Ltd
KOTHARIS.BO,Kothari Sugars & Chemicals Ltd
TI.BO,Tilaknagar Industries Ltd
OUDHSUG.BO,Oudh Sugar Mills Ltd
EMERALL.BO,Emerald Leisures Ltd
ARLMBRWDM.BO,Arlem Breweries Ltd
RAVALSUGAR.BO,The Ravalgaon Sugar Farm Ltd
SAKHTISUG.BO,Sakthi Sugars Ltd
SICBRDM.BO,Sica Breweries Ltd
SKOLBDM.BO,Skol Breweries Ltd
VISHNSG.BO,Vishnu Sugar Mills Ltd
WALCHANNAG.BO,Walchandnagar Industries Ltd
PONNI.BO,Ponni Sugars Orissa Ltd
CHAMPGN.BO,CHAMPGN
KHODAY.BO,Khoday India Ltd
IFBAGRO.BO,IFB Agro Industries Ltd
DHARSUGAR.BO,Dharani Sugars & Chemicals Ltd
SIMBHSUGAR.BO,Simbhaoli Sugars Ltd
MACAGRO.BO,MACAGRO
THIRUSUGAR.BO,Thiru Arooran Sugars Ltd
RAJBREW.BO,Rajasthan Breweries Ltd
UBHOLDINGS.BO,United Breweries (Holdings) Ltd
WCOSTSG.BO,West Coast Breweries & Distilleries Ltd
SHVANI.BO,Shree Vaani Sugars & Industries Ltd
VENUSUG.BO,Venus Sugar Ltd
KFBL.BO,Kothari Fermentation & Biochem Ltd
BLOSIND.BO,Blossom Industries Ltd
ISHMS.BO,Ishwar Medical Services Ltd
DUJOHN.BO,Dujohn Laboratories Ltd
SRCHRDM.BO,Sri Chakra Remedies Ltd
CAPRO.BO,Caprolactam Chemicals Ltd
GMBREW.BO,GM Breweries Ltd
RANASUG.BO,Rana Sugars Ltd
CHABRDM.BO,Charminar Breweries Ltd
PICCASUG.BO,Piccadily Sugar & Allied Industries Ltd
GIRDSGA.BO,Girdharilal Sugar & Allied Industries Ltd
RIGASUG.BO,Riga Sugar Company Ltd
SDBL.BO,Som Distilleries & Breweries Ltd
CJGEL.BO,CJ Gelatine Products Ltd
SULINDI.BO,SUL India Ltd
SUPDF.BO,Superstar Distilleries & Foods Ltd
RAINBRE.BO,Rainbow Breweries Ltd
MOUNTSHIQ.BO,Mount Shivalik Industries Ltd
AMRITCORP.BO,Amrit Corp Ltd
ASALCBR.BO,Associated Alcohols & Breweries Ltd
KUNDANMM.BO,Kundan Minerals And Metals Ltd
THAKKERS.BO,Thakkers Group Ltd
INBEFDM.BO,International Bestfoods Ltd
CORAGRO.BO,Coromandel Agro Products & Oils Ltd
FOODSIN.BO,Foods & Inns Ltd
IVP.BO,IVP Ltd
KLRFM.BO,Kovilpatti Lakshmi Roller Flour Mills Ltd
ZLAXMSTADM.BO,Laxmi Starch Ltd
OLYOI.BO,Olympic Oil Industries Ltd
MLKFOOD.BO,Milkfood Ltd
POLSON.BO,Polson Ltd
RASOI.BO,Rasoi Ltd
ZSATHEBI.BO,Sathe Biscuit & Chocolate Company Ltd
RATNAMAGRO.BO,Ratnamani Agro Industries Ltd
SAGRSOY-B.BO,Sagar Soya Products Ltd
TRISTR.BO,Tri-star Soya Products Ltd
MHSHPRT.BO,Maheshwari Proteins Ltd
WIPRO.BO,Wipro Ltd
ORIBEVER.BO,Orient Beverages Ltd
PRESHMP-B.BO,Prestige HM Polycontainers Ltd
PHARLAB-B.BO,Phar East Laboratories Ltd
GILTPKG.BO,Gilt Pack Ltd
EBEPH.BO,Ebers Pharmaceuticals Ltd
DHANUKA.BO,Dhanuka Agritech Ltd
DEEPPHR-B.BO,Dee Pharma Ltd
SHVFERT.BO,S F L Industries Ltd
SANDRSN.BO,Sanderson Industries Ltd
GODAVRFERT.BO,Godavari Fertilisers & Chemicals Ltd
DRSABHP.BO,Dr Sabharwals Manufacturing Labs Ltd
HARSCHM.BO,Harshvardhan Chemicals & Minerals Ltd
TTKHLTCARE.BO,TTK Healthcare Ltd
MJPHADM.BO,MJ Pharmaceuticals Ltd
TGVSL.BO,TGV Sraac Ltd
CEPHORG.BO,Cepham Organics Ltd
LIMECHM.BO,Lime Chemicals Ltd
TEEM.BO,Teem Laboratories Ltd
GUJPLYW.BO,Gujarat Polywear Ltd
SILTP.BO,Siltap Chemicals Ltd
KANPRPLA.BO,Kanpur Plastipack Ltd
TAINWALCHM.BO,Tainwala Chemicals and Plastics (India) Ltd
JAGSNPHARM.BO,Jagsonpal Pharmaceuticals Ltd
GUJPRDM.BO,Gujarat Propack Ltd
KHAICHEM.BO,Khaitan Chemicals & Fertilizers Ltd
JHAVFLEXO.BO,Jhaveri Flexo India Ltd
UNTTEMI.BO,United Leasing & Industries Ltd
NOL.BO,National Oxygen Ltd
GILLETTE.BO,Gillette India Ltd
WIREFABR.BO,Wires & Fabriks SA Ltd
VOLEX.BO,Volex Finance & Industries Ltd
TURNKEYDM.BO,Turnkey International Ltd
ANSALHSG.BO,Ansal Housing Ltd
PREMRIN.BO,Premier Industries India Ltd
COMPUPN.BO,Computer Point Ltd
MCCHRLS-B.BO,Mac Charles India Ltd
KOTRIFNDM.BO,Kothari Orient Finance Ltd
ADDIND.BO,Addi Industries Ltd
PIONRINV.BO,Pioneer Investcorp Ltd
GUJOILD.BO,Gujarat Oil & Industries Ltd
VIJAYCO.BO,Vijaya Commercial Credit Ltd
LLOYDFIN.BO,Lloyds Finance Ltd
ASHNOOR.BO,Ashnoor Textile Mills Ltd
MALABARB.BO,Malabar Building Products Ltd
UNITECH.BO,Unitech Ltd
VIPIND.BO,VIP Industries Ltd
NUMEM.BO,Numech Emballage Ltd
DHRUVES.BO,Dhruv Estates Ltd
WINSOMEDJ.BO,Winsome Diamonds and Jewellery Ltd
SCHABLON.BO,Schablona India Ltd
DYNASFN.BO,Dynasty Financial Corporation Ltd
JAIYATA.BO,Jai Yatayat Ltd
HOYSBLO.BO,Hoysala Blow Moulders (India) Ltd
FIBERWEB.BO,Fiberweb India Ltd
LKPFIN.BO,LKP Finance Ltd
SAMRTHS.BO,Samrat Housing & Leasing Ltd
EASTBUILD.BO,East Buildtech Ltd
ARUMUGA.BO,Sri Arumuga Enterprise Ltd
ZGOLDHOL.BO,Sri Chakra Financial Services Ltd
BLCHPLE.BO,Blue Chip Leasing & finance Ltd
JAYBFAB.BO,Jaybharat Fabrics Mills Ltd
WRLDLNK.BO,Worldlink Finance Ltd
KUDRINV.BO,Kudrat Investment & Leasing (India) Ltd
ALEXCON.BO,Alexcon Foamcast Ltd
INOVTV.BO,Innovative Print Forms Ltd
MNPLFIN.BO,Manipal Finance Corporation Ltd
HIGHL.BO,Highland Industries Ltd
JOGENG.BO,Jog Engineering Ltd
BAJAJST.BO,Bajaj Steel Industries Ltd
KIDUJA.BO,Kiduja India Ltd
KEYCORP.BO,Key Corporation Ltd
SHIKHARLETR.BO,Shikhar Leasing & Trading Ltd
VITAMZD.BO,Vitta Mazda Ltd
CONCON.BO,Continental Construction Ltd
GUJHOTE.BO,Gujarat Hotels Ltd
RAJATH.BO,Rajath Finance Ltd
ALIANCP.BO,Alliance Capital & Financial Services Ltd
RASRESOR.BO,Ras Resorts & Apart Hotels Ltd
JOLYPLS.BO,Jolly Plastic Industries Ltd
PARMCOS-B.BO,Paramount Cosmetics India Ltd
JINDHOT.BO,Jindal Hotels Ltd
SERIND.BO,SER Industries Ltd
JPTRLES.BO,Jupiter Industries & Leasing Ltd
OPGMTFN.BO,OPG Metals & Finsec Ltd
SIMMOND.BO,Simmonds Marshall Ltd
BNALTD.BO,B & A Ltd
DPIL.BO,DPIL Ltd
WTAL.BO,Williamson Tea Assam Ltd
ROSINDM.BO,Rossell Industries Ltd
LEDOTEA.BO,Ledo Tea Company Ltd
HAWKINCOOK.BO,Hawkins Cookers Ltd
WARRENTEA.BO,Warren Tea Ltd
COCHMAL.BO,Cochin Malabar Estates & Industries Ltd
BESTEAST.BO,Best Eastern Hotels Ltd
NEAGI.BO,Neelamalai Agro Industries Ltd
SATELINFO.BO,Satellite Infoconcepts Ltd
UNIQEST.BO,Unique Estates Development Company Ltd
ISTLTD.BO,I S T Ltd
GORDONW.BO,Gordon Woodroffe Ltd
COSMOFIRST.BO,Cosmo First Ltd
FICSCON.BO,FICS Consultancy Services Ltd
ZASIATPR.BO,Asiatic Properties Ltd
ZKAMPACO.BO,Kampani Consultants Ltd
LUSTRTI.BO,Lustre Tiles Ltd
DIAMANT.BO,Diamant Infrastructure Ltd
NEWMKTADV.BO,New Markets Advisory Ltd
APOLLOHOSP.BO,Apollo Hospitals Enterprise Ltd
NITINCAST.BO,Nitin Castings Ltd
ZENCAP.BO,Zenith Capitals Ltd
SMIFS.BO,SMIFS Capital Markets Ltd
EVERESTIND.BO,Everest Industries Ltd
BELLREMDM.BO,Bell Remedies Ltd
ZPROGLEA.BO,Progressive Metal Forming & Leasing Ltd
ZSNEHCON.BO,Sneh Constructions Ltd
WINDSCP.BO,Windsor Capital Market Ltd
MIDINDIDM.BO,Midwest India Industries Ltd
IRONWOOD.BO,Ironwood Education Ltd
MSRINDIA.BO,MSR India Ltd
NORTHPR.BO,Northern Projects Ltd
AIRLTD.BO,Avishkar Infra Realty Ltd
AYMSYNTEX.BO,AYM Syntex Ltd
KIRTIMO.BO,Kirtimoya Capital Ltd
BLCISER.BO,Blue Circle Services Ltd
PANCARBON.BO,Panasonic Carbon India Company Ltd
FINKURVE.BO,Finkurve Financial Services Ltd
HBLEAS.BO,HB Leasing & Finance Company Ltd
SHRICON.BO,Shricon Industries Ltd
TRUSTWAVE.BO,Trustwave Securities Ltd
MOTOROL.BO,MOTOROL
SULABEN.BO,Sulabh Engineers & Services Ltd
SPANCO.BO,Spanco Ltd
SPLTECHNO.BO,SPL Technochem Ltd
FRONTCAP.BO,Frontier Capital Ltd
LINKSONI.BO,Linkson International Ltd
BHAHODM.BO,Bharat Hotels Ltd
ABACUS.BO,Abacus Computers Ltd
NAVNETEDUL.BO,Navneet Education Ltd
KEDIACN.BO,Kedia Construction Company Ltd 
SATRAPROP.BO,Satra Properties India Ltd
STEERINTER.BO,Sterling International Enterprises Ltd
DAGALEA.BO,Daga Leasing & Finance Ltd
EMPHOTR.BO,Empire Hotels & Resorts Ltd
TRANOCE.BO,Transoceanic Properties Ltd
PAGITLS.BO,Pagita Leasing & Finance Company Ltd
AUSOMENT.BO,AuSom Enterprise Ltd
CHISEL.BO,Chisel & Hammer (Mobel) Ltd
THAKRAL.BO,Thakral Services India Ltd
RUCHINFRA.BO,Ruchi Infrastructure Ltd
DOWELEA.BO,Dowell Leasing & Finance Ltd
GOLDLEG.BO,Golden Legand Leasing & finance Ltd
VJTFEDU.BO,VJTF Eduservices Ltd
ESERVE.BO,e-Serve International Ltd
JAFLEAS.BO,Jafferson Leasing & Fin Ltd
KALPVIND.BO,Kalpavriksha Industries Ltd
VOLLF.BO,Voltaire Leasing & Finance Ltd 
NETLINK.BO,Netlink Solutions India Ltd
TRILIANCE.BO,Triliance Polymers Ltd
LANCORHOL.BO,Lancor Holdings Ltd
INDINFO.BO,Indian Infotech & Software Ltd
BANASFN.BO,Banas Finance Ltd
VISAKAIND.BO,Visaka Industries Ltd
GHARFIL.BO,Ghar Finance & Leasing Company Ltd
ZHIMATMO.BO,Himatsingka Motor Works Ltd
INFOMEDIA.BO,Infomedia Press Ltd
HATHWAYB.BO,Hathway Bhawani Cabletel & Datacom Ltd
PRESSMN.BO,Pressman Advertising Ltd
GUFICBIO.BO,Gufic Biosciences Ltd
MIDLIND.BO,Midland Industries & Leasing Ltd
PHOTON.BO,Photon Capital Advisors Ltd
GROVERLE.BO,Grover Leasing Ltd
HAJIMAN.BO,Haji Manzoor Alam Industs Ltd
OSWALEA.BO,Oswal Leasing Ltd
ARICONS.BO,Ari Consolidated Investments Ltd
MODISTO.BO,Modistone Ltd
DUNLOP-B1.BO,Dunlop India Ltd
GOVINDRU.BO,Govind Rubber Ltd
GRPLTD.BO,GRP Ltd
INDAG.BO,Indag Rubber Ltd
ZKERARUB.BO,Kerala Rubber & Reclaims Ltd 
MMRUBBR-B.BO,MM Rubber Company Ltd
PTL.BO,PTL Enterprises Ltd
TVSSRICHAK.BO,TVS Srichakra Ltd
SWASRUB.BO,Swastik Rubber Products Ltd
VIKTY.BO,Vikrant Tyres Ltd
AMZLAUT.BO,Amzel Automotive Ltd
ECGIL.BO,Electric Control Gear India Ltd
APTANN.BO,Andhra Pradesh Tanneries Ltd
WOPOLIN.BO,Wopolin Plastics Ltd
SEL.BO,Sanathnagar Enterprises Ltd
BENARAS.BO,Benares Hotels Ltd
BELLGRP.BO,Graphic Charts Ltd
BHAGWOX.BO,Bhagawati Oxygen Ltd
ZBIHAAIR.BO,Bihar Air Products Ltd
BOMOXY-B1.BO,Bombay Oxygen Investments Ltd
CRAVATEX.BO,Cravatex Ltd
BOMPAINT.BO,Bombay Paints Ltd
BRITCAR.BO,Britelite Carbon Ltd 
BERGEPAINT.BO,Berger Paints India Ltd
CAPRIHANS.BO,Caprihans India Ltd
GRAPHITE.BO,Graphite India Ltd
CARONA.BO,Carona Ltd
ITDCEM.BO,ITD Cementation India Ltd
CTRNIND.BO,Centron Industrial Alliance Ltd
DOLPHOT.BO,Dolphin Hotels Ltd
DSPML.BO,DSP Merrill Lynch Ltd
EMPIND.BO,Empire Industries Ltd
FALCONTQ.BO,Falcon Tyres Ltd
EASTHOT.BO,Eastern International Hotels Ltd
GCLARIDDM.BO,G Claridge & Company Ltd
GRAVISSHO.BO,Graviss Hospitality Ltd
GAMMONIND.BO,Gammon India Ltd
GARFIBRES.BO,Garware Technical Fibres Ltd
GARWAMAR.BO,Garware Marine Industries Ltd
GOACARBON.BO,Goa Carbon Ltd
ZGOVPOOX.BO,Govind Poy Oxygen Ltd
GRPHIDM.BO,Graphite India Ltd
HARDCAS.BO,Hardcastle & Waud Manufacturing Company Ltd
HLTNRUB.BO,Hilton Rubbers Ltd
HINDDORROL.BO,Hindustan Dorr-Oliver Ltd
HEG.BO,HEG Ltd
HINDCOMPOS.BO,Hindustan Composites Ltd
ZHINDHSG.BO,Hindustan Housing Company Ltd 
HINDOXG.BO,Hindustan Oxygen Gas Company Ltd
HOTBENJ.BO,Hotel Banjara Ltd
HIL.BO,HIL Ltd
INDIAFOI.BO,India Foils Ltd
INDIANCARD.BO,Indian Card Clothing Company Ltd
DGPSEC.BO,DGP Securities Ltd
GESTETQ.BO,Gestetner (India) Ltd
KODAKDM.BO,Kodak India Ltd
INTLCONV.BO,International Conveyors Ltd
VDOINDIA.BO,Siemens VDO Automotive Ltd
JAYSREETEA.BO,Jay Shree Tea & Industries Ltd
BHURUKA.BO,Bhuruka Gases Ltd
KOTIC.BO,Kothari Industrial Corporation Ltd
MNDVPEL.BO,Mandovi Pellets Ltd
MODRNSH.BO,Modern Shares & Stockbrokers Ltd
MAPROIN.BO,Mapro Industries Ltd
OSEASPR.BO,Oseaspre Consultants Ltd
NEWINDI.BO,New India Industries Ltd
HUHTAMAKI.BO,Huhtamaki India Ltd
POONHOTDM.BO,Poona Industrial Hotel Ltd
PREMSYN.BO,Premier Synthetics Ltd
PUNWOOLC.BO,Punjab Woolcombers Ltd
RJSHAH.BO,RJ Shah & Company Ltd
ROPLAS.BO,Roplas India Ltd
SHAHCON.BO,Shah Construction Company Ltd
SHALPAINTS.BO,Shalimar Paints Ltd
SINNAR.BO,Sinnar Bidi Udyog Ltd
SIPORDM.BO,Siporex India Ltd
HINDMILL.BO,Hindoostan Mills Ltd
ZSOUTGAS.BO,Southern Gas Ltd
TECHCON.BO,Technojet Consultants Ltd
ZSHVIJAY.BO,Shri Vijay Vallabh Holdings Ltd
SUPREMEIND.BO,Supreme Industries Ltd
THACKER.BO,Thacker & Company Ltd
TRADWIN.BO,Trade Wings Ltd
TCI-B1.BO,TCI-B1
UPHOT.BO,UP Hotels Ltd
VSTIND.BO,VST Industries Ltd
UBENGG.BO,UB Engineering Ltd
SWASTIVI.BO,Swasti Vinayaka Synthetics Ltd
MADHUSE.BO,Madhusudan Securities Ltd
YAMNINV.BO,Yamini Investments Company Ltd
VISHINV.BO,Vishvakirti Investment Ltd
PREMCAP.BO,Premier Capital Services Ltd
ZMILGFIN.BO,Milgrey Finance & Investments Ltd
ZSUBWAYF.BO,Subway Finance & Investment Company Ltd
GULFODM.BO,Gulf Oil India Ltd
NAGPINV-B.BO,Asia Pacific Investment Trading Ltd
INTEGFIN.BO,Integrated Finance Company Ltd
JINDRILL.BO,Jindal Drilling & Industries Ltd
ZARCOLEA.BO,Arco Leasing Ltd
DCLFIDM.BO,DCL Finance Ltd
STDMDCH.BO,Standard Medical & Pharmaceuticals Ltd
KUSUMEL.BO,Kusam Electrical Industries Ltd
RANAKEX.BO,Ranakpurji Exports & Industries Ltd
FLFININ.BO,PL Finance & Investments Ltd
VIJAYLE.BO,Vijaya Leasing Ltd
JUMBFNL.BO,Jumbo Finance Ltd
APLAYA.BO,Aplaya Creations Ltd
SAKTHIFIN.BO,Sakthi Finance Ltd
DHFL.BO,Dewan Housing Finance Corporation Ltd
EASYFIN.BO,Easy Fincorp Ltd
SATINDLTD.BO,Sat Industries Ltd
ZTELETEK.BO,Teletek India Ltd
MAAJTL.BO,Maa Jagdambe Tradelinks Ltd
CIFCO.BO,Cifco Finance Ltd
ALLMEPR.BO,All Metal Process Industries Ltd
JMDVL.BO,JMD Ventures Ltd
TVOLCON.BO,Tivoli Construction Ltd
NIVEF.BO,Nivena Industries & Exports Ltd
SHIVATEX.BO,Shiva Texyarn Ltd
VBDESAI.BO,V B Desai Financial Services Ltd
VALUEMAR.BO,Valuemart Retail Solutions Ltd
QUADRANT.BO,Quadrant Televentures Ltd
1STCUS.BO,First Custodian Fund India Ltd
DUGARFNDM.BO,Dugar Finance India Ltd
GALAXCP.BO,Galaxy Consolidated Finance Ltd
KAMANWALA.BO,Kamanwala Housing Construction Ltd
KOTHARIFIN.BO,Kothari World Finance Ltd
BAJRFIN.BO,Bajrang Finance Ltd
SANEX.BO,Santogen Exports Ltd
ASYAINFO.BO,Asya Infosoft Ltd
WSFX.BO,WSFx Global Pay Ltd
REMITR.BO,Remi Securities Ltd
ANJANIFOODS.BO,Anjani Foods Ltd
SAFIN.BO,South Asian Financial Exchange Ltd
SHRIRAMI.BO,Shriram Investments Ltd
ELCONFN.BO,Elcon Finlease & Industries Ltd
RKDAGRRTL.BO,RKD Agri & Retail Ltd
PARSHWANA.BO,Parshwanath Corporation Ltd
SHOPINV-B.BO,Shoppers Investment & Finance Company Ltd
RAJVI.BO,Rajvi Logitrade Ltd
MILLENNIUM.BO,Millennium Online Solutions ( India ) Ltd
ZCANSHR.BO,Canbank Mutual Fund Canshares
ICDSLTD.BO,ICDS Ltd
CANFINHOME.BO,Can Fin Homes Ltd
MUNCAPM.BO,Munoth Capital Markets Ltd
IVC.BO,IL&FS Investment Managers Ltd
BASILINF.BO,Basil Infrastructure Projects Ltd
LEAFIN.BO,Leafin India Ltd
SHRIRAMFIN.BO,Shriram Finance Ltd
CANDBLE.BO,Candouble
TATAFIN.BO,Tata Finance Ltd
CHOLAFIN.BO,Cholamandalam Investment and Finance Company Ltd
BOMTALKIES.BO,Bombay Talkies Ltd
SAGARSYST.BO,Sagar Systech Ltd
IDINFO.BO,ID Info Business Services Ltd
GICRISE.BO,GICRISE
GICRIBO.BO,GICRIBO
NEDBKDM.BO,Nedungadi Bank Ltd
KKUMTFN.BO,KMF Ltd
CEATFIN.BO,CFL Capital Financial Services Ltd
KIRIF.BO,Kirloskar Investments & Finance Ltd
MEFCOM.BO,Mefcom Agro Industries Ltd
CRBCAP-B1.BO,CRB Capital Markets Ltd
GRUH.BO,Gruh Finance Ltd
GLOBFIN.BO,Global Finance Corporation Ltd
PALCRED.BO,PAL Credit & Capital Ltd
PREMINT.BO,Premium International Finance Ltd
GICCUBN.BO,GICCUBN
RADKHFI.BO,Radico Khaitan Finance Ltd
INDMOTI.BO,INDMOTI
ALPICFIN.BO,Alpic Finance Ltd
VLSFINANCE.BO,VLS Finance Ltd
SANMACDM.BO,Sanmac Motor Finance Ltd
APPLECREDT.BO,Apple Credit Corporation Ltd
UCILLEA.BO,UCIL Leasing Ltd
SYNRGFN.BO,Synergy Financial Exchange Ltd
INDCEMCAP.BO,India Cements Capital Ltd
KAILASH.BO,Kailash Auto Finance Ltd
ADMANUM.BO,Ad-Manum Finance Ltd
VISHWAFIN.BO,Vishwamitra Financial Services Ltd
MEGLON.BO,Meglon Infra-Real (India) Ltd
FIRFIN.BO,First Financial Services Ltd
VATCO.BO,Vatsa Corporations Ltd
JNFSL.BO,Jenson & Nicholson Financial Services Ltd
CONCCAP.BO,Concert Capital Ltd
MEHIF.BO,Mehta Integrated Finance Ltd
FIDLFIN.BO,Fidelity Finance Ltd
HARVFINDM.BO,Harvest Financial Ltd
BURBR.BO,Burr Brown India Ltd
IFBFINADM.BO,IFB Finance Ltd
VIDEOIND.BO,Videocon Industries Ltd
INTRGLB.BO,Inter Globe Finance Ltd
DFLINFRA.BO,DFL Infrastructure Finance Ltd
BALATECGL.BO,Bala Techno Global Ltd
MCLTD.BO,Munoth Communication Ltd
SAIJEEV.BO,Sai Jeevadhara Finance Ltd
MERCARD.BO,Mercard Ltd
SHRISTI.BO,Shristi Infrastructure Development Corporation Ltd
CREST.BO,Crest Ventures Ltd
WEBSITY.BO,Websity Infosys Ltd
LEASIFN.BO,Leasing Finance India Ltd
PINEANIM.BO,Pine Animation Ltd
SCHEMFN.BO,Schematic Finance Ltd
ATNINTER.BO,ATN International Ltd
INTEGENT.BO,Integrated Enterprises India Ltd
VAKRANGEE.BO,Vakrangee Ltd
INSTAF.BO,Insta Finance Ltd
COIMLAK-B.BO,Coimbatore Lakshmi Investment & Finance Company Ltd
GUJCRED.BO,Gujarat Credit Corporation Ltd
ICICIPR.BO,ICICI Premier Units
VGPFINC.BO,VGP Finances Ltd
SYLPH.BO,Sylph Technologies Ltd
DHARFIN.BO,Dharani Finance Ltd
ALEXANDER.BO,Alexander Stamps And Coin Ltd
RUSHBCP.BO,Rushabh Capital & Financial Services Ltd
SHUKDTA.BO,Shukla Data Technics Ltd
INDBANK.BO,Indbank Merchant Banking Services Ltd
BIRCFDM.BO,Birla Century Finance Ltd
CHEMXSC.BO,Chemox Securities Ltd
THAPRFN.BO,Thapar Finance Ltd
GANDLEA.BO,Gandhinagar Leasing & Finance Ltd
SHRYDUS.BO,Shrydus Industries Ltd
YULEFIN.BO,Yule Financing & Leasing Company Ltd
ARIHCOR.BO,Arihant Corporation Ltd
BHARAT.BO,Bharat Bhushan Finance & Commodity Brokers Ltd
SECEARTH.BO,Secure Earth Technologies Ltd
CAPTRUST.BO,Capital Trust Ltd
USHAKIRA.BO,Ushakiran Finance Ltd
VIVOBIOT.BO,Vivo Bio Tech Ltd
MONEYCF.BO,Moneycare Finanz Ltd
SARLCRD.BO,Sarla Credit & Securities Ltd
SSLINDI.BO,SSL (India) Ltd
SURAJSC.BO,Suraj Securities & Finance Ltd
TULIPFIN.BO,Tulip Finance Ltd
VEERHEALTH.BO,Veerhealth Care Ltd
PANINDIAC.BO,Pan India Corporation Ltd
LALBHFN.BO,Lalbhai Finance Ltd
APACFIN.BO,Asia Pacific Financial Services Ltd
SAHARAHOUS.BO,Sahara Housingfina Corporation Ltd
NDASEC.BO,NDA Securities Ltd
SUPRATRE.BO,Supra Trends Ltd
PLATIFN.BO,Platinum Finance Ltd
GSBFIN.BO,GSB Finance Ltd
KIEVFIN.BO,Kiev Finance Ltd
MORARKFI.BO,Morarka Finance Ltd
MONARCH.BO,Monarch Networth Capital Ltd
ONIDA.BO,Onida Finance Ltd
PROFINC.BO,Pro Fin Capital Services Ltd
PUNSUFO.BO,Punsumi Foils & Components Ltd
TIMESGTY.BO,Times Guaranty Ltd
INDNAVR.BO,INDNAVR
SANCF.BO,Sanchay Finvest Ltd
SOURFIN.BO,Source Financial Services Ltd
SODFC.BO,Som Datt Finance Corporation Ltd
CRBARIH.BO,Arihant Mangal Scheme (Growth)
AMRUTCR.BO,Amrut Credit Corp (India) Ltd
SAVFI.BO,Savani Financials Ltd
KINALFN.BO,Kinjal Finance Ltd
BEFOUNDMOL.BO,Befound Movement Ltd
AMBSECU.BO,AMBSECU
AVONMORE.BO,Avonmore Capital & Management Services Ltd
SHRACHI.BO,Shrachi Securities Ltd
LIBORDFIN.BO,Libord Finance Ltd
PALSOFT.BO,Palsoft Infosystems Ltd
RAUNAFI.BO,Raunaq Finance Ltd
YASHMGM.BO,Yash Management & Satellite Ltd
ARIHANTCAP.BO,Arihant Capital Markets Ltd
BIRSHLEDU.BO,Birla Shloka Edutech Ltd
ISLCONSUL.BO,ISL Consulting Ltd
DCMFINSERV.BO,DCM Financial Services Ltd
HARVIC.BO,Harvic Management Services India Ltd
ICIPOWRDM.BO,ICICI Power Ltd
JIKIND.BO,JIK Industries Ltd
GANITAK.BO,Ganipitak Yakshraj Caplease Ltd
TAURUSN.BO,TAURUSN
BCLFSER-B.BO,BCL Financial Services Ltd
RRFIN.BO,RR Financial Consultants Ltd
FEDDERSHOL.BO,Fedders Holding Ltd
SAMBHAAV.BO,Sambhaav Media Ltd
OLYMTFI.BO,Olympic Management & Financial Services Ltd
DUGARHOU.BO,Dugar Housing Developments Ltd
DJSSS.BO,DJS Stock & Shares Ltd
MADHURC.BO,Madhur Capital & Finance Ltd
SANGHCO.BO,Sanghi Corporate Services Ltd
WISEC.BO,Wisec Global Ltd
OMEGAIN.BO,Omega Interactive Technologies Ltd
VIJACAP.BO,Vijayshree Capital & Finance Ltd
ATASECU.BO,Atash Securities Ltd
CVILINFRA.BO,Cvil Infra Ltd
GEMOIL.BO,Gemmia Oiltech (India) Ltd
SUGALDAM.BO,Sugal & Damani Share Brokers Ltd
CYBERSPACE.BO,Cyberspace Infosys Ltd
NETTLINX.BO,Nettlinx Ltd
PREMCAPM.BO,Premium Capital Market & Investments Ltd
AJBRO.BO,AJ Brothers Ltd
BGIL.BO,BGIL Films & Technologies Ltd
MANGFIN.BO,Mangal Finance Ltd
FACTENT.BO,Fact Enterprise Ltd
ADCONCP.BO,Adcon Capital Services Ltd
SCANSTL.BO,Scan Steels Ltd
OLYCAP.BO,Olympia Capitals Ltd
GICHSGFIN.BO,GIC Housing Finance Ltd
DAMANFN.BO,Damania Capital Markets Ltd
MRRYSFN.BO,Merry Sharefin Ltd
IFLPROMOT.BO,IFL Promoters Ltd
RELIAFN.BO,Reliable Finstock Services Ltd
MATHEWE.BO,Mathew Easow Research Securities Ltd
WARNER.BO,Warner Multimedia Ltd
AJCON.BO,Ajcon Global Services Ltd
ALPINFN.BO,Alpine Capital Services Ltd
CHRTEDCA.BO,Chartered Capital & Investment Ltd
BHAGYFN.BO,Bhagyashree Leasing & Finance Ltd
STANCAP.BO,Standard Capital Markets Ltd
YOGI.BO,YOGI Ltd
SHRIBFN.BO,Shree Bhikshu Foundations Ltd
ACTIONFI.BO,Action Financial Services India Ltd
CUBIFIN.BO,Cubical Financial Services Ltd
RELICTEC.BO,Relic Technologies Ltd
NIMBSPROJ.BO,Nimbus Projects Ltd
INVIGO.BO,Invigorated Business Consulting Ltd
ATHENA.BO,Athena Financial Services Ltd
CAPMANFI.BO,Capman Financials Ltd
SOMANFN.BO,Somani Swiss Industries Ltd
BAIDFIN.BO,Baid Finserv Ltd
VIPULLTD.BO,Vipul Ltd
KZLFIN.BO,KZ Leasing & Finance Ltd
AVASARA.BO,Avasara Finance Ltd
PASUFIN.BO,Pasupati Fincap Ltd
USHDI.BO,Ushdev International Ltd
MEHSECU.BO,Mehta Securities Ltd
MEHTAHG.BO,Mehta Housing Finance Ltd
UGROCAP.BO,Ugro Capital Ltd
FCGL.BO,FCGL Industries Ltd
KSTRIFN.BO,Kasturi Finlease & Investment Ltd
ASCENTEX.BO,Ascent Exim India Ltd
ORTHGFN.BO,Oriental Housing Development Finance Corporation Ltd
SAHLIBHFI.BO,Shalibhadra Finance Ltd
ABIRAFN.BO,Abirami Financial Services India Ltd
MANSIFIN.BO,Mansi Finance (Chennai) Ltd
SEVENHILL.BO,Seven Hill Industries Ltd
KUBERFN.BO,Kuber Auto General Finance & Leasing Ltd
AASTAFIN.BO,Aastamangalam Finance Ltd
MUTHOOTCAP.BO,Muthoot Capital Services Ltd
MASTERTR.BO,Master Trust Ltd
ZTRANS23.BO,ZTRANS23
HAREKIN.BO,Hare Krishna Investment & Industries Ltd
ZJIWAAPP.BO,Jiwa Appliances Ltd
VISNUPR.BO,Vishnupriya Agro Industries Ltd
ZNILKENG.BO,Nilkanth Engineering Ltd
EFCIL.BO,EFC (I) Ltd
ANGFNDM.BO,ANGFNDM
TEATIME.BO,Tea Time Ltd
SOBME.BO,Sobhagya Mercantile Ltd
ZEXDONTR.BO,Exdon Trading Company Ltd
CNIRESLTD.BO,CNI Research Ltd
ZSARACOM.BO,Saraswati Commercial India Ltd
WINROC.BO,Winro Commercial India Ltd
NDMETAL.BO,ND Metal Industries Ltd
BANGANGA.BO,Banganga Paper Industries Ltd
VEGA.BO,Vega Jewellers Ltd
SHOTI.BO,Shonkh Technologies International Ltd
PRISMER.BO,Prism Mercantile Company Ltd
KAPILCO.BO,Kapil Cotex Ltd
TCC.BO,TCC Concept Ltd
CHEMXCHDM.BO,Chemox Chemical Industries Ltd
ROYALIND.BO,Royal India Corporation Ltd
LUHARUKA.BO,Luharuka Media & Infra Ltd
SAGRSLK.BO,Sagar Silk Industries Ltd
DRAVIND.BO,Dravya Industrial Chemicals Ltd
SHYAM.BO,Ventura Guaranty Ltd
ZSANMCOM.BO,Sanmitra Commercial Ltd
WARDHEALTH.BO,Wardwizard Healthcare Ltd
VISVEN.BO,Vishvprabha Ventures Ltd
MRUTR.BO,Mrugesh Trading Ltd
VISJYTR.BO,Vishvjyoti Trading Ltd
DECNGOLD.BO,Deccan Gold Mines Ltd
ZBIOSTCODM.BO,Boistur Commercial Ltd
UPL.BO,UPL Ltd
SUCHTRD.BO,Suchak Trading Ltd
DOCTORBI.BO,Doctors Biotech India Ltd
PARIJAT.BO,Parijat Trading Ltd
NIBEORD.BO,Nibe Ordnance and Maritime Ltd
CRANESSOFT.BO,Cranes Software International Ltd
ZFOURDIMDM.BO,Four Dimensions Securities (India) Ltd
SAICOM.BO,Saianand Commercial Ltd
EY.BO,Eyantra Ventures Ltd
TRIPR.BO,Triochem Products Ltd
NIDHGRN.BO,Nidhi Granites Ltd
PROAIMENT.BO,Proaim Enterprises Ltd
ZGOLKOND.BO,Golkonda Engineering Enterprises Ltd
AVIVA.BO,Aviva Industries Ltd
JAHATRADM.BO,Jahanri Trades & Finance Ltd
KELVINFIN.BO,Kelvin Fincap Ltd
ROSEMER.BO,Rose Merc Ltd
TWIROST.BO,Twin Roses Trades & Agencies Ltd
ZATULTRD.BO,Atulya Trades & Agencies Ltd
DELINFRA.BO,Delma Infrastructure Ltd
ZSANCHTR.BO,Sanchna Trading & Finance Ltd
ETPCORP.BO,ETP Corporation Ltd
JAYAMEL.BO,Jayant Mercantile Company Ltd
SIGIND.BO,Signet Industries Ltd
ENSSI.BO,Ensa Steel Industries Ltd
ZACUMTRD.BO,Acumen Trading & Investments Ltd
ZWALCONS.BO,Wall Street Construction Ltd
CREDNFN.BO,Credential Finance Ltd
KAJALSY.BO,Kajal Synthetics & Silk Mills Ltd
AVANCE.BO,Avance Technologies Ltd
MLINDLTD.BO,M Lakhamsi Industries Ltd
TERRAREAL.BO,Terraform Realstate Ltd
SECURKLOUD.BO,Securekloud Technologies Ltd
EXTCO.BO,Extol Commercial Ltd
ABANSENT.BO,Abans Enterprises Ltd
MATRAREAL.BO,Matra Realty Ltd
CAPRICORN.BO,Capricorn Systems Global Solutions Ltd
PARKAVN.BO,Park Avenue Engineering Ltd
VAMA.BO,Vama Industries Ltd
CHMERCN.BO,Cherry Mercantile Company Ltd
SUNTECK.BO,Sunteck Realty Ltd
HARTF.BO,Harisiddha Trading & Finance Ltd
IOLN.BO,IOL Netcom Ltd
GRFINDL.BO,Greenfield Industries Ltd
PREMKUT.BO,Prem Kutir Estates & Properties Ltd
MISHKAFIN.BO,Mishka Finance and Trading Ltd
ZDCLSECU.BO,DCL Securities Ltd
BENTCOM.BO,Bentley Commercial Enterprises Ltd
SILVERO.BO,Silveroak Commercials Ltd
COREEDUTEC.BO,CORE Education & Technologies Ltd
VATSAEDU.BO,Vatsa Educations Ltd
EFFTXT.BO,Effingo Textile & Trading Ltd
SANGEXP.BO,Sangam Exports Ltd
CLASELE.BO,Classic Electricals Ltd
STEPHANOTIS.BO,Stephanotis Finance Ltd
PRISMMEDI.BO,Prism Medico and Pharmacy Ltd
FINAVENT.BO,Finaventure Capital Ltd
SPVGLOBAL.BO,SPV Global Trading Ltd
ZSIMCOTR.BO,Simco Trading & Finance Company Ltd
ANGLOBA.BO,AN Global Ltd
VERITAS.BO,Veritas (India) Ltd
JAYTEX.BO,Jaybharat Textiles and Real Estate Ltd
JAICORPLTD.BO,Jai Corp Ltd
ZJQARTCH.BO,Jacqart Chemical Industries Ltd
SURASEC.BO,Surana Securities Ltd
ZNIVITRD.BO,Nivi Trading Ltd
ASHCAP.BO,Ashirwad Capital Ltd
MEUSEKARA.BO,Meuse Kara & Sungrace Mafatlal Ltd
SPINVEST.BO,S P Investrade (India) Ltd
SVARTCORP.BO,Swasti Vinayaka Art And Heritage Corporation Ltd
BAJGLOB.BO,Bajaj Global Ltd
ZPURVENGDM.BO,Purva Engineers Ltd
AVONMERC.BO,Avon Mercantile Ltd
MMWL.BO,Media Matrix Worldwide Ltd
ZWARDENC.BO,Warden Construction & Finance Ltd
TASHIND.BO,Tashi India Ltd
ARONICOMM.BO,Aroni Commercials Ltd
AUTOINT.BO,Autoriders International Ltd
NNTL.BO,N2N Technologies Ltd
EUROPLS.BO,Europlast India Ltd
YUVINTL.BO,Yuvraj International Ltd
SHIRPUR-G.BO,Shirpur Gold Refinery Ltd
ZSPEEDCO.BO,Speedage Commercials Ltd
ZPARAPLY.BO,Parasrampuria Polymides Ltd
BHAGYANGR.BO,Bhagyanagar India Ltd
SHANTAI.BO,Shantai Industries Ltd
STERLINBIO.BO,Sterling Biotech Ltd
CHMBBRW.BO,Chambal Breweries & Distilleries Ltd
ZMANSOON.BO,Mansoon Trading Company Ltd
ZKASLOWTDM.BO,ZKASLOWTDM
TYPHOON.BO,Typhoon Holdings Ltd
ROSETEX.BO,Rosekamal Textiles Ltd
SURCHIN.BO,Surabhi Chemicals & Investments Ltd
BIJLTEX.BO,Bijlee Textiles Ltd
NTWSTFN.BO,Netwest Finance Ltd
RAJLXIN.BO,Rajlaxmi Industries Ltd
VISWVIS.BO,Vishva Vishal Engineering Ltd
TRLTRAG.BO,Trilochan Traders & Agency Ltd
SGMART.BO,SG Mart Ltd
BIRLACAP.BO,Birla Capital & Financial Services Ltd
AVSWLTR.BO,AVS World Trade Ltd
MAHSHRE.BO,Mahashree Trading Ltd
CESL.BO,CES Ltd
ARAVALIS.BO,Aravali Securities & Finance Ltd
YASTF.BO,Yash Trading & Finance Ltd
LEADPKG.BO,Leader Packaging Industries Ltd
LINKH.BO,Linkhouse Industries Ltd
ZMAGICOE.BO,Magico Exports & Consultants Ltd
RUSODAY.BO,Rusoday & Company Ltd
ZANUKCOM.BO,Anukaran Commercial Enterprises Ltd
ZSUNITCO.BO,Suniti Commercials Ltd
SWORDEDGE.BO,Sword-Edge Commercials Ltd
CUPIDALBV.BO,Cupid Breweries And Distilleries Ltd
COSYMER.BO,Cosy Mercantile Ltd
ZSHERAPR.BO,Sheraton Properties & Finance Ltd
ENNORE.BO,Ennore Coke Ltd
ZESQENGP.BO,Esquire Engineering Ltd
INNOVENT.BO,Innoventive Venture Ltd
MAGANTR.BO,Magnanimous Trade & finance Ltd
CRSL.BO,Cressanda Railway Solutions Ltd
STARTECK.BO,Starteck Finance Ltd
ZDELSTCO.BO,Delstar Commercial & Finance Ltd
WIINDDM.BO,Western India Industries Ltd
WASTHOU.BO,Wall Street Housing & Finance Corporation Ltd
SHARDUL.BO,Shardul Securities Ltd
RATANGLI.BO,Ratan Glitter Industries Ltd
SERA.BO,Sera Investments & Finance India Ltd
ZKAYTCOT.BO,Kaytee Cotsynth Industries Ltd
BENGALS.BO,Bengal Steel Industries Ltd
IPOWER.BO,I-Power Solutions India Ltd
UNIWSEC.BO,Uniworth Securities Ltd
RAJSAN.BO,Rajsanket Realty Ltd
AUROBRT.BO,Madalsa Agrotech Ltd
SPECTACLE.BO,Spectacle Ventures Ltd
MERCTRD.BO,Mercury Trade Links Ltd
TRITRADE.BO,Trinity Tradelink Ltd
ZSAMPKTR.BO,Sampark Trading & Finance Ltd
MTZPOLY.BO,MTZ Polyfilms Ltd
NIRAVCOM.BO,Nirav Commercials Ltd
DEORAPL.BO,Deora Polytex Ltd
NITININ.BO,Nitin Industries Ltd
WHITHAL.BO,White Hall Commercial Company Ltd
ASUTENT.BO,Asutosh Enterprise Ltd
APOLLOFI.BO,Apollo Finvest India Ltd
ESQRMON.BO,Esquire Money Guarantees Ltd
ENBETRD.BO,Enbee Trade & Finance Ltd
GANONPRO.BO,Ganon Products Ltd
DEVITRD.BO,Devinsu Trading Ltd
INNOVIS.BO,Innovision E-Commerce Ltd
SVCRES.BO,SVC Resources Ltd
SHRJAGP.BO,Shri Jagdamba Polymers Ltd
LLOYDSME.BO,Lloyds Metals and Energy Ltd
PUNCTRD.BO,Punctual Trading Ltd
LLOYDSENT.BO,Lloyds Enterprises Ltd
SANTOWIN.BO,Santowin Corporation Ltd
BETXIND.BO,Betex India Ltd
VIRYA.BO,Virya Resources Ltd
POLYTEX.BO,Polytex India Ltd
DHANCOT.BO,Dhanlaxmi Cotex Ltd
REMIELEK.BO,Remi Elektrotechnik Ltd
OASISEC.BO,Oasis Securities Ltd
SONUSYN.BO,Sonu Synthetics Ltd
GARNETINT.BO,Garnet International Ltd
SHALPRO.BO,Shalimar Productions Ltd
AMARVAN.BO,Amar Vanijya Ltd 
MEENST.BO,Meenakshi Steel Industries Ltd
VARUNME.BO,Varun Mercantile Ltd
VINVANI.BO,Vinayak Vanijya Ltd
DONEAR.BO,Donear Industries Ltd
PRIYANK.BO,Priyanka Udyog Ltd 
NEPTEXP.BO,Neptune Exports Ltd
SUPER.BO,Super Sales India Ltd
SEQUENT.BO,Sequent Scientific Ltd
STCINDIA.BO,State Trading Corporation of India Ltd
BHRATCOM.BO,Bharat Commerce & Industries Ltd
ASAHINFRA.BO,Asahi Infrastructure & Projects Ltd
LKSMITR.BO,Lakshmi Trades Credit Ltd
MAHDECO.BO,Mahadev Corporation (India) Ltd
KIRANTRDM.BO,Kiran Overseas Exports Ltd
WORLDTR.BO,Zillion Medicare (Exports) Ltd
DRUCGRF.BO,Druckgrafen India Ltd
PITFI.BO,Pittie Finance Ltd
ZENITHEXPO.BO,Zenith Exports Ltd
SAVOV.BO,Savitri Overseas Ltd
GIRSHTR.BO,Girish Travels & Courier Ltd
KOHINOOR.BO,Kohinoor Foods Ltd
CHINEXP.BO,Chinar Exports Ltd
OKARLES.BO,Okara Leasing & Investment Ltd
NEELKANTH.BO,Neelkanth Ltd
BHARPAR.BO,Bharat Parenterals Ltd
ARONIEP.BO,Auroknit Exports (India) Ltd
ADITLIM.BO,Aditya Lime Industries Ltd
AVANTIFEED.BO,Avanti Feeds Ltd
RITESEX.BO,Ritesh Exports Ltd
GUJNRECOKE.BO,Gujarat NRE Coke Ltd
LYNXINDDM.BO,Lynx India Ltd
ENVCLEN.BO,Enviro Clean Systems Ltd
KARMA.BO,Karma Industries Ltd
ZODJRDMKJ.BO,Zodiac-JRD-MKJ Ltd
SITAENT.BO,Sita Enterprises Ltd
PULSRIN.BO,Pulsar International Ltd
PREMIND.BO,Premium Industries India Ltd
MANBRO.BO,Manbro Industries Ltd
KEYFINSERV.BO,Keynote Financial Services Ltd
ADANIENT.BO,Adani Enterprises Ltd
ASTALLTD.BO,Astal Laboratories Ltd
ASHPROP.BO,Ashari Properties & Finances Ltd
HARIAEXPO.BO,Haria Exports Ltd
RUPIM.BO,Rupangi Impex Ltd
BHANDARI.BO,Bhandari Hosiery Exports Ltd
SHRIVAR.BO,Shri Vardhman Overseas Ltd
TOWELIN.BO,Towels India Exports Ltd
GRANHPH.BO,Gran Heal Pharma Ltd
ORINEXP.BO,Orind Exports Ltd
RLF.BO,RLF Ltd
DUCTA.BO,Duck Tarpaulins Ltd
INDOSWI.BO,Indo Swiss Exports Ltd
REGENTRP.BO,Regent Enterprises Ltd
ORBTEXP.BO,Orbit Exports Ltd
ACQUATR.BO,Acquaint Exports Ltd
SUBHLTR.BO,Subhalaxmi Exports Ltd
SAVERA.BO,Savera Industries Ltd
PREYATRDM.BO,Preyanshu Exports Ltd
AMIGOEXDM.BO,Amigo Exports Ltd
STOCKNET.BO,Stocknet International Ltd
ARTIBIOIN.BO,Artillegence Bio Innovations Ltd
ARIHENT.BO,Arihant Enterprise Ltd
ANDHRSI.BO,Andhra Sinter Ltd
CHROME.BO,Chrome Silicon Ltd
TATASTLLP.BO,Tata Steel Long Products Ltd
ZJEETMAC.BO,Jeet Machine Tools Ltd
HIMISPTDM.BO,Him Ispat Ltd
ZHIMTUBL.BO,Himtubes Ltd
NAVA.BO,Nava Ltd
ZHINUDYP.BO,Hindusthan Udyog Ltd
ISPLIND.BO,ISPL Industries Ltd
REMIEDEL.BO,Remi Edelstahl Tubulars Ltd
GSAUTO.BO,GS Auto International Ltd
SRYSTLT.BO,Sriyansh Steel Ltd
TRANSFRE.BO,Trans Freight Containers Ltd
SANGHVI.BO,Sanghvi Steels Ltd
FEROCON.BO,Ferro Concrete Company India Ltd
SBCL.BO,Shivalik Bimetal Controls Ltd
GANDHITUBE.BO,Gandhi Special Tubes Ltd
AMFORG.BO,Amforge Industries Ltd
ONIXSOLAR.BO,Onix Solar Energy Ltd
ORICONENT.BO,Oricon Enterprises Ltd
SHNALUM.BO,Shree Narmada Aluminium Industries Ltd
GUJWDGE.BO,Gujarat Wedge Wire Screens Ltd
METAI.BO,Metalman Industries Ltd
PIOALOY.BO,Pioneer Alloy Castings Ltd
BALASORE.BO,Balasore Alloys Ltd
ACROW.BO,Acrow India Ltd
STINDIA.BO,STI India Ltd
TECHTREK.BO,TechTrek India Ltd
SRAMSTLDM.BO,Sri Ramkrishna Steel Industries Ltd
STLSTRINF.BO,Steel Strips Infrastructures Ltd
STELAGE-B.BO,Steelage Industries Ltd
ZRGISPAT.BO,R G Ispat Ltd
NATNLSTEEL.BO,National Steel and Agro Industries Ltd
KRSTLDM.BO,KR Steel Union Ltd
ANNFODM.BO,Annapurna Foils Ltd
MEKSOLT.BO,MEK Slotted Angles (India) Ltd
GMMITAL.BO,GM Mittal Stainless Steels Ltd
ANUPAST.BO,Anupama Steel Ltd
HOGANDM.BO,Hoganas India Ltd
RMISTEL.BO,RMI Steels Ltd
UTTAMSTL.BO,Uttam Galva Steels Ltd
SRIISHR.BO,Shri Ishar Alloy Steels Ltd
PENIND.BO,Pennar Industries Ltd
INDCHR.BO,Indian Charge Chrome Ltd
CHOKSITUQ.BO,Choksi Tube Company Ltd
MSLIND.BO,MSL Industries Ltd
KANTHDM.BO,Kanthal India Ltd
JYOTISTRUC.BO,Jyoti Structures Ltd
JAYUSH.BO,Jay Ushin Ltd
OREXTR.BO,Orissa Extrusions Ltd
SSWL.BO,Steel Strips Wheels Ltd
MUKESTL.BO,Mukesh Steels Ltd
MANINDS.BO,Man Industries (India) Ltd
HINFIND.BO,Hindustan Ferro & Industries Ltd
SUPERFORGE.BO,Super Forgings & Steels Ltd
THPRISP-B.BO,Thapar Ispat Ltd
GKSTLALDM.BO,GK Steel & Allied Industries Ltd
PREMPIPES.BO,Premier Pipes Ltd
IMEC.BO,Imec Services Ltd
SNGMALM.BO,Sangam Aluminium Ltd
JALNISP.BO,Jalan Ispat Castings Ltd
MDRNSTL.BO,Modern Steels Ltd
TERRASCOPE.BO,Terrascope Ventures Ltd
SYNTHFO.BO,Synthiko Foils Ltd
GOLKONDA.BO,Golkonda Aluminium Extrusions Ltd
ATMASTL.BO,Atma Steels Ltd
KUSMINV.BO,Kusum Ingots & Alloys Ltd
AMBJELE.BO,Ambuja Electrocastings Ltd
TAMSPON.BO,Tamilnadu Sponge Ltd
GSALIND.BO,GSAL India Ltd
DHTUSNK.BO,Dhatu Sanskar Ltd
BHUWALST.BO,Bhuwalka Steel Industries Ltd
METALFORGE.BO,Metalyst Forgings Ltd
GUJTLRM.BO,Gujarat Toolroom Ltd
GFSTEELS.BO,Grand Foundry Ltd
JALNFRG.BO,Jalan Forgings Ltd
AJMERA.BO,Ajmera Realty & Infra India Ltd
SRKRSTR.BO,SKS Ltd
COCHINM.BO,Cochin Minerals & Rutiles Ltd
MRMGAST.BO,Marmagoa Steel Ltd
AMBJZNC.BO,Ambuja Zinc Ltd
PARINFRA.BO,Parab Infra Ltd
ISWL.BO,India Steel Works Ltd
VARAHI.BO,Varahi Diamonds Ltd
KVFORGE.BO,Krishanveer Forge Ltd
CARBORUNIV.BO,Carborundum Universal Ltd
MMTC.BO,MMTC Ltd
DHAPOWR.BO,Dharmadeep Powerdive Industries Ltd
INSSADM.BO,Indian Seamless Steels & Alloys Ltd
DHTUFRG.BO,Dhatu Forge Ltd
SNGHLSW-B.BO,Singhal Swaroop Ispat Ltd
NOVST.BO,Nova Steel (India) Ltd
VALLABHSQ.BO,Vallabh Steels Ltd
ORDEIND.BO,Orde Industries Ltd
ASHIS.BO,Ashiana Ispat Ltd
PMTELELIN.BO,P.M. Telelinnks Ltd
PENNARALUM.BO,Pennar Aluminium Company Ltd
RAIPF.BO,Raj Irrigation Pipes & Fittings Ltd
RAJINAL.BO,Rajinder Alloys Ltd
ALCOBMT-B.BO,Alcobex Metals Ltd
SMPL.BO,Splendid Metal Products Ltd
SMFIL.BO,Smiths & Founders (India) Ltd
LADAMST.BO,Ladam Steels Ltd
BLOIN.BO,Bloom Industries Ltd
ELLOSTL.BO,Ellora Steels Ltd
TRINETRA.BO,Trinetra Cement Ltd
MAITRI.BO,Maitri Enterprises Ltd
TATAMETALI.BO,Tata Metaliks Ltd
SHAHALLOYS.BO,Shah Alloys Ltd
RAJAMBI.BO,Rajasthan Ambuja Industries Ltd
ANIKSTL.BO,Anik Steel Ltd
SWETAST.BO,Sweatamber Steel Ltd
JSWISPL.BO,JSW Ispat Special Products Ltd
GANFNDR.BO,Ganesh Foundry & Casting Ltd
MRDIACO.BO,Mardia Copper Products Ltd
ELANGO.BO,Elango Industries Ltd
KANSHST.BO,Kanishk Steel Industries Ltd
ASIANAL-B.BO,Asian Alloys Ltd
MAHALXSE.BO,Mahalaxmi Seamless Ltd
SAMNAST.BO,Samana Steels Ltd
USHAIRN.BO,Usha Iron & Ferro Metals Corporation Ltd
DENHSTLDM.BO,Denholm Steels Ltd
SIMPLEXCAS.BO,Simplex Castings Ltd
STRNJAY.BO,Shatrunjay Extrusions Ltd
SAURALL.BO,Saurabh Alloys Castings Ltd
RAKSTEL.BO,Rakan Steels Ltd
UNIMETA.BO,Uni Metal Alloys Ltd
TRIDSTLDM.BO,Trident Steels Ltd
SSWRL.BO,Shree Steel Wire Ropes Ltd
GUJCONC.BO,Gujarat Concast Ltd
ASLOSTL.BO,Aslo Steel Ltd
SIZEMASTER.BO,Sizemasters Technology Ltd
SOUTHMG.BO,Southern Magnesium & Chemicals Ltd
CHARMST.BO,Charminar Steels Ltd
BAROEXT.BO,Baroda Extrusion Ltd
JAYAGRO.BO,Jay Agro Chem Ltd
STARELE.BO,Star Precision Electronics India Ltd
GUJCONT.BO,Gujarat Containers Ltd
KALYANIFRG.BO,Kalyani Forge Ltd
PANCHMAHQ.BO,Panchmahal Steel Ltd
ADITYA.BO,Aditya Ispat Ltd
SRIND.BO,SR Industries Ltd
STEELCAS.BO,Steelcast Ltd
PITTIENG.BO,Pitti Engineering Ltd
PUNIRST.BO,Punjab Iron & Steel Company Ltd
SHREGRN.BO,Shreeji Industries Ltd
GLITTEKG.BO,Glittek Granites Ltd
STELCOST.BO,Stelco Strips Ltd
PRADPME.BO,Pradeep Metals Ltd
VARDHINDQ.BO,Vardhman Industries Ltd
GNRL.BO,Gujarat Natural Resources Ltd
TNSTLTU.BO,Tamilnadu Steel Tubes Ltd
JAYIRST.BO,Jay Iron & Steels Industries Ltd
MSCTC.BO,Mardia Samyoung Capillary Tubes Company Ltd
SHRDAIS.BO,Sharda Ispat Ltd
MAHASTEEL.BO,Mahamaya Steel Industries Ltd
SERHDMT.BO,Spearhead Metals & Alloys Ltd
REALSTR.BO,Real Strips Ltd
VIRAJAL.BO,Viraj Alloys Ltd
MITHIMJ.BO,Mithila Steel Industries Ltd
NOVIS.BO,Nova Iron & Steel Ltd
RATHIMJ.BO,Rathi Industries Ltd
VISHWAST.BO,Vishwas Steels Ltd
STERPOW.BO,Sterling Powergensys Ltd
MIDWEIR.BO,Midwest Iron & Steel Company Ltd
FFPL.BO,Foundry Fuel Products Ltd
SB&TINTL.BO,SB&T International Ltd
STACH.BO,Standard Chrome Ltd
GLEITLAI.BO,Gleitlager India Ltd
SURANAIND.BO,Surana Industries Ltd
HINDCOPPER.BO,Hindustan Copper Ltd
MALHOST.BO,Malhotra Steel Industries Ltd
MORWIRE.BO,Moira Wires Ltd
SRIPIPES.BO,Srikalahasthi Pipes Ltd
SRIVASAV.BO,Sri Vasavi Industries Ltd
PITHMST.BO,Pithampur Steels Ltd
PRESHAMET.BO,Presha Metallurgical Ltd
SHIVLOH.BO,Shivalik Loha Mills Ltd
INLACGR.BO,Inlac Granston Ltd
GLOARYA.BO,Global Arya Industries Ltd
SMELTER.BO,Smelters (India) Ltd
KUSIS.BO,Kusum Iron & Steel Ltd
KRISFEP.BO,Krishna Ferro Products Ltd
TULSYAN.BO,Tulsyan NEC Ltd
RAJMALL.BO,Rajesh Malleables Ltd
DHARIND.BO,Dhar Industries Ltd
PANAUTO.BO,Pan Auto Ltd
TALVROC.BO,Talavadi Rock & Mineral Products Ltd
NATUSTO.BO,Natural Stone Exports Ltd
HJSSTON.BO,HJS Stones Ltd
AXELPOLY.BO,Axel Polymers Ltd
BALAJST.BO,Balaji Steel Tubes & Pipes Ltd
DEWNSTL.BO,Dewan Steels Ltd
MARGPROIN.BO,Marg Projects and Infrastructure Ltd
CENTSHT.BO,Century Sheet Metals (India) Ltd
MIDEINT.BO,Mideast Integrated Steels Ltd
NLCINDIA.BO,NLC India Ltd
MULTIARC.BO,Multi Arc India Ltd
SPECTRA.BO,Spectra Industries Ltd
JMTAUTOLTD.BO,JMT Auto Ltd
KAJARIR.BO,KIC Metaliks Ltd
SIDVIME.BO,Siddhi Vinayak Metals Company Ltd
SINGALLDM.BO,Singh Alloys & Steel Ltd
SOLIDSTON.BO,Solid Stone Company Ltd
AACHALL.BO,Aachal Alloys Ltd
KUMARWI.BO,Kumar Wire Cloth Manufacturing Company Ltd
VARDWIR.BO,Vardhaman Wires & Polymers Ltd
MARDIAST.BO,Mardia Steel Ltd
SHILGRAVQ.BO,Shilp Gravures Ltd
KITTIST.BO,Kitti Steels Ltd
WHITEORG.BO,White Organic Agro Ltd
VALLYAB.BO,Valley Abrasives Ltd
SAROMET.BO,Sarovar Metallwerke Industrial Ltd
MFSINTRCRP.BO,MFS Intercorp Ltd
HGIND.BO,HG Industries Ltd
CVSTEEL.BO,CV Steels Ltd
RANJEEV.BO,Ranjeev Alloys Ltd
AROGRANITE.BO,Aro Granite Industries Ltd
JGFOUMT.BO,JG Foundry Ltd
SHPOMMT.BO,Shree Pomani Metals & Alloys Ltd
RUDRAECO.BO,Rudra Ecovation Ltd
GUJFILA.BO,Gujarat Filaments Ltd
PRSRSYN-B.BO,Parasrampuria Synthetics Ltd
BINDLTX.BO,Bindal Textile Mills Ltd
RAJKSYN.BO,Rajkamal Synthetics Ltd
DEEPAKSP.BO,Deepak Spinners Ltd
SHRDATX.BO,Sharda Textile Mills (India) Ltd
JBFIND.BO,JBF Industries Ltd
LOYALTEX.BO,Loyal Textile Mills Ltd
AKCSYNT.BO,AKC Synthetics Ltd
PRSRIND.BO,Parasrampuria Industries Ltd
HIMATSEIDE.BO,Himatsingka Seide Ltd
BSL.BO,BSL Ltd
ADHUSYN.BO,Adhunik Synthetics Ltd
MARKOBENZ.BO,Markobenz Ventures Ltd
TRIMSYN.BO,Trimurti Synthetics Ltd
RAJPOLY.BO,Rajasthan Polyesters Ltd
KRIMPEX.BO,Krimpex Synthetics Ltd
PBMPOLY.BO,PBM Polytex Ltd
FUSPOLY.BO,Fusion Polymers Ltd
ADINATH.BO,Adinath Textiles Ltd
OASISTEX.BO,Oasis Textiles Ltd
GUPTSYN.BO,Gupta Synthetics Ltd
ESKAY.BO,Eskay KnIT India Ltd
ARIHANTCOT.BO,Arihant Cotsyn Ltd
KONARKSY.BO,Konark Synthetic Ltd
ARYNFFB-B.BO,Aryan Finefab Ltd
SURYALA.BO,Suryalata Spinning Mills Ltd
SURYVANSP.BO,Suryavanshi Spinning Mills Ltd
TTL.BO,T T Ltd
UNIWORTH.BO,Uniworth Ltd
LKSHSYN-B.BO,Lakshmi Synthetic Machinery Manufacturers Ltd
SHAMKMUL.BO,Shamken Multifab Ltd
VKAYFIBDM.BO,VeeKay Fibres Ltd
MAHENPET.BO,Mahendra Petrochemicals Ltd
WELSPUNLIV.BO,Welspun Living Ltd
INDIANACRY.BO,Indian Acrylics Ltd
GANECOS.BO,Ganesha Ecosphere Ltd
VIKASAS.BO,Vikas Asbestos Ltd
CEETAIN.BO,Ceeta Industries Ltd
VARDMNPOLY.BO,Vardhman Polytex Ltd
RISHYRN.BO,Rishab Special Yarns Ltd
PUNFIBR.BO,Punjab Fibres Ltd
BLACKROSE.BO,Black Rose Industries Ltd
SHATEX.BO,Shatex Industries Ltd
KESWASY.BO,Keswani Synthetics Industries Ltd
BHIWDEN.BO,Bhiwani Denim & Apparels Ltd
STCORP.BO,S & T Corporation Ltd
BALATECIN.BO,Bala Techno Industries Ltd
MARUTISDM.BO,Maruti Syntex (India) Ltd
LOHIAPL.BO,Lohia Polyester Ltd
LIBRAFL.BO,Libra Filaments Ltd
NUFABID.BO,Nufab Industries Ltd
SHAMKENC.BO,Shamken Cotsyn Ltd
SUMEETINDS.BO,Sumeet Industries Ltd
MKDOTEX.BO,Mikado Textiles Industries Ltd
BINNY.BO,Binny Ltd
ZSRMEENDM.BO,Sree Meenakshi Mills Ltd
NHRFBDM.BO,NHRFBDM
KLIFESTYL.BO,K-Lifestyle & Industries Ltd
RAMGOPOLY.BO,Ramgopal Polytex Ltd
KAYELSY.BO,Kayel Syntex Ltd
MADHUMI-B.BO,Madhumilan Syntex Ltd
CHANDSY.BO,Chandra Synthetics Ltd
SANGAMIND.BO,Sangam India Ltd
TTLEL.BO,TTL Enterprises Ltd
MKVENTURES.BO,Mkventures Capital Ltd
KUSHIND.BO,Kush Industries Ltd
MHMLIND.BO,MH Mills & Industries Ltd
SILKONS.BO,Silkon Silk Mills Exports Ltd
EASTRNSI.BO,Eastern Silk Industries Ltd
SRECR.BO,Sreechem Resins Ltd
MAYASPN.BO,Maya Spinners Ltd
GIRNFIB.BO,Girnar Fibres Ltd
ENKTEXFOOD.BO,Enkay Texofood Industries Ltd
HYTONE.BO,Hytone Texstyles Ltd
SURBHIN.BO,Surbhi Industries Ltd
ANKITYN.BO,Ankit Yarns Ltd
SEASONST.BO,Seasons Textiles Ltd
ZENIFIB.BO,Zenith Fibres Ltd
SUBHTXT.BO,Subhakti Textiles Ltd
AMARPLY.BO,Amar Polyesters Ltd
BHILSPIN.BO,Bhilwara Spinners Ltd
AARVEEDEN.BO,Aarvee Denims & Exports Ltd
GJKNIT.BO,Gujarat Narmada Knitwear Ltd
SANTETX.BO,Sanrhea Technical Textiles Ltd
UNIIN.BO,Uniworth International Ltd
GKAYTEX.BO,Gee Kay Textiles Ltd
ASHIMASYN.BO,Ashima Ltd
INDPLYF.BO,Indian Polyfins Ltd
KREMSPN.BO,Kareems Spun Silk Ltd
HARYANATEX.BO,Haryana Texprints (Overseas) Ltd
INTEGRAL.BO,Integral Knit Co. Ltd
PIONEEREMB.BO,Pioneer Embroideries Ltd
VIPPYSP.BO,Vippy Spinpro Ltd
SKUMARN.BO,S. Kumars Nationwide Ltd
GARLNIN.BO,Garlon Polyfab Industries Ltd
HANJFIB.BO,Hanjer Fibres Ltd
PATEXTI.BO,Patodia Textiles Ltd
JAIHINDS.BO,Jaihind Synthetics Ltd
YNGIRSY.BO,Yangir Synthetics Ltd
RAGHUSYN.BO,Raghuvir Synthetics Ltd
JATTAINDUS.BO,Jattashankar Industries Ltd
KAMADGIRI.BO,Kamadgiri Fashion Ltd
OMNITEX.BO,Omnitex Industries India Ltd
PATSPINLTD.BO,Patspin India Ltd
NACHKNIT.BO,Nachmo Knitex Ltd
ONEGLOBAL.BO,One Global Service Provider Ltd
NEOINFRA.BO,Neo Infracon Ltd
DIVYENT.BO,Divya Enterprises Ltd
GENESIS.BO,Genesis Ibrc India Ltd
ADITYPL.BO,Aditya Polymers Ltd
ARNMNTX.BO,Arun Mantex Ltd
BINASYN.BO,Binaca Synthetics Resins Ltd
BAROPOL.BO,Baroda Polyplast Ltd
WINSOME.BO,Winsome Yarns Ltd
SSTSILKS.BO,Sstella Silks Ltd
PAROSYN.BO,Paro Syntex Ltd
PREMIERPOL.BO,Premier Polyfilm Ltd
EVERFIN.BO,Everlon Financials Ltd
KRRAIL.BO,K&R Rail Engineering Ltd
ORIEFAB.BO,Orient Fabritex Ltd
MUKSYNT.BO,Mukund Syntex Ltd
CITIZYN.BO,Citizen Yarns Ltd
HARPOLY.BO,Harsh Polymers India Ltd
USHMAPL.BO,Ushma Polymers Ltd
JAIPSYN.BO,Jaipur Syntex Ltd
YARNSYN.BO,Yarn Syndicate Ltd
MAIKALFI.BO,Maikaal Fibres Ltd
UNIRLEA.BO,Uniroll Leather India Ltd
GUJCOTEX.BO,Gujarat Cotex Ltd
KARNIND.BO,Karan Industries Ltd
JAIMI.BO,Jai Mata Industries Ltd
AJIL.BO,Atlas Jewellery India Ltd
ARMPOLY.BO,ARM Polymers Ltd
SHEETFI.BO,Sheetal Filaments Ltd
GARWSYN.BO,Garware Synthetics Ltd
ECOHOTELS.BO,Eco Hotels And Resorts Ltd
KRISSYN.BO,Krishna Synthetics Ltd
NEINTEX.BO,Neo Intex Mills Ltd
ORTOSYN.BO,Orton Synthetics Ltd
TOORPSY.BO,Toor Spinners Ltd
SARUPINDUS.BO,Sarup Industries Ltd
OXFORDIN.BO,Oxford Industries Ltd
KAMALDS.BO,Kamaldeep Synthetic Ltd
MANORG.BO,Mangalam Organics Ltd
SDHATER.BO,Sharadha Terry Products Ltd
HINDADH.BO,Hindustan Adhesives Ltd
RAJRS.BO,Rajratan Synthetics Ltd
NTEXINDDM.BO,Novotex Industries Ltd
RSLINDU.BO,RSL Industries Ltd.
KONGINT.BO,Kongarar Integrated Fibres Ltd
SUPSOXL.BO,Superior Sox Ltd
BPAGRI.BO,Blue Pearl Agriventures Ltd
SRIKPRIND.BO,Sri KPR Industries Ltd
LSIND.BO,LS Industries Ltd
JYOTIRES.BO,Jyoti Resins & Adhesives Ltd
MHLXMIRU.BO,Mahalaxmi Rubtech Ltd
ADHUYRN.BO,Adhunik Yarns Ltd
SOUTLAT.BO,Southern Latex Ltd
METROOV.BO,Metropoli Overseas Ltd
SHANINT.BO,Shaan Interwell India Ltd
OSWAYRN.BO,Oswal Yarns Ltd
TAICHONG.BO,TAI Chonbang Textile Industries Ltd
ESSJSYN.BO,Essjay Synthetics Ltd
WINSOMTX.BO,Winsome Textile Industries Ltd
FILAMENT.BO,Filaments India Ltd
FAIRDSY.BO,Fairdeal Filaments Ltd
AKAIMPX.BO,Akai Impex Ltd
TERRYGOL.BO,Terrygold India Ltd
ARIHANTRED.BO,Arihant Threads Ltd
ASAHIIND.BO,Asahi Industries Ltd
THAMBBI.BO,Thambbi Modern Spinning Mills Ltd
POLTC.BO,Polygenta Technologies Ltd
SARDAINF.BO,Sarda Information Technology Ltd
INDPOLYS.BO,India Polyspin Ltd
MANGALVEN.BO,Mangalam Ventures Ltd
SHSHYAM.BO,Shree Shyam Fabrics Ltd
SPACI.BO,Spartek Ceramics India Ltd
MODINSU.BO,Modern Insulators Ltd
UNIFRAXINDM.BO,Unifrax India Ltd
REGENCERAM.BO,Regency Ceramics Ltd
VICGLSS.BO,Victory Glass & Industries Ltd
WILDONDM.BO,Wildon India Ltd
ASAHIINDIA.BO,Asahi India Glass Ltd
ROCKCOP.BO,Rock Copco Ltd
BELLCERA.BO,Bell Ceramics Ltd
MURUDCERA.BO,Murudeshwar Ceramics Ltd
MTLXCER.BO,Metlex Ceramics Ltd
SAINTGOBAIN.BO,Saint Gobain Sekurit India Ltd
ATULGLS.BO,Atul Glass Industries Ltd
ZGMBCERA.BO,GMB Ceramics Ltd
GUJRFTO.BO,Gujarat Refractories Ltd
ANANTRAJ.BO,Anant Raj Ltd
MADHUDIN.BO,Madhusudan Industries Ltd
GRPOGRN.BO,Grapco Industries Ltd
SANDPLS.BO,Sand Plast (India) Ltd
SRIVAJRA.BO,Sri Vajra Granites Ltd
RESTILE.BO,Restile Ceramics Ltd
DCCNGRN.BO,Deccan Granites Ltd
MADHAV.BO,Madhav Marbles & Granites Ltd
GGGRAN.BO,Gee Gee Granites Ltd
VERTICLIND.BO,Vertical Industries Ltd
YNPYMN.BO,Yenepoya Minerals & Granites Ltd
CHARMGR.BO,Charminar Granites Exports Ltd
ASSMRMO.BO,Associated Marmo & Granites Ltd
PRACERA.BO,Prakash Ceramics Ltd
CRBCORP.BO,CRB Corporation Ltd
STIGRAN.BO,STI Granite India Ltd
UPMINRL.BO,U P Mineral Products Ltd
COMTGLS.BO,Comet Glass Ltd
RAMASIGNS.BO,Ramasigns Industries Ltd
DUCKFIN.BO,Duckfine International Ltd
CANAGLS.BO,Cana Glass Ltd
PHILIPSGLDM.BO,Philips Glass India Ltd
HARYANSHET.BO,Haryana Sheet Glass Ltd
HINDNATGLS.BO,Hindusthan National Glass & Industries Ltd
HALDYNGL.BO,Haldyn Glass Ltd
HINDCER.BO,Hindustan Ceramics Ltd
HIMATAUT.BO,Himatsingka Auto Enterprises Ltd
TUNGPUL.BO,Tungabhadra Pulp & Board Mills Ltd
DUROPLY.BO,Duroply Industries Ltd
MANGTIMBER.BO,Mangalam Timber Products Ltd
BESTBRD.BO,Best Board Ltd
SHREYANIND.BO,Shreyans Industries Ltd
AGIOPAPER.BO,Agio Paper & Industries Ltd
STARPAPER.BO,Star Paper Mills Ltd
SHREAMBP.BO,Shree Ambeshwar Paper Mills Ltd
PAKKA.BO,Pakka Ltd
TAHMARENT.BO,Tahmar Enterprises Ltd
SUSHLPU.BO,Sushila Pulp Paper Ltd
RNPAPER.BO,RN Paper & Board Ltd
SOMAPPR.BO,Soma Papers & Industries Ltd
SHREEIN.BO,Shree Industries Ltd
DADRAWP.BO,Dadrawala Papers Ltd
NAYAPAP.BO,Nayagara Paper Products India Ltd
SHEFAPP.BO,Shefali Papers Ltd
NISHPAP.BO,Nishant Paper Mills Ltd
BUTAPRNDM.BO,Bhutta Printing & Allied Industries Ltd
RUPALAM.BO,Rupal Laminates Ltd
FLORAWA.BO,Flora Wall Covering Ltd
JACKPRD.BO,Jackard Products Ltd
NATPLY.BO,National Plywood Industries Ltd
ARROWGREEN.BO,Arrow Greentech Ltd
MUKPA.BO,Mukerian Papers Ltd
CRESCOL.BO,Crescent Colorcoat Systems Ltd
VISHNU.BO,Vishnu Chemicals Ltd
RANAMOH.BO,Rana Mohendra Papers Ltd
ADORTECH.BO,Ador Technopak Ltd
JUMBO.BO,Jumbo Bag Ltd
SUPEPOL.BO,Super Polyfabriks Ltd
NRAIL.BO,NR Agarwal Industries Ltd
VIDHIIN.BO,Vidhi Industries Ltd
SRPML.BO,Shree Rajeshwaranand Paper Mills Ltd
SAURAPB-B.BO,Saurashtra Paper & Board Mills Ltd
WATSSOFT.BO,Watson Software Ltd
3PLAND.BO,3P Land Holdings Ltd
SANPA.BO,Sangal Papers Ltd
VENTURA.BO,Ventura Textiles Ltd
CONWAYP-BDM.BO,Conway Printers Ltd
CRESPAP.BO,Crest Paper Mills Ltd
SHKARTP.BO,Shree Karthik Papers Ltd
STHINPA.BO,South India Paper Mills Ltd
FAMILYCARE.BO,Family Care Hospitals Ltd
BKDUPLEX.BO,BK Duplex Board Ltd
BIRLAPOWER.BO,Birla Power Solutions Ltd
PIONAUT.BO,Pioneer Auto Lamps Ltd
VINDHYATEL.BO,Vindhya Telelinks Ltd
POWERFL.BO,Powerflow Ltd
RIR.BO,RIR Power Electronics Ltd
ADORWELD.BO,Ador Welding Ltd
IDM.BO,International Data Management Ltd
FORWSEC.BO,Forward Securities Ltd
PUNSUMI.BO,Punsumi India Ltd
RPGCAB.BO,RPG Cables Ltd
SALZERELEC.BO,Salzer Electronics Ltd
JETKINGQ.BO,Jetking Infotrain Ltd
INDAGIV.BO,Ind Agiv Commerce Ltd
HIGHGROUND.BO,High Ground Enterprise Ltd
WSTNCOM.BO,Weston Components Ltd
APLAB.BO,Aplab Ltd
PCS.BO,PCS Technology Ltd
VHELIND-B.BO,VHEL Industries Ltd
MOSERBAER.BO,Moser Baer India Ltd
USHAMART.BO,Usha Martin Ltd
SPARKPL.BO,Spark Plugs Company India Ltd
TELECABL.BO,Telephone Cables Ltd
ZENITHCOMP.BO,Zenith Computers Ltd
SPELS.BO,SPEL Semiconductor Ltd
SUBROS.BO,Subros Ltd
EDVENSWA.BO,Edvenswa Enterprises Ltd
PERVASIVE.BO,Pervasive Commodities Ltd
HONAUT.BO,Honeywell Automation India Ltd
WEBLCOM.BO,Webel Communication Industries Ltd
TEKTRON.BO,TEKTRON
SLDAIRE.BO,Solidaire India Ltd
ORGINFO.BO,ORG Informatics Ltd
NATNSWI.BO,National Switchgears Ltd
SWITCHTE.BO,Switching Technologies Gunther Ltd
BEELE.BO,Bee Electronic Machines Ltd
ELNETLDM.BO,Elnet Ltd
LUMAXIND.BO,Lumax Industries Ltd
TOSHA.BO,Tosha International Ltd
HOTLINET.BO,Hotline Teletube & Components Ltd
ONIDASAV.BO,Onida Savak Ltd
AKGACCU.BO,AKG Accoustics (India) Ltd
DIGISPICE.BO,Digispice Technologies Ltd
YOKOGAWA.BO,Yokogawa India Ltd
INCAB.BO,Incab Industries Ltd
BPLREF.BO,B S Refrigerators Ltd
SUJANAUNI.BO,Sujana Universal Industries Ltd
TRENDELEC.BO,Trend Electronics Ltd
PAEL.BO,PAE Ltd
CALCOM.BO,Calcom Vision Ltd
DYNAVSN.BO,Dynavision Ltd
SAKA.BO,Saka Ltd
HINDPOW.BO,Hindustan Powerplus Ltd
BCCFUBA.BO,BCC Fuba India Ltd
BST.BO,BST Ltd
INTEGRA.BO,Integra India Group Company Ltd
PROFCIR.BO,Professional Circuit Board Ltd
PRECISIO.BO,Precision Electronics Ltd
FINELINE.BO,Fine Line Circuits Ltd
PRTHELE.BO,Protech Electromech Ltd
NAMTECHELE.BO,Namtech Electronic Devices Ltd
HBLENGINE.BO,HBL Engineering Ltd
S&SPOWER.BO,S&S Power Switchgear Ltd
SRYMRPH.BO,Surya Morphy Richards Ltd
INTRODM.BO,Intron Ltd
VIJAYIND.BO,Vijay Industries & Projects Ltd
TRNSPEN.BO,Transpower Engineering Ltd
VPPOLYC.BO,VP Telecon Ltd
AUTOPAL.BO,Autopal Industries Ltd
GUJARATPOLY.BO,Gujarat Poly Electronics Ltd
PHOENIXLL.BO,Phoenix Lamps Ltd
GIPCL.BO,Gujarat Industries Power Company Ltd
MDHITCH.BO,Madras Hi-Tech Circuits Ltd
ELCAPCP.BO,Elcaps Capacitors Ltd
SALZCNTDM.BO,Salzer Controls Ltd
INDOASFU.BO,Indo Asian Fusegear Ltd
MAGNUS.BO,Magnus Retail Ltd
CMC.BO,CMC Ltd
SPRMCON.BO,Supreme Conductors Ltd
CMICABLES.BO,CMI Ltd
MUKATITDM.BO,Mukati Transformers Ltd
MOTHERSON.BO,Samvardhana Motherson International Ltd
MODMA.BO,Modern Malleables Ltd
MINTAGE.BO,Mintage Electro Equipments Ltd
MINDTECK.BO,Mindteck (India) Ltd
PURVIEL.BO,Purvi Electronics Ltd
DIGIWRDDM.BO,Digital World India Ltd
EIDRELE.BO,Eider Electronics Ltd
HAVELLS.BO,Havells India Ltd
ACIIN.BO,ACI Infocom Ltd
ELITAPL.BO,Elite Appliances Ltd
SBECSYS.BO,SBEC Systems India Ltd
ALACRIEL.BO,Alacrity Electronics Ltd
SRSTENT-B.BO,SRSTENT-B
INCAP.BO,Incap Ltd
GUJINTRX.BO,Gujarat Intrux Ltd
MUKSTRI.BO,Mukesh Strips Ltd
OPAL.BO,Opal Industries Ltd
ELEXT.BO,Electrex India Ltd
IGARASHI.BO,Igarashi Motors India Ltd
KRISOEL.BO,Krisons Electronic Systems Ltd
SYMPHONY.BO,Symphony Ltd
USHAUDG.BO,USHAUDG
GAMIE.BO,Gamma Infoway Exalt Ltd
VINTRON.BO,Vintron Informatics Ltd
UCALPWR.BO,Ucal Power Systems Ltd
PANELEC.BO,Pan Electronics India Ltd
VXLINSTR.BO,VXL Instruments Ltd
SUNSOUI.BO,Sun Source India Ltd
ADITYEL.BO,Aditya Electro Communication Ltd
TOYAMAQ.BO,Toyama Electric Ltd
SHYAMTEL.BO,Shyam Telecom Ltd
LEENEE.BO,Lee & Nee Softwares Exports Ltd
PATELSAI.BO,Patels Airtemp India Ltd
HARTNCO.BO,Hartron Communications Ltd
BUTTERFLY.BO,Butterfly Gandhimathi Appliances Ltd
INTEGSW.BO,Integra Switchgear Ltd
HARTNET.BO,Hartron Networks Ltd
ATHENAGLO.BO,Athena Global Technologies Ltd
NARMP.BO,Narmada Macplast Drip Irrigation Systems Ltd
INSOE.BO,Innovation Software Exports Ltd
EQUPCON.BO,Equipment Conductors & Cables Ltd
DUTRON.BO,Dutron Polymers Ltd
TRNINGL.BO,Trans India Glass Ltd
RSSOFTWARE.BO,R.S. Software (India) Ltd
MAGNAELQ.BO,Magna Electro Castings Ltd
ARUNPIPDM.BO,Arun Pipes Ltd
ANCO.BO,Anco Communications Ltd
LINAKS.BO,Linaks Microelectronics Ltd
ODVDC.BO,Odyssey Video Communications Ltd
MARSONS.BO,Marsons Ltd
WORLDGT.BO,World Digital Sound Ltd
KOATOOLIN.BO,Koa Tools India Ltd
DATAPRO.BO,Datapro Information Technology Ltd
ELNET.BO,Elnet Technologies Ltd
APTL.BO,Artech Power & Trading Ltd
MICROEN.BO,Micro Energy India Ltd
INDOPWR.BO,Indo Power Cables Ltd
SATKAR.BO,Satkar Electronics Ltd
SUPSTAW.BO,Superstar Welding Industries Ltd
STIPROD.BO,STI Products India Ltd
ACCEL.BO,Accel Ltd
RICOHQ.BO,Ricoh India Ltd
WEBELSOLAR.BO,Websol Energy System Ltd
ROTO.BO,Roto Pumps Ltd
ICESOFT.BO,ICES Software Ltd
GEMCABLE.BO,Gem Cables & Conductors Ltd
TTKPRESTIG.BO,TTK Prestige Ltd
DYNIDUS-B.BO,Dynavox Industries Ltd
DIGHELE.BO,Dighe Electronics Ltd
MOTIELE.BO,Moti Electric Industries Ltd
DHINDIA.BO,D & H India Ltd
DATARSW-B.BO,Datar Switchgear Ltd
LEEL.BO,Leel Electricals Ltd
RAJRATAN.BO,Rajratan Global Wire Ltd
INDITALIA.BO,Inditalia Refcon Ltd
SJBTUBE.BO,SJB Tubes Ltd
SURANAT&P.BO,Surana Telecom and Power Ltd
RAJVELE.BO,Rajvebh Electronics Ltd
NIVINFRA.BO,Nivyah Infrastructure & Telecom Services Ltd
ONWARDTEC.BO,Onward Technologies Ltd
DIGIMULT.BO,Digital Multiforms Ltd
NEXUSSOF.BO,Nexus Software Ltd
CENTUM.BO,Centum Electronics Ltd
ALFATRAN.BO,Alfa Transformers Ltd
STARLITE.BO,Starlite Components Ltd
ADVNCMIC.BO,Advanced Micronic Devices Ltd
NHCFOODS.BO,NHC Foods Ltd
PVP.BO,PVP Ventures Ltd
TINAELE.BO,Tina Electronics Ltd
TRIGYN.BO,Trigyn Technologies Ltd
CLENON.BO,Clenon Enterprises Ltd
ASHCONIUL.BO,Ashco Niulab Industries Ltd
RAMSTEL.BO,Rams Transformers Ltd
KEI.BO,KEI Industries Ltd
INDLMETER.BO,IMP Powers Ltd
DMCEDU.BO,DMC Education Ltd
KEERTHI.BO,Keerthi Industries Ltd
BHEEMACEM.BO,Bheema Cements Ltd
SRVIC.BO,Sri Vishnu Cement Ltd
SUDRCEM.BO,Sudarshan Cements Ltd
GSCLCEMENT.BO,Gujarat Sidhee Cement Ltd
BALACEM.BO,Balaram Cements Ltd
PRCEM.BO,PR Cements Ltd
JPTRCEM.BO,Jupiter Cement Industries Ltd
VINAYCEM.BO,Vinay Cements Ltd
SRICC.BO,Sri Chakra Cement Ltd
PRCEMENDM.BO,Prudential Cements Ltd
PANASIN.BO,Pan Asia Industries Ltd
BANJCEM.BO,Banjara Cements Ltd
SOMANCM.BO,Somani Cement Company Ltd
LKSMCEM.BO,Lakshmi Cement & Ceremics industries Ltd
SURAJ.BO,Suraj Products Ltd
RAGHCEM.BO,Raghoji Cement Manufacturing Company Ltd
MAHNDCM.BO,Mahendra Cements Ltd
MODECEM.BO,Modern Cement Ltd
SSIMHCM.BO,Sri Simhadri Cements Ltd
SINGLCM.BO,Singhal Cement & Allied Industries Ltd
SHUBI.BO,Shubham Industries Ltd
APCL.BO,Anjani Portland Cement Ltd
GANGCEM.BO,Gangotri Cement Ltd
VSHWCEM.BO,Vishwakarma Cements Ltd
INDACEM.BO,Indo American Cement Corporation Ltd
RANISCM.BO,Ranisagar Cement Company Ltd
VARUCEM-B.BO,Varun Cements Ltd
SIGMACE.BO,Sigma Cements Ltd
MODINATUR.BO,Modi Naturals Ltd
ALPININ-B.BO,Alpine Industries Ltd
PRSNTIN.BO,Prashant India Ltd
ASHOKCT.BO,Ashoka Cotseeds Ltd
KCHROIL.BO,Kocher Oil Mills Ltd
PRESTIG.BO,Prestige Foods Ltd
SHAHFOOD.BO,Shah Foods Ltd
WADALACOM.BO,Wadala Commodities Ltd
VIPPY.BO,Vippy Industries Ltd
KEDIAVA.BO,Kedia Vanaspati Ltd
ZKHANDEN.BO,Khandelwal Extractions Ltd
ATLSOYA.BO,Atlas Soya Proteins Ltd
SALSTAR.BO,Salstar Foods & Beverages Ltd
NPCHWIN.BO,NP Chewing Gums Ltd
CHHATIN.BO,Chhattar Industries Ltd
TASTYBITE.BO,Tasty Bite Eatables Ltd
RITESHIN.BO,Ritesh International Ltd
AVTNPL.BO,AVT Natural Products Ltd
HNDFDS.BO,Hindustan Foods Ltd
AMRTPRTDM.BO,Amrit Protein Foods Ltd
DHARI.BO,Dharnendra Industries Ltd
NAHARINDUS.BO,Nahar Industrial Enterprises Ltd
MRVJIOL.BO,M Ravji Oil Industries Ltd
VGPRFOO.BO,Vegepro Foods & Feeds Ltd
AMBJFLR.BO,Ambuja Flour Mills Ltd
VRUNAGR.BO,Varuna Agroproteins Ltd
VADILENT.BO,Vadilal Enterprises Ltd
VADILALIND.BO,Vadilal Industries Ltd
KANVA.BO,Kanha Vanaspati Ltd
AMBAGIN.BO,Ambuja Agro Industries Ltd
NIJJER.BO,Nijjer Agro Foods Ltd
BRARVNS.BO,Barar Industries Ltd
ASHAI.BO,Ashiana Agro Industries Ltd
KOTHSOY.BO,Kothari Global Ltd
PRMRPRT.BO,Premier Proteins Ltd
ADFFOODS.BO,Adf Foods Ltd
FORFOOD.BO,Fortune Foods Ltd
MNSGOIL.BO,Mansinghka Oil Products Ltd
RGRL.BO,Retro Green Revolution Ltd
SATGAGR.BO,Satguru Agro Industries Ltd
PANKAGR.BO,Pankaj Agro Protinex Ltd
RICOAGR.BO,RICOAGR
NVCMIND.BO,Navcom Industries Ltd
INOVAFOOD.BO,Innovative Foods Ltd
WILLIMFI.BO,Williamson Financial Services Ltd
AJANTSOY.BO,Ajanta Soya Ltd
RANKAQU.BO,Rank Aqua Estates Ltd
INDBF.BO,Indo Biotech Foods Ltd
WILLAMAGOR.BO,Williamson Magor & Company Ltd
ZBISHDM.BO,Bishnauth Tea Company Ltd
TEMPTFD.BO,Temptation Foods Ltd
KISAAN.BO,Kisaan Parivar Industries Ltd
LIBOMDM.BO,Liberty Oil Mills Ltd
SIEL.BO,Superior Industrial Enterprises Ltd
SUPLFOD.BO,Supplementery Foods Ltd
SPTRSHI.BO,Saptarishi Agro Industries Ltd
SRDAPRT.BO,Sarda Proteins Ltd
HMGRFOD.BO,Himgiri Foods Ltd
JVLAGRO.BO,JVL Agro Industries Ltd
VSHLLTK.BO,Vishal Lakto (India) Ltd
SWADIND.BO,Swad Industries Leasing Ltd
SANWARIA.BO,Sanwaria Consumer Ltd
PRIMAGR.BO,Prima Agro Ltd
NKUMBDP.BO,Nikumbh Dairy Products Ltd
BENGTEA.BO,BENGTEA
JSMNFOD.BO,Jasmina Industries Ltd
UNOINDL.BO,Unno Industries Ltd
AMISNFD.BO,Amison Foods Ltd
RSHBAGR.BO,Rishabh Agro Industries Ltd
MADHURIND.BO,Madhur Industries Ltd
AGRODUTCH.BO,Agro Dutch Industries Ltd
KINGIAQ.BO,Kings International Aqua-Marine Exports Ltd
TARAI.BO,Tarai Foods Ltd
MODAIRY.BO,Modern Dairies Ltd
PRUSRJG.BO,Prudential Sri Jagannath Agro Ltd
CORBIOT.BO,Coromandal Biotech Industries (India) Ltd
BAMBINO.BO,Bambino Agro Industries Ltd
PRIMIND.BO,Prime Industries Ltd
TROMBOEXT.BO,Trombo Extractions Ltd
SVRNAQU.BO,Suvarna Aqua Farms & Exports Ltd
VIKASWSP.BO,Vikas WSP Ltd
PATELFD.BO,Patel Food Product Ltd
SYPAGFD.BO,SYP Agro Foods Ltd
SARVIND.BO,Sarvottam Industries Ltd
BHAGVEG.BO,Bhagyalakshmi Vegetable Products Ltd
JATALIA.BO,Jatalia Global Ventures Ltd
WESTFRT.BO,Western Fruits & Vegetables Ltd
MURLIIND.BO,Murli Industries Ltd
PANASAG.BO,Pan Asia Global Ltd
DHARNAG.BO,Dharnendra Agro Foods Industries Ltd
INDDAIRDM.BO,Indiana Diary Specialities Ltd
VSFPROJ.BO,VSF Projects Ltd
RLAGRO.BO,RL Agrotech Ltd
MLKPIL.BO,Milk Partners India Ltd
NUTCHAG.BO,Nutech Agros Ltd
KLMARAG.BO,Kalyan Marine & Agro Products Ltd
MRTPLST.BO,Maruti Plastics Ltd
SWAIVAN.BO,Swaika Vanaspati Prod Ltd
AMPRPRO.BO,Ampro Products Ltd
GJTAQFD.BO,Gujarat Aqua Industries Ltd
BHAKIND.BO,Bhakra Industries Ltd
GPINDUS.BO,GP Industries Ltd
BANSTEA.BO,Bansisons Tea Industries Ltd
SHISRAG.BO,Shri Ishar Agro Ltd
TRFJTFD.BO,Tirumala Fujitech Aquafarms Ltd
POONADAL.BO,Poona Dal & Oil Industries Ltd
IDANFDF.BO,Indian Food Fermentations Ltd
TRANSFD.BO,Transglobe Foods Ltd
SOMKAFD.BO,Somkan Marine Foods Ltd
VIMALOIL.BO,Vimal Oil & Foods Ltd
RMIFOOD.BO,RMI Foods Ltd
MEHARDT.BO,Mehar Dairy Industries Ltd
WINFAGR.BO,Winfarm Agro Industries Ltd
ANIKINDS.BO,Anik Industries Ltd
SAWNTFD.BO,Sawant Food Products Ltd
IDUSFOD.BO,Indus Foods Ltd
EASTOVR.BO,Eastern Overseas Ltd
DALMIAIN.BO,Dalmia Industries Ltd
HARSM.BO,Haryana Suraj Maltings Ltd
SHINDL.BO,Sharat Industries Ltd
CENTPRTDM.BO,Century Proteins Ltd
INDOAQA.BO,Indo Aquatics Ltd
MILKSPL.BO,Milk Specialities Ltd
SANJAG.BO,Sanjivani Agro Industries Ltd
UNILIFD.BO,Uniliv Foods Ltd
SURSF.BO,Suryachakra Seafoods Ltd
DATIWARE.BO,Datiware Maritime Infra Ltd
KMGMILK.BO,KMG Milk Food Ltd
MONESHIA.BO,Moneshi Agro Industries Ltd
MAYAGRP.BO,Maya Agro Products Ltd
KSE.BO,KSE Ltd
HERMMLK.BO,Herman Milkfoods Ltd
PRAKSOV.BO,Prakash Solvent Extraction Ltd
MAHVIFD.BO,Mahavira Foods Ltd
VAFAGRO.BO,Vafa Agro Ltd
PIONAGR.BO,Pioneer Agro Extracts Ltd
JAIDIND.BO,Jaidka Industries Ltd
THAPOIL.BO,Thapar Oils & Fats Ltd
PAWANPR.BO,Pawan Proteins Ltd
PRIMSOL.BO,Prime Solvent Extractions Ltd
SHRSHAK.BO,Shree Sakthi Agro Oils Ltd
VADIDAI.BO,Vadilal Dairy International Ltd
NARBADA.BO,Narbada Gems and Jewellery Ltd
VIRATCRA.BO,Virat Crane Industries Ltd
CHAKVEG.BO,Chakan Vegoils Ltd
IBINFO.BO,IB Infotech Enterprises Ltd
AVIINDSDM.BO,AVI Industries Ltd
RATVA.BO,Rattan Vanaspati Ltd
AMBARPIL.BO,Ambar Protein Industries Ltd
TRILLENT.BO,Trillenium Technologies Ltd
CHORDIA.BO,Chordia Food Products Ltd
CIANAGRO.BO,CIAN Agro Industries & Infrastructure Ltd
OMEAG.BO,Omega Ag-Seeds Punjab Ltd
MIHIJAM.BO,Mihijam Vanaspati Ltd
TAIIND.BO,TAI Industries Ltd
KOHINOORT.BO,Kohinoor Techno Engineers Ltd
SH.ANJY.BO,Shri Anjaney Agro Foods Ltd
OCEAGRO.BO,Ocean Agro India Ltd
NKIND.BO,NK Industries Ltd
TRATF.BO,Trans Techno Foods Ltd
GLBLFDS.BO,Global Foods Ltd
BKV.BO,BKV Industries Ltd
MAHINDL.BO,Mahadev Industries Ltd
NCCBLUE.BO,NCC Bluewater Products Ltd
GENUINC.BO,Genuine Commodities Dev Company Ltd
ANMOLDY.BO,Anmol Dairy Ltd
DRMSY.BO,Dr M Soy & General Food Ltd
RAJSOLV.BO,Rajesh Solvex Ltd
ROYCMAR.BO,Royce Marine Products Ltd
INTWATR.BO,International Waterbase Ltd
SAHASAG.BO,Sahas Agro Ltd
NORBTEAEXP.BO,Norben Tea & Exports Ltd
ASIANTNE.BO,Asian Tea & Exports Ltd
VISAKAQ.BO,Visakha Aqua Farms Ltd
AGRMARI.BO,Agri Marine Exports Ltd
INDOFREB.BO,Indo French Biotech Enterprise Ltd
KANAFOD.BO,Kanaiya Foods (India) Ltd
VRUNDAG.BO,Vrundavan Agro Industries Ltd
KENGI.BO,Kengold India Ltd
KJINTFD.BO,KJ International Ltd
BUBNMAJ.BO,Bubna Major Bio-Tech Ltd
HERITGFOOD.BO,Heritage Foods Ltd
CONFAGR.BO,Confro Agros Ltd
WESTEFD.BO,Western Foods Ltd
NEHAINT.BO,Neha International Ltd
PASEAFD.BO,PA Seafoods Exports Ltd
ORIEVEG.BO,Orient Vegetexpo Ltd
SIMRAN.BO,Simran Farms Ltd
LAKSHMIO.BO,Lakshmi Overseas Industries Ltd
UNITYAG.BO,Unity Agrotech Industries Ltd
HINDUST.BO,Hindustan Agrigenetics Ltd
INDODFD.BO,Indo-Dutch Proteins Ltd
JAGDAMD.BO,Jagdamba Foods Ltd
HANUMAN.BO,Hanuman Tea Company Ltd
UNTEDFD-B.BO,Unified Agro Industries India Ltd
GOLDEFD.BO,Golden Agro-Tech Industries Ltd
SMILAX.BO,Smilax Industries Ltd
DFM.BO,DFM Foods Ltd
CCL.BO,CCL Products (India) Ltd
KELLTONTEC.BO,Kellton Tech Solutions Ltd
SURFI.BO,Suryo Foods & Industries Ltd
INTEGFD.BO,Integrated Proteins Ltd
LILACFD.BO,Lilac Exports Ltd
SUNCITY.BO,Suncity Industries Ltd
MAHAANF.BO,Mahaan Foods Ltd
VYVRAUT.BO,Vybra Automet Ltd
RICOAUTO.BO,Rico Auto Industries Ltd
OMAXAUTO.BO,Omax Autos Ltd
DENSO.BO,Denso India Ltd
MANSAROVARP.BO,MANSAROVARP
HELLAIND.BO,Hella India Lighting Ltd
MUNJALSHOW.BO,Munjal Showa Ltd
JAMNAAUTO.BO,Jamna Auto Industries Ltd
TVSHLTD.BO,TVS Holdings Ltd
JTEKTINDIA.BO,Jtekt India Ltd
MUNJALAU.BO,Munjal Auto Industries Ltd
LAKSHMIAUTO.BO,Lakshmi Auto Components Ltd
GKNDRDM.BO,GKN Driveshafts (India) Ltd
JAYBARMARU.BO,Jay Bharat Maruti Ltd
RENZTLB-B.BO,Reinz Talbros Ltd
NATAUTO.BO,National Auto Accessories Ltd
JAPSP.BO,Jai Parabolic Springs Ltd
RACLGEAR.BO,RACL Geartech Ltd
SAMKRG.BO,Samkrg Pistons & Rings Ltd
AMTEKAUTO.BO,Amtek Auto Ltd
INDIASTE.BO,India Steamship Company Ltd
SICA.BO,SOU IND CO A
ECSTSTL.BO,Eastcoast Steel Ltd
SICALLOG.BO,Sical Logistics Ltd
SIPNAUT.BO,Sipani Automobiles Ltd
ATOTNSN.BO,Auto Tension Ltd
TVSAUTOL.BO,TVS Autolec Ltd
ZBAJAJTR.BO,ZBAJAJTR
RATNAMANI.BO,Ratnamani Metals & Tubes Ltd
VESUVIUS.BO,Vesuvius India Ltd
BRAKAUT.BO,Brakes Auto India Ltd
SUNKU.BO,Sunku Auto Ltd
ASAL.BO,Automotive Stampings and Assemblies Ltd
ARCEEIN.BO,Arcee Industries Ltd
ABCINDQ.BO,ABC India Ltd
DESIGNAU.BO,Design Auto Systems Ltd
BALTE.BO,Balurghat Technologies Ltd
COARO.BO,Coastal Roadways Ltd
ALANGMR-B.BO,Alang Marine Ltd
JAGSONAI.BO,Jagson Airlines Ltd
SIBARAUT.BO,Sibar Auto Parts Ltd
FAIRFIEL.BO,Fairfield Atlas Ltd
CRCARRIDM.BO,CRC Carrier Ltd
MAFLU.BO,Mafatlal Lubricants Ltd
TRANSWORLD.BO,Transworld Shipping Lines Ltd
INDCASTDM.BO,India Castor Ltd
STARLOG.BO,Starlog Enterprises Ltd
SHVSUIT.BO,Shiva Suitings Ltd
TITANIN.BO,Titan Intech Ltd
NIWASSP.BO,Niwas Spinning Mills Ltd
ANANROT.BO,Anant Rotospin Ltd
EUROTEXIND.BO,Eurotex Industries and Exports Ltd
ICIL.BO,Indo Count Industries Ltd
MARALOVER.BO,Maral Overseas Ltd
SURYAJYOTI.BO,Suryajyoti Spinning Mills Ltd
AMTEXTL.BO,Amethi Textiles Ltd
SHEENA.BO,Sheena Textiles Ltd
VEENATX.BO,Veena Textiles Ltd
NAKODA.BO,Nakoda Ltd
SOMATEX.BO,Soma Textiles & Industries Ltd
SOURCEIND.BO,Source Industries (India) Ltd
TAMJAIM.BO,Tamilnadu Jai Bharath Mills Ltd
VANASTEX.BO,Vanasthali Textile Industries Ltd
ADVLIFE.BO,Advance Lifestyles Ltd
SALEMTX.BO,Salem Textiles Ltd
KAKTEX.BO,Kakatiya Textiles Ltd
CHESLINTEX.BO,Cheslind Textiles Ltd
DENIKNI.BO,Denish-Knit Industries Ltd
OCTAVE.BO,Perfect-Octave Media Projects Ltd
TRIDENT.BO,Trident Ltd
HISARSP.BO,Hisar Spinning Mills Ltd
ALOKINDS.BO,Alok Industries Ltd
INTRCRF.BO,Intercraft Ltd
KORATEX.BO,Koratla Textiles India Ltd
ASIL.BO,Amit Spinning Industries Ltd
PASARI.BO,Pasari Spinning Mills Ltd
SPENTEX.BO,Spentex Industries Ltd
SAGRAPR.BO,Sagar Apparels Ltd
VNYGCLO.BO,Viniyoga Clothex Ltd
KARNFBR.BO,Karan Fibres & Fabrics Ltd
RAGHUIN.BO,Raghu Industries Ltd
HINCOTX.BO,Hindustan Cotex Exports Ltd
HLNHOSR.BO,H-Lon Hosiery Ltd
AMARJOTHI.BO,Amarjothi Spinning Mills Ltd
EMTEXIND.BO,Emtex Industries India Ltd
AMRAPALI.BO,Amrapali Developers India Ltd
OLYMPTX.BO,Olympia Industries Ltd
SAJJNT.BO,Sajjan Textiles Mills Ltd
NAGREEKEXP.BO,Nagreeka Exports Ltd
SALZETX.BO,Salzer Textiles Ltd
SUDTIND-B.BO,Suditi Industries Ltd
PRSMMIL.BO,Prism Mills Ltd
KKRSONS.BO,Kukar Sons Indo-French Exports Ltd
SRIMALI.BO,Sri Malini Spinning Mills Ltd
PEARLGLO.BO,Pearl Global Ltd
DRIND.BO,DR Industries Ltd
KHTRFIB.BO,Khator Fibre & Fabrics Ltd
GUJTEXSP.BO,Gujarat Texspin Ltd
SBFL.BO,Shree Bhavya Fabrics Ltd
GEMSPIN.BO,Gem Spinners India Ltd
VJYKMCT.BO,Vijaykumar Mills Ltd
EUREKAI.BO,Eureka Industries Ltd
MHGTCXT.BO,Mahaganesh Texpro Ltd
ADITYASP.BO,Aditya Spinners Ltd
JERSETXDM.BO,Jersey India Ltd
MILLENNIUM.BO,Millennium Beer Industries Ltd
PRIMEURB.BO,Prime Urban Development India Ltd
DHANFAB.BO,Dhanlaxmi Fabrics Ltd
PEGAPPA.BO,Pegasus Apparels Ltd
PERSCAR.BO,Persian Carpet & Textiles Ltd
SLSTLQ.BO,Sri Lakshmi Saraswathi Textiles Arni Ltd
ZODIACLOTH.BO,Zodiac Clothing Company Ltd
ANACOTS.BO,Anand Cotspin Ltd
FRONTBUSS.BO,Frontline Business Solutions Ltd
DENIMFS.BO,Denim Fashions Ltd
SSMILLS.BO,SSM Mills Ltd
ARORAFIB.BO,Arora Fibres Ltd
GANGOTRI.BO,Gangotri Textiles Ltd
SRMCL.BO,Sri Ramakrishna Mills Coimbatore Ltd
SUPERSPIN.BO,Super Spinning Mills Ltd
SEASONF.BO,Seasons Furnishings Ltd
PRECM.BO,Precot Mills Ltd
UNITEDTE.BO,United Textiles Ltd
PANCLTH.BO,Pan Clothing & Conso Company Ltd
NEPCTEX.BO,NEPC Textiles Ltd
SILINV.BO,SIL Investments Ltd
RAVISPN.BO,Ravi Spinning Ltd
SURYALAXMI.BO,Suryalakshmi Cotton Mills Ltd
SIDHART.BO,Siddhartha Spinfab Ltd
SAMTEX.BO,Samtex Fashions Ltd
ATLANTSP.BO,Atlantic Spinning & Weaving Mills Ltd
CITYMAN.BO,Cityman Ltd
BALWTEX.BO,Balwant Textile Mills Ltd
KESARTX.BO,Keshariya Spinners Ltd
DHANROTO.BO,Dhanalaxmi Roto Spinners Ltd
DELIHND.BO,Delight Handicraft Palace Ltd
DAMODARIND.BO,Damodar Industries Ltd
SANBLUE.BO,Sanblue Corporation Ltd
KONGATX.BO,Kongarar Textiles Ltd
UNIROYAL.BO,Uniroyal Industries Ltd
TATIAGLOB.BO,Tatia Global Vennture Ltd
GOLDTXT.BO,Goldwon Textiles Ltd
SUNILTX.BO,Sunil Industries Ltd
SRINACHA.BO,Sri Nachammai Cotton Mills Ltd
SROGNGM.BO,Sri Ganapathy Mills Company Ltd
BGDL.BO,Bharat Global Developers Ltd
SAMBANDAM.BO,Sambandam Spinning Mills Ltd
KANDAGIRI.BO,Kandagiri Spinning Mills Ltd
MKPMOB.BO,MKP Mobility Ltd
PARASPETRO.BO,Paras Petrofils Ltd
KITEX.BO,Kitex Garments Ltd
SRUMATX.BO,Sree Uma Parameswari Mills Ltd
RADHIKAS.BO,Radhika Spinning Mills Ltd
CRANEX.BO,Cranex Ltd
BATLIBOI.BO,Batliboi Ltd
AUSTENG.BO,Austin Engineering Company Ltd
UNIDT.BO,United Drilling Tools Ltd
VCCLLTD.BO,VCCL Ltd
FLUIDOM.BO,Fluidomat Ltd
EMAINDIA.BO,EMA India Ltd
WINDMACHIN.BO,Windsor Machines Ltd
SHANTIGEAR.BO,Shanthi Gears Ltd
MIVENMACH.BO,Miven Machine Tools Ltd
CNTLVAL.BO,Continental Valve Ltd
SMENER.BO,SM Energy Teknik & Electronics Ltd
ATURIAC.BO,Aturia Continental Ltd
BEMCOJK.BO,Bemco Jacks & Allied Prods Ltd
SACHI.BO,Sachs India Ltd
INDAGEVIN.BO,Indage Vintners Ltd
KAVIENGDM.BO,Kaveri Engineering Industries Ltd
HONDAPOWER.BO,Honda India Power Products Ltd
SHRIHON.BO,SHRIHON
HITECHGEAR.BO,The Hi-Tech Gears Ltd
ELGIEQUIP.BO,Elgi Equipments Ltd
ELBSCHF.BO,ELB Schliff (India) Ltd
TERRUZZI.BO,Terruzzi Fercalx India Ltd
STONEIN.BO,Stone India Ltd
UVDRHOR.BO,United Van Der Horst Ltd
WELII.BO,Wellman Incandescent India Ltd
INCEN.BO,Incorporated Engineers Ltd
ZINDUCIN.BO,Inducon India Ltd
KLBRENG-B.BO,Kilburn Engineering Ltd
GRMHCNCDM.BO,Gremach CNC Ltd
BIRLAPREC.BO,Birla Precision Technologies Ltd
VIPCORP.BO,Vipras Corporation Ltd
YUKEN.BO,Yuken India Ltd
TIMKEN.BO,Timken India Ltd
ALXNXTR.BO,Alexcon Extrusions Ltd
TEXTOOL.BO,Textool Company Ltd
ZMEEKTRA.BO,Meekan Transmissions Ltd
VOITHPAPR.BO,Voith Paper Fabrics India Ltd
HEATSHRINKT.BO,Heatshrink Technologies Ltd
VIDIANI.BO,Vidiani Engineers Ltd
ARTSON.BO,Artson Ltd
BHAGEENG.BO,Bhagheeratha Engineering Ltd
PATNIEN.BO,Patni Engineering Ltd
TECHFOR.BO,Techno Forge Ltd
GORDONHE.BO,Gordon Herbert India Ltd
ADTYFRG.BO,Aditya Forge Ltd
SOLIMAC.BO,Solitaire Machine Tools Ltd
SOLRSNI.BO,Solarson Industries Ltd
BANKA.BO,Banka India Ltd
DIACABS.BO,Diamond Power Infrastructure Ltd
INDSILHYD.BO,Indsil Hydro Power and Manganese Ltd
FLEXENG.BO,Flex Engineering Ltd
SNEHDHR.BO,Snhehadhara Industries Ltd
TMTIND-B1.BO,TMT India Ltd
KRISHNAENG.BO,Krishna Engineering Works Ltd
SVOGL.BO,SVOGL Oil Gas And Energy Ltd
PRFASDM.BO,Precision Fasteners Ltd
ITL.BO,ITL Industries Ltd
TTGINDM.BO,TTG Industries Ltd
KNDENGT.BO,KND Engineering Technologies Ltd
BILINDU.BO,BIL Industries Ltd
FRONTSP.BO,Frontier Springs Ltd
MONOZYM.BO,Monozyme India Ltd
AAKARENG.BO,Aakar Engineering & Manufacturing Company Ltd
CHAININ.BO,Chain Impex Ltd
PRAJIND.BO,Praj Industries Ltd
RASANDIK.BO,Rasandik Engineering Industries India Ltd
YOGISUNG.BO,Yogi Sungwon (India) Ltd
RAJBALL.BO,Rajasthan Ball & Bearings Ltd
HLEGLAS.BO,HLE Glascoat Ltd
GUJAPOLLO.BO,Gujarat Apollo Industries Ltd
HYDFLEXI.BO,Hyderabad Flextech Ltd
SRILAEG.BO,Sri Lakshmi Engineering Industries Ltd
MARTELI.BO,Maruti Telstar Industries Ltd
TANAA.BO,Taneja Aerospace & Aviation Ltd
CONART.BO,Conart Engineers Ltd
VHCLINDUS.BO,VHCL Industries Ltd
MINALIND.BO,Minal Industries Ltd
SHIVAGR.BO,Shivagrico Implements Ltd
MMFL.BO,MM Forgings Ltd
LAKSRAT.BO,Lakshmiratan Engineering Works Ltd
IYKOTHITE.BO,Iykot Hitech Toolroom Ltd
MAYURUNIQ.BO,Mayur Uniquoters Ltd
CENLUB.BO,Cenlub Industries Ltd
FORGBLO.BO,Forge & Blower Industries Ltd
RAJOOENG.BO,Rajoo Engineers Ltd
KALINDEE.BO,Kalindee Rail Nirman (Engineers) Ltd
DOLPHIN.BO,Dolphin Offshore Enterprises (India) Ltd
JMCPROJECT.BO,JMC Projects (India) Ltd
VJLAXMIE.BO,Veejay Lakshmi Engineering Works Ltd
COVENSP-B.BO,Coventry Spring & Engineering Company Ltd
UNIONBE.BO,Union Bearings India Ltd
AHMDSTE.BO,Ahmedabad Steelcraft Ltd
GVTD.BO,GE Vernova T&D India Ltd
SRPIND.BO,SRP Industries Ltd
SATELENG.BO,Satellite Engineering Ltd
RAMRAT.BO,Ram Ratna Wires Ltd
ZBHILENG.BO,Bhilai Engineering Corporation Ltd
JAYNECOIND.BO,Jayaswal Neco Industries Ltd
KPIL.BO,Kalpataru Projects International Ltd
NMSRESRC.BO,NMS Resources Global Ltd
CANDOUR.BO,Candour Techtex Ltd
TIGLOB.BO,T & I Global Ltd
CONTROLPR.BO,Control Print Ltd
SSFORMT.BO,SS Forgings & Engineering Ltd
MICROMT.BO,Micro Forge India Ltd
BEMHY.BO,Bemco Hydraulics Ltd 
PROFDIA.BO,Professional Diamonds Ltd
ANSALBU.BO,Ansal Buildwell Ltd
WEIZMANIND.BO,Weizmann Ltd
BNRSEC.BO,BN Rathi Securities Ltd
RISHITECH.BO,Rishi Techtex Ltd
SINCLAIR.BO,Sinclairs Hotels Ltd
SAFARI.BO,Safari Industries India Ltd
NUWAREI.BO,Nuware India Ltd
RAJDHNIL.BO,Rajdhani Leasing & Industries Ltd
ADSDIAG.BO,A D S Diagnostics Ltd
SOUNDCRAFT.BO,Soundcraft Industries Ltd
SARVDIM.BO,Sarveshwari Diamonds & Finance Ltd
HFML.BO,Hindustan Financial Management Ltd
RINKIPET.BO,Rinki Petrochemicals & Industries Ltd
DEWRUBB-B.BO,Dewan Rubber Industries Ltd
ZBINTXPP.BO,Binayak Tex Processors Ltd
JJFINCOR.BO,JJ Finance Corporation Ltd
INDIAGYP.BO,India Gypsum Ltd
PRALE.BO,Prakash Leasing Ltd
ASROTOPDM.BO,AS Rototech Ltd
KHTNREF.BO,KHTNREF
AEC.BO,AEC India Ltd
SOMPLAST.BO,Somplast Leather Industries Ltd 
SAFPACKDM.BO,Safepack Polymers Ltd
HOPELES.BO,Hope Leasing & Finance Ltd
COSMOFE.BO,Cosmo Ferrites Ltd
CONSFNDDM.BO,Consolidated Foundations India Ltd
CROPSTER.BO,Cropster Agro Ltd
ZMAGNETI.BO,Magnetix India Ltd
FUTURSEC.BO,Futuristic Securities Ltd
SANCTRN.BO,Sanco Trans Ltd
ADORMUL.BO,Ador Multiproducts Ltd
ELARFSH.BO,Elar Fashions Ltd
EIHAHOTELS.BO,EIH Associated Hotels Ltd
KHAOVER.BO,Khaitan Overseas & Finance Ltd
BONINDL.BO,Bonanza Industries Ltd
SOLBUSDM.BO,Solar Busiforms Ltd
MEDICAPQ.BO,Medi Caps Ltd
ARPLC.BO,Arpan Leasing Company Ltd
OTCO.BO,OTCO International Ltd
GKAYEXM-B.BO,Geekay Exim India Ltd
HEMKUNT.BO,Hemkunt Timbers Ltd
MORGANITE.BO,Morganite Crucible India Ltd
SIPIND.BO,SIP Industries Ltd
INDSMFNDM.BO,Indian Seamless Fin Serv Ltd
AYPLAMI.BO,Ayepee Lamitubes Ltd
ROCKLES-B.BO,Rockland Leasing Ltd
BAPACK.BO,B&A Packaging India Ltd
MAZDAPR.BO,Mazda Properties Ltd
CLASSIC.BO,Classic Diamonds (India) Ltd
ABAN.BO,Aban Offshore Ltd
KOKUYOCMLN.BO,Kokuyo Camlin Ltd
NICCOUCO.BO,Nicco Uco Alliance Credit Ltd
KILBURN.BO,Kilburn Office Automation Ltd
MCSLTD.BO,MCS Ltd
SRMENERGY.BO,SRM Energy Ltd
BHARATSE.BO,Bharat Seats Ltd
JALPAC.BO,Jalpac India Ltd
CONTPTR.BO,Continental Petroleums Ltd
SHRENUJ.BO,Shrenuj & Company Ltd
GUJINST.BO,GUJINST
NBFOOT.BO,NB Footwear Ltd
MOHANFI.BO,Mohan Fibre Products Ltd
CHOKINT.BO,Chokhani International Ltd
MACPLASQ.BO,Machino Plastics Ltd
DEWNTYR-B.BO,Dewan Tyres Ltd
PEARLPOLY.BO,PEARL Polymers Ltd
VENKEYS.BO,Venkys (India) Ltd
GANGAPP.BO,Gangadharam Appliances Ltd
ESSTE.BO,Essar Teleholdings Ltd
ADVANIHOTR.BO,Advani Hotels & Resorts (India) Ltd
SUPOFDM.BO,Supreme Oriented Films Ltd
GVFILM.BO,GV Films Ltd
SUPERHOUSE.BO,Superhouse Ltd
PRMRHS-B1DM.BO,Premier Housing & Industrial Enterprises Ltd
RAMAVISION.BO,Rama Vision Ltd
SUMANMOTEL.BO,Suman Motels Ltd
ROCKWOOL.BO,Rockwool (India) Ltd
TCPLPACK.BO,TCPL Packaging Ltd
BESTE.BO,Bestavision Electronics Ltd
PANASONIC.BO,Panasonic Appliances India Company Ltd
SHRIGANG.BO,Shri Gang Industries & Allied Products Ltd
PURITY.BO,Purity Flexpack Ltd
NARANGIN.BO,Narang Industries Ltd
BALMLAWRIE.BO,Balmer Lawrie & Company Ltd
KASHPAN.BO,Kashiram Pannalal Industries Ltd
KOVAI.BO,Kovai Medical Center & Hospital Ltd
GINNIFIL.BO,Ginni Filaments Ltd
RENEWPW.BO,Renewable Power Projects Ltd
ELDEHSG.BO,Eldeco Housing & Industries Ltd
DHARNOV.BO,Dharnendra Overseas Ltd
POLARPH.BO,Polar Pharma India Ltd
KUSHDIA.BO,Kushal Diamonds Ltd
RAJNPIP-B.BO,Rajinder Pipes Ltd
MICROSE.BO,Microse India Ltd
STDSHOE.BO,Standard Shoe Sole and Mould (India) Ltd
CDRHLTH.BO,CDR Healthcare Ltd
GUJJHM.BO,Gujarat JHM Hotels Ltd
SHARPIND.BO,Sharp Industries Ltd
AGRITHA.BO,Agritech Hatcheries & Foods Ltd
STERLINH.BO,Sterling Holiday Resorts India Ltd
RKVNFLO.BO,Rikvin Floors Ltd
DCMSHRIRAM.BO,DCM Shriram Ltd
DCMSRIND.BO,DCM Shriram Industries Ltd
MAWANASUG.BO,Mawana Sugars Ltd
MINID.BO,Mini Diamonds India Ltd
MODITHR.BO,Modi Tele Fibres Ltd
GUJAP.BO,Gujarat Apar Polymers Ltd
MINISOFT.BO,Mini Soft Ltd
MAHAPEXLTD.BO,Maha Rashtra Apex Corporation Ltd
NILKAMAL.BO,Nilkamal Ltd
TRITON.BO,Triton Corp Ltd
OXIDE.BO,Oxides & Specialities Ltd
NAHARPOLY.BO,Nahar Polyfilms Ltd
3MINDIA.BO,3M India Ltd
JCHAC.BO,Johnson Controls-Hitachi Air Conditioning India Ltd
DETRIND.BO,Detroit Industries Ltd
JMFINANCIL.BO,JM Financial Ltd
LANESEDA.BO,Lan Eseda Industries Ltd
HNDMGTDM.BO,Hindustan Magnetics Ltd
ADCINDIA.BO,ADC India Communications Ltd
HMG.BO,HMG Industries Ltd
COVENTRY.BO,Coventry Coil-O-Matic Haryana Ltd
TNTELE.BO,Tamilnadu Telecommunications Ltd
AIRCOMI.BO,Air Command India Ltd
RCSVANP.BO,RCS Vanaspati Industry Ltd
SUNRAJDI.BO,Sunraj Diamond Exports Ltd
TITANFO.BO,Titan Foods & Fashions Ltd
BSAPPLI.BO,BS Appliances Ltd
NWERURB.BO,New Era Urban Amenities Ltd
MGWLMAC.BO,Mig-weld & Machines Ltd
POLMRMO.BO,Polar Marmo Agglomerates Ltd
SHWALEL.BO,Shaw Wallace Electronics Ltd
VKRMPRJDM.BO,Vikram Projects Ltd
TMLNDHS.BO,Tamilnadu Hospital Ltd
RIIL.BO,Reliance Industrial Infrastructure Ltd
ALSAMRN-B.BO,Alsa Marine & Harvests Ltd
SHARP.BO,Sharp India Ltd
RADMULT.BO,Radan Multimedia Ltd
TECPO.BO,Techtran Polylenses Ltd
LINDEINDIA.BO,Linde India Ltd
ELETROLUXK.BO,Electrolux Kelvinator Ltd
INDBNK.BO,Ind Bank Housing Ltd
JAIMATAG.BO,Jai Mata Glass Ltd
RAVIHTC.BO,Ravi-Hi-Tech Ltd
GUJSSPN.BO,Gujarat Suspension Ltd
LOTUSCHO.BO,Lotus Chocolate Company Ltd
GUJRATGAS.BO,Gujarat Gas Company Ltd
PACIFICI.BO,Pacific Industries Ltd
CMMHOSP.BO,Chennai Meenakshi Multispeciality Hospital Ltd
LUNRDMD.BO,Lunar Diamonds Ltd
PAMDIDM.BO,Pampasar Distillery Ltd
VITLFOD.BO,Vital Foods Ltd
GUJBXIT.BO,Gujarat Bauxite Ltd
AANKITG.BO,Aankit Granites Ltd
VISHVEL.BO,Vishva Electronics (India) Ltd
SRLXMED.BO,Surlux Mediquip Ltd
UNIOFFICE.BO,Universal Office Automation Ltd
RAINBOWPAP.BO,Rainbow Papers Ltd
SPPTROL.BO,Speciality Petrolubes Ltd
AVNCPRN.BO,Avon Industries Ltd
APMIN.BO,APM Industries Ltd
PRECWIRE.BO,Precision Wires India Ltd
DYNALMP.BO,Dyna Lamps & Glass Works Ltd
MONEL.BO,Monica Electronics Ltd
HYDCONN.BO,Hyderabad Connectronics Ltd
KRYPTONQ.BO,Krypton Industries Ltd
SSIND-B1.BO,S & S Industries & Enterprises Ltd
SWISSMLTRY.BO,Swiss Military Consumer Goods Ltd
MRGNIND.BO,Morgan Industries Ltd
MARBU.BO,Martin Burn Ltd
CNRTSPC.BO,Concert Spices & Exports Ltd
INTRUBI.BO,Integrated Rubian Exports Ltd
FEL.BO,Future Enterprises Ltd
FLAWLESD.BO,Flawless Diamond (India) Ltd
MURABLK.BO,Murablack India Ltd
SIPRD.BO,SI Property Development Ltd
INDTONER.BO,Indian Toners & Developers Ltd
JENSONICOL.BO,Jenson & Nicholson (India) Ltd
KUNSTOFF.BO,Kunststoffe Industries Ltd
IRCONIN.BO,Ircon International Ltd
SCI.BO,Shipping Corporation of India Ltd
NORTECHDM.BO,Nortech India Ltd
UNICORP-B.BO,Unicorp Industries Ltd
SIKA.BO,Sika Interplant Systems Ltd
CHOKGLB.BO,Chokhani Global Express Ltd
ITI.BO,ITI Ltd
DKCHEMO.BO,DK Chemoplast Ltd
RISHABH.BO,Rishabh Industries Ltd
DREDGECORP.BO,Dredging Corporation of India Ltd
PHRMASI.BO,Phaarmasia Ltd
BELLCONT.BO,Bells Controls Ltd
PODDARHOUS.BO,Poddar Housing and Development Ltd
NFL.BO,National Fertilizers Ltd
UNIPORT.BO,Uniport Computers Ltd
VASHISTIDET.BO,Vashisti Detergents Ltd
IPRINGLTD.BO,IP Rings Ltd
VENKYSI.BO,VENKYS(IND)
PIIND.BO,PI Industries Ltd
LIFELINDM.BO,Hallmark Healthcare Ltd
PLASTIBLEN.BO,Plastiblends India Ltd
YASHINNO.BO,Yash Innoventures Ltd
KKPLASTICK.BO,Kkalpana Plastick Ltd
UNILITE.BO,Unilite Industries Ltd
RISHIRUB.BO,Rishiroop Rubber International Ltd
WATERBASE.BO,Waterbase Ltd
SITAPLY.BO,Sitapur Plywood Manufacturing Ltd
DEVFA.BO,Dev Fasteners Ltd
NOIMC.BO,Noida Medicare Centre Ltd
FLEXFO.BO,Flex Foods Ltd
GOLKUNDIA.BO,Golkunda Diamonds & Jewellery Ltd
MALANLT.BO,Malanpur Leathers Ltd
BTWIN.BO,BTW Industries Ltd
KRYSTPL.BO,Krystal Polyfab Ltd
MSSHOES.BO,MS Shoes East Ltd
APCOTEXIND.BO,Apcotex Industries Ltd
FORTISMLR.BO,Fortis Malar Hospitals Ltd
MIDLANDP.BO,Midland Plastics Ltd
PACKTEC.BO,Packtech Industries Ltd
MASTEK.BO,Mastek Ltd
EIMCOELECO.BO,Eimco Elecon (India) Ltd
SAYAJIHOTL.BO,Sayaji Hotels Ltd
JMGCORP.BO,JMG Corporation Ltd
ASHIANA.BO,Ashiana Housing Ltd
ASHOKFSDM.BO,Ashok Fashions Ltd
SVAMSOF.BO,Svam Software Ltd
VIJSHAN.BO,Vijay Shanthi Builders Ltd
KHPAPER.BO,Khaitan Paper Machines Ltd
SIDDHATUBE.BO,Siddhartha Tubes Ltd
ECOBOAR.BO,Ecoboard Industries Ltd
DVL.BO,Dhunseri Ventures Ltd
ALACRIHS.BO,Alacrity Housing Ltd
TIHIL.BO,Trans India House Impex Ltd
MAHEPC.BO,Mahindra EPC Irrigation Ltd
SREINFRA.BO,SREI Infrastructure Finance Ltd
ITIL.BO,Information Technologies India Ltd
SATNEXP.BO,Satnam Exports (India) Ltd
SAKURAS-B.BO,Sakura Seimitsu (India) Ltd
ICCON.BO,Iccon Oil & Specialities Ltd
GUJBOROS.BO,Gujarat Borosil Ltd
IDISL.BO,Intergrated Digital Info Services Ltd
SSHELTR.BO,Southern Shelters Ltd
YSPORCL.BO,YS Porcelain Tubes India Ltd
RASEXTR.BO,Ras Extrusions Ltd
MITSHI.BO,Mitshi India Ltd
AVIKMRS.BO,Avikem Resins Ltd
INDRUBR.BO,India Rubber Ltd
SHUKJEW.BO,Shukra Jewellery Ltd
MAZDA.BO,Mazda Ltd
GLOBT.BO,Global Infrastructure & Technologies Ltd
VHLTD.BO,Viceroy Hotels Ltd
HANIIND.BO,Hani Industries Ltd
GOMIND.BO,GOM Industries Ltd
JFLABS.BO,JF Laboratories Ltd
GWALTRN.BO,Gwalior Trans System Ltd
BHORIND.BO,Bhor Industries Ltd
DIVINE.BO,Divine Multimedia (India) Ltd
ARHTIND.BO,Arhat Industries Ltd
SRINSME.BO,Srinivasa Smelters Ltd
NEOCORP.BO,Neo Corp International Ltd
THPAPEX.BO,Thapar Exports Ltd
DUPONTS.BO,Dupont Sportswear Ltd
SOVERDIA.BO,Sovereign Diamonds Ltd
MENONBE.BO,Menon Bearings Ltd
FLEETWL.BO,Fleetweld India Ltd
MUKATPIP.BO,Mukat Pipes Ltd
MANGALW.BO,Mangalwedhe Sun Soya Ltd
GUJRAFFIA.BO,Gujarat Raffia Industries Ltd
SIMPLEXINF.BO,Simplex Infrastructures Ltd
INNOVTEC.BO,Innovative Tech Pack Ltd
SUPTANERY.BO,Super Tannery Ltd
CONSTRONIC.BO,Constronics Infra Ltd
SKYSS.BO,Skypak Service Specialists Ltd
SRSHTSHDM.BO,Srushti Shoes Ltd
AXTEL.BO,Axtel Industries Ltd
NUCORWR.BO,Nucor Wires Ltd
ZSEEMEINDM.BO,Seema Industries Ltd
TORRCABS.BO,Torrent Cables Ltd
ESSMCAT.BO,Essem Catalyst Ltd
GYANLTH.BO,Gyan Leatherboards Ltd
PIFL.BO,Pacheli Industrial Finance Ltd
DSQSOFT.BO,DSQ Software Ltd
UBEINDL.BO,UBE Industries Ltd
MAGNA.BO,Magna Industries & Exports Ltd
EASTINDIA.BO,East India Drums and Barrels Manufacturing Ltd
JYOTIOVR.BO,Jyoti Overseas Ltd
TOTEX.BO,Total Exports Ltd
GUJSPLB.BO,Gujarat Speciality Lubes Ltd
MAGNSRB.BO,Magnus Rubber Industries Ltd
MICROINK.BO,Micro Inks Ltd
VRWODAR.BO,VR Woodart Ltd
DSKULKARNI.BO,DS Kulkarni Developers Ltd
GEMEYDM.BO,Gem Eyeadorns Ltd
CROWNTV.BO,Crown Television Ltd
APIL.BO,Avi Products India Ltd
BHTERMI.BO,Bharat Thermite Ltd
INTRLNK.BO,Interlink Exports Ltd
DATALIN.BO,Dataline & Research Technologies Ltd
POONAWALLA.BO,Poonawalla Fincorp Ltd
GUJHITC.BO,Gujarat High Tech Industries Ltd
RAASHIF.BO,Raashi Fertilizers Ltd
GENOMICS.BO,Genomics Biotech Ltd
HINFLUR.BO,Hindustan Fluorocarbons Ltd
KINGFA.BO,Kingfa Science & Technology (India) Ltd
PATIDAR.BO,Patidar Buildcon Ltd
RAMAPHO.BO,Rama Phosphates Ltd
VENLONENT.BO,Venlon Enterprises Ltd
ZUNIALK.BO,Unialkem Fertilizers Ltd
PETPLST.BO,Pet Plastics Ltd
POLYPLEX.BO,Polyplex Corporation Ltd
PANIDPR.BO,Panther Industrial Products Ltd
VARNPLY.BO,Varun Polymol Organics Ltd
CHEMECHDM.BO,Chemech Laboratories Ltd
SRNEDYE.BO,Serene Industries Ltd
AMRACHEDM.BO,AMRACHEDM
ALBERTDAVD.BO,Albert David Ltd
HARLETH.BO,Haryana Leather Chemicals Ltd
HARLPHR.BO,Harleystreet Pharmaceuticals Ltd 
MONSANTO.BO,Monsanto India Ltd
UNICORN.BO,Unicorn Organics Ltd
CARYSIL.BO,Carysil Ltd
JUPIBIOT.BO,Jupiter Biotech Ltd
LINEARIND.BO,Linear Industries Ltd
SUMEXCH.BO,Sumex Chemicals Ltd
ORGCHEM.BO,Organic Chemoils Ltd
KABRAEXTRU.BO,Kabra Extrusiontechnik Ltd
PHARMA-B1.BO,Pharmaceutical Products of India Ltd
PROTCHEM.BO,Protchem Industries India Ltd
KPLINT.BO,KPL International Ltd
INDMAIZ.BO,Indian Maize & Chemicals Ltd
CEPHAMP.BO,Cepham Pharmaceuticals Ltd
THIRNCH.BO,THIRNCH
VINYLINDIA.BO,Vinyl Chemicals (India) Ltd
PCCOSMA.BO,Pee Cee Cosma Sope Ltd
MAHINCOMP.BO,Mahindra Composites Ltd
CHDRGDM.BO,Cheminor Drugs Ltd
BONANZA.BO,Bonanza Pharmaceuticals Ltd
BLUBPTR.BO,Blue Blends Petrochemicals Ltd
TCMLMTD.BO,TCM Ltd
SMZS.BO,SMZS Chemicals Ltd
PFIMEXP.BO,Pfimex Pharmaceuticals Ltd
ZSHRAYPE.BO,ZSHRAYPE
IOLCP.BO,IOL Chemicals & Pharmaceuticals Ltd
WYTHLAB-B.BO,WYTHLAB-B
TITACOM.BO,Titanor Components Ltd
DSQBIO.BO,DSQ Biotech Ltd
KESARPE.BO,Kesar Petroproducts Ltd
PNTXCHM.BO,Paintex Chemicals Bombay Ltd
ROCKHARD.BO,Rock Hard Petrochemical Industries Ltd
BNZOPTR.BO,Benzo Petrochemicals Ltd
VINATIORGA.BO,Vinati Organics Ltd
LACTOSE.BO,Lactose India Ltd
TEEAI.BO,Teesta Agro Industries Ltd
ASTDRUG.BO,Astron Drugs & Industries Ltd
AARTIIND.BO,Aarti Industries Ltd
PNTKYOR.BO,Pentokey Organy India Ltd
WANBURY.BO,Wanbury Ltd
KINGCHD.BO,Kings Chemicals & Distilleries Ltd
RESONANCE.BO,Resonance Specialties Ltd
NPNTCHM.BO,Nariman Point Chemical industriesus Ltd
GAEL.BO,Gujarat Ambuja Exports Ltd
RCF.BO,Rashtriya Chemicals and Fertilizers Ltd
MAHAPOL.BO,Maharashtra Polybutenes Ltd
ZMRPL(5).BO,ZMRPL(5)
GUJINJEC.BO,Gujarat Inject Kerala Ltd
SKGSOLV.BO,SKG Solvex Ltd
FACT.BO,Fertilisers & Chemicals Travancore Ltd
PRDEPDRDM.BO,Pradeep Drug Company Ltd
LALITPL.BO,Lalit Polymers & Electronics Ltd
PRIMEPT.BO,Prime Petro Products Ltd
KRSHPLS.BO,Krishna Plastochem Ltd
DAURALA.BO,Daurala Organics Ltd
CONSOLFI.BO,Consolidated Fibres & Chemicals Ltd
UNIMERQ.BO,Unimers India Ltd
MAGNACOL.BO,Magna Colors Ltd
CBONIND.BO,Cebon India Ltd
DUJODPPR.BO,Dujodwala Paper Chemicals Ltd
KOPRAN.BO,Kopran Ltd
AIMCOPEST.BO,Aimco Pesticides Ltd
VYSLIPH.BO,Vysali Pharmaceuticals Ltd
HILTINT.BO,Hilton Intermediates Ltd
VBCIND.BO,VBC Industries Ltd
VIJAYCH.BO,Vijayashree Chemicals Ltd
GUJTERC.BO,Gujarat Terce Laboratories Ltd
HINPHOT.BO,Hindustan Photo Films Manufacturing Company Ltd
PREYANS.BO,Preyanshu Industries Ltd
KABRADG.BO,Kabra Drugs Ltd
SEYAIND.BO,Seya Industries Ltd
JAYAGROGN.BO,Jayant Agro Organics Ltd
BCLIND.BO,BCL Industries Ltd
SHHARICH.BO,Shree Hari Chemicals Export Ltd
MADHURE.BO,Madhu Refoils & Chemicals Ltd
INDOBORAX.BO,Indo Borax & Chemicals Ltd
ELEGNPH.BO,Elegant Pharmaceuticals Ltd
ICATLYS.BO,International Catalyst Ltd
AARTIDRUGS.BO,Aarti Drugs Ltd
NACROCH.BO,Nacro Chemicals Ltd
SOLARFM.BO,Solar Farmachem Ltd
SPLPOLY.BO,SPL Polymers Ltd
CLARIND.BO,Claro India Ltd
MILEORG.BO,Milestone Organics Ltd
BODALCHEM.BO,Bodal Chemicals Ltd
ORCHPHARMA.BO,Orchid Pharma Ltd
EPICENZY.BO,EPIC Enzymes Pharmaceuticals & Industrial Chemicals Ltd
JMDEPACKR.BO,JMDE Packaging & Realties Ltd
JNAKINT.BO,JNAKINT
RINADRG.BO,Ratna Drugs Ltd
OMNDE.BO,Omni Dye Chem Exports Ltd
AMINXCHDM.BO,AMINXCHDM
CRAZYINF.BO,Crazy Infotech Ltd
MHNAVPH.BO,Manav Pharmaceuticals Ltd
VIMTALABS.BO,Vimta Labs Ltd
BIOFILCHEM.BO,Biofil Chemicals & Pharmaceuticals Ltd
DMNIAPH.BO,Damania Pharmaceuticals Ltd
ISHITADR.BO,Ishita Drugs & Industries Ltd
MRUTIOR**.BO,Maruti Organics Ltd
MARKSANS.BO,Marksans Pharma Ltd
OMEGALAB.BO,Omega Laboratories Ltd
UNIVSTAR.BO,Universal Starch Chem Allied Ltd
SRHHL.BO,SRHHL Industries Ltd
AAREYDRUGS.BO,Aarey Drugs & Pharmaceuticals Ltd
NORRIS.BO,Norris Medicines Ltd
CDRMEDI.BO,CDR Medical Industries Ltd
HITCHDR.BO,Hi-Tech Drugs Ltd
SILCAL.BO,Silcal Metallurgic Ltd
KARLECH.BO,Karnav Leather Chemicals Ltd
ASINPET.BO,Asian Petroproducts & Exports Ltd
ZORAPHA.BO,Zora Pharma Ltd
CAMEXLTD.BO,Camex Ltd
RAHICEM.BO,Rahi Chemicals Ltd
EVEXIA.BO,Evexia Lifecare Ltd
SABERORGAN.BO,Sabero Organics Gujarat Ltd
AHLCONQ.BO,Ahlcon Parenterals (India) Ltd
ORIACID.BO,Orion Acids & Chemicals Ltd
SUNSL.BO,Sunstar Lubricants Ltd
CUREREM.BO,Curefast Remedies Ltd
INDOEURO.BO,Indo Euro Indchem Ltd
RICHLNP.BO,Richline Pharmaceutical Ltd
PAMDRGS.BO,Paam Drugs & Pharmaceuticals Ltd
CHEMLAB-B.BO,Chemox Laboratories Ltd
COREORG.BO,Core Organics Ltd
WHITEPR.BO,White Way Products Pharma Ltd
SYNCOMF.BO,Syncom Formulations India Ltd
HITECOR.BO,Hitech Orgochem Ltd
ZILLOPH.BO,Zillion Pharmachem Ltd
ESSPHRM.BO,Esskay Pharmaceuticals Ltd
RIDDHI.BO,Riddhi Siddhi Gluco Biols Ltd
SHILPLA.BO,Shilpax Laboratories Ltd
TRAMEDI.BO,Trans Medicare Ltd
STLBNCH.BO,Stilbene Chemicals Ltd
SVCIND.BO,SVC INDUSTRIES Ltd
IPCALAB.BO,Ipca Laboratories Ltd
NEWRLDM.BO,New World Medical (India) Ltd
MRCRYPH.BO,Mercury Phytochem Ltd
KILITCH.BO,Kilitch Drugs India Ltd
RAAJMEDI.BO,Raaj Medisafe India Ltd
REVAORG.BO,Revati Organics Ltd
CORALAB.BO,Coral Laboratories Ltd
VORLADM.BO,Vorin Laboratories Ltd
RENCHEM.BO,Rencal Chemicals India Ltd
BOMDRDM.BO,Bombay Drugs & Pharmas Ltd
TULASEEBIOE.BO,Tulasee Bio Ethanol Ltd
BACPHAR.BO,Bacil Pharma Ltd
KREBSBIO.BO,Krebs Biochemicals & Industries Ltd
KMCSHIL.BO,KMC Speciality Hospitals (India) Ltd
LAFFANSQ.BO,Laffans Petrochemicals Ltd
VELVINT.BO,Velvette International Pharma Products Ltd
EARNHEA-B.BO,Earnest Healthcare Ltd
BHASKAGR.BO,Bhaskar Agrochemicals Ltd
SUNSTAR.BO,Sun Star Chemicals Ltd
ALLRESN.BO,Allied Resins & Chemicals Ltd
SECHE.BO,Secunderabad Healthcare Ltd
SUKHJITS.BO,Sukhjit Starch & Chemicals Ltd
SATAGRI.BO,Satiate Agri Ltd
SHARMEH.BO,Sharma East India Hospitals & Medical Research Ltd
SHASUNPHAR.BO,Shasun Pharmaceuticals Ltd
ANILALM.BO,MSD Industrial Enterprises Ltd
MAHACHMDM.BO,Maha Chemicals Ltd
NEULANDLAB.BO,Neuland Laboratories Ltd
GAYATRIBI.BO,Gayatri BioOrganics Ltd
SHAPCHMDM.BO,Shaper Chemicals Ltd
ECLATCH.BO,Eclat Chemicals Ltd
PODDARMENT.BO,Poddar Pigments Ltd
PHARMAID.BO,Pharmaids Pharmaceuticals Ltd
RAVIINF.BO,Ravish Infusions Ltd
VIVIDIND.BO,Vivid Global Industries Ltd
DOLPLAB.BO,Dolphin Laboratories Ltd
PRIYALT.BO,Priya Ltd
TIRUSTA.BO,Tirupati Starch & Chemicals Ltd
KANODYE.BO,Kanoria Dyechem Ltd
QUAPHAMDM.BO,Quality Pharmaceuticals Ltd
EMEDTECH.BO,Emed.com Technologies Ltd
HEMORGANIC.BO,Hemo Organic Ltd
JAYSYNTH.BO,Jaysynth Orgochem Ltd
AEONXDIGI.BO,Aeonx Digital Technology Ltd
ALCORDM.BO,Alchemie Organics Ltd
AKSHARCHEM.BO,AksharChem India Ltd
FCLTECH.BO,FCL Technologies & Products Ltd
BANDARAM.BO,Bandaram Pharma Packtech Ltd
ADLINE.BO,Adline Chem Lab Ltd
BERLDRG.BO,Beryl Drugs Ltd
RATHIGRA.BO,Rathi Graphic Technologies Ltd
STELADG.BO,Stellar Drugs Ltd
INDXTRA.BO,IEL Ltd
PASUMIR.BO,Pasumai Irrigations Ltd
ISTRNETWK.BO,iStreet Network Ltd
GAGAN.BO,Gagan Gases Ltd
SRIMANP.BO,Sriman Petrochemicals Ltd
PARKERAC.BO,Parker Agrochem Exports Ltd
IOTACH.BO,IOTA Chemiculture Ltd
SHUKRAPHAR.BO,Shukra Pharmaceuticals Ltd
ALUFLUOR.BO,Alufluoride Ltd
OXYGENTAPH.BO,Oxygenta Pharmaceutical Ltd
ARCHITORG.BO,Archit Organosys Ltd
SIKOZY.BO,Sikozy Realtors Ltd
STERLCH.BO,Sterling Basic Organics Ltd
VITACHM-B.BO,Vitara Chemicals Ltd
INDOAMIN.BO,Indo Amines Ltd
NARMADACHEM.BO,Narmada Chematur Petrochemicals Ltd
INDSWFTLTD.BO,Ind-Swift Ltd
NATCAPSUQ.BO,Natural Capsules Ltd
WELCURE.BO,Welcure Drugs & Pharmaceuticals Ltd
BIBCL.BO,Bharat Immunologicals & Biologicals Corporation Ltd
ADDLP.BO,Add Life Pharma Ltd
SOTL.BO,Savita Oil Technologies Ltd
HESTERBIO.BO,Hester Biosciences Ltd
PINKCHM.BO,Pinky Chemicals Ltd
KABSON.BO,Kabsons Industries Ltd
UPLIMEC.BO,UP Lime Chem Ltd
HINCHEM.BO,Hindustan Industrial Chemicals Ltd
METROCHE.BO,Metrochem Industries Ltd
KANVHYD.BO,Kanva Hydro-Chem Ltd
BASANTGL.BO,Basant Agro Tech India Ltd
PARENTLD.BO,Parenteral Drugs India Ltd
RSPETRO.BO,RS Petrochemicals Ltd
ASIANFR.BO,Asian Fertilizers Ltd
PIONEPD.BO,Pioneer Products Ltd
KILBURNC.BO,Kilburn Chemicals Ltd
KEDIACHE.BO,Kedia Chemical Industries Ltd
SANDUPHQ.BO,Sandu Pharmaceuticals Ltd
NACLIND.BO,NACL Industries Ltd
VISTAPH.BO,Vista Pharmaceuticals Ltd
SUNPHARMA.BO,Sun Pharmaceutical Industries Ltd
TITANBIO.BO,Titan Biotech Ltd
SOCRUSBIO.BO,Socrus Bio Sciences Ltd
TRIAFIN.BO,Tria Fine Chem Ltd
BIJHANS.BO,Bijoy Hans Ltd
BHUTI.BO,Bhuvan Tripura Industries Ltd
SDL.BO,Span Divergent Ltd
MERVEND.BO,Merven Drug Products Ltd
JENBURPH.BO,Jenburkt Pharmaceuticals Ltd
HIKAL.BO,Hikal Ltd
BENZOCH.BO,Benzo Petro International Ltd
KPGELATDM.BO,KPGELATDM
CAPLIPOINT.BO,Caplin Point Laboratories Ltd
FISCHER.BO,Fischer Medical Ventures Ltd
SIRISLT-B.BO,Siris Ltd
LINKPH.BO,Link Pharma Chem Ltd
BHASIDM.BO,Bharat Starch Industries Ltd
DECIPHER.BO,Decipher Labs Ltd
GUJMEDI.BO,Gujarat Meditech Ltd
EMAAIDG.BO,Emaai Pharmaceuticals Ltd
WINTAC.BO,Wintac Ltd
ARVINDIN.BO,Arvind International Ltd
NOVASUR.BO,Nova Surgikos Ltd
NUTRA.BO,Nutraplus India Ltd
EMMESSA.BO,Emmessar Biotech & Nutrition Ltd
MAYARAS.BO,Maya Rasayan Ltd
LAMEDICDM.BO,La Medical Devices Ltd
NGLFINE.BO,NGL Fine Chem Ltd
ANMOLDG.BO,Anmol Drugs & Pharmaceuticals Ltd
BAGRICH.BO,Bagri Minerals & Chemicals Ltd
FINEDRUG.BO,Fine Drugs & Chemicals Ltd
SUPHA.BO,Supriya Pharmaceuticals Ltd
TIPHARM.BO,TI Pharmaceutical Ltd
ELDERPG.BO,Elder Projects Ltd
EVERESTO.BO,Everest Organics Ltd
PCICHEM.BO,PCI Chemicals & Pharmaceuticals Ltd
MATRIXLAB.BO,Matrix Laboratories Ltd
VARDHCH.BO,Vardhaman Laboratories Ltd
PALMACH.BO,PALMACH
HEMPECH.BO,Hemi Petro Products Ltd
VEROLAB.BO,Veronica Laboratories Ltd
AUROPHARMA.BO,Aurobindo Pharma Ltd
CLARICH.BO,Clarisis Organics Ltd
PHYTO.BO,Phyto Chem India Ltd
CEPMS.BO,Cepham Milk Specialities Ltd
EMERGY.BO,Emergy Phaarma Ltd
MARTICH.BO,Maruti Industrial Carbohydrate Ltd
NATCOPHARM.BO,Natco Pharma Ltd
DYNAMIND.BO,Dynamic Industries Ltd
PANAMAPET.BO,Panama Petrochem Ltd
UMEDXPH.BO,Umedix India Ltd
BALPHARMA.BO,Bal Pharma Ltd
JUPITER.BO,Jupiter Bioscience Ltd
BDH.BO,BDH Industries Ltd
ELDERHCL.BO,Elder Health Care Ltd
JAUSPOL.BO,Jauss Polymers Ltd
ALPSLAB.BO,Alps Laboratories Ltd
TUBTECS.BO,Tubetec Seamless Ltd
PROCAL.BO,Procal Electronics India Ltd
KEMROCK.BO,Kemrock Industries and Exports Ltd
CHERCON.BO,Cheran Construction Ltd
INDPROG.BO,Industrial Progressive (India) Ltd
PRUDPOL.BO,Prudential Polywebs Ltd
GLOBUSCON.BO,Globus Constructors & Developers Ltd
CUBEXTUB.BO,Cubex Tubings Ltd
ASAGALI.BO,Asian Agalite (India) Ltd
CRYSS.BO,Crystal Software Solutions Ltd
JILICHL.BO,Jilichem Laboratories (India) Ltd
SARIPNT.BO,Sarika Paints Ltd
RAMLEAT.BO,Ram Leather Export Ltd
POLYCHMP.BO,Polymechplast Machines Ltd
LUMITECH.BO,Luminaire Technologies Ltd
SHLAKSHMI.BO,Shri Lakshmi Cotsyn Ltd
DECCNPL.BO,DECCNPL
POINTPL.BO,Point Plast Ltd
KRMINT..BO,KRM International Ltd
NAMASTEXP.BO,Namaste Exports Ltd
NOVAINT.BO,Nova International Ltd
MAYOH.BO,Mayo Hospitals Ltd
TKNOMIN.BO,Teknomin Aqua Exports Ltd
KCCLPLASTC.BO,KCCL Plastic Ltd
ICICONE.BO,Icicon Electronics (India) Ltd
STELLANT.BO,Stellant Securities (India) Ltd
GALXBRG.BO,Galaxy Bearings Ltd
VINRKLB.BO,Rekvina Laboratories Ltd
ACELABO-B.BO,ACE Laboratories Ltd
HANSFLN.BO,Hansaflon Plasto Chem Ltd
SCAGRO.BO,SC Agrotech Ltd
SUTHTWNDM.BO,Southern Township Promoter Ltd
SGARRES.BO,Sagar Tourist Resorts Ltd
SHEZLEADM.BO,Shez Leathers Ltd
ROOFITIND.BO,Roofit Industries Ltd
RANCC.BO,Rane Computers Consultancy Ltd
SATHAISPAT.BO,Sathavahana Ispat Ltd
RALEGRA.BO,Ravileela Granites Ltd
SIMCOIN.BO,Simco Industries Ltd
PRICOL.BO,Pricol   Ltd
DGIFLEX.BO,Digiflex India Ltd
UNRYLMA.BO,Uniroyal Marine Exports Ltd
KARANWO.BO,Karan Woo Sin Ltd
SHERVANI.BO,Shervani Industrial Syndicate Ltd
INDAMOP.BO,Indo American Optics Ltd
LYNXOPT.BO,Lynx Optics Ltd
BNHOLDINGS.BO,BN Holdings Ltd
SUPERTEX.BO,Supertex Industries Ltd
SHETR.BO,Shetron Ltd
TRABI.BO,Transgene Biotek Ltd
COMDI.BO,Compact Disc India Ltd
MPL.BO,Mpl Plastics Ltd
INTCHIT.BO,Intech International Ltd
CONSCON.BO,Consolidated Containers Ltd
APEXINT.BO,Apex Intertech Ltd
NIKHILAD.BO,Nikhil Adhesives Ltd
SPENTA.BO,Spenta International Ltd
MRNCRGO.BO,Marine Cargo Company Ltd
IGGIRES-B.BO,IGGI Resorts International Ltd
INDBGEM.BO,Indo Bosch Gems Ltd
MULTIBASE.BO,Multibase India Ltd
VIRALSYN.BO,Viral Syntex Ltd
ANDREWYU.BO,Andrew Yule & Company Ltd
ADAMCO.BO,Adam Comsof Ltd
LUDLOWJUT.BO,Ludlow Jute & Specialities Ltd
CROMAKM.BO,Cromakem Ltd
INTLHOME.BO,International Hometex Ltd
ASHRAM.BO,Ashram Online.Com Ltd
AIRCTEC.BO,Aircommand Airtechnics Ltd
COSMLEA.BO,Cosmos Leather Exports Ltd
ROYALCU.BO,Royal Cushion Vinyl Products Ltd
NOGMIND.BO,Neogem India Ltd
CITYLIF.BO,City Lifts India Ltd
SCURIND.BO,Secur Industries Ltd
DCLMRTC.BO,DCL Maritech Ltd
KSOILS.BO,K S Oils Ltd
SURJIND.BO,Suraj Industries Ltd
CARBINDDM.BO,Carbon Composites (India) Ltd
HITECHCORP.BO,Hitech Corporation Ltd
BLOOM.BO,Bloom Dekor Ltd
FILATEX.BO,Filatex India Ltd
JAYABUSDM.BO,Jayanti Business Machines Ltd
STDSFAC.BO,Standard Surfactants Ltd
MERCATOR.BO,Mercator Ltd
MORGAN.BO,Morgan Ventures Ltd
ARNPROC.BO,Arun Processors Ltd
AMRAPLIN.BO,Amrapali Industries Ltd
BHAGWGL.BO,Bhagwati Glass Containers Ltd
PREMEXPLN.BO,Premier Explosives Ltd
DARSHAN.BO,Darshan Oils Ltd
MIDEASTP.BO,Mid East Portfolio Management Ltd
KLJPLST.BO,KLJ Plastics Ltd
IDEALCAR.BO,Ideal Carpets Ltd
KLTHRAE.BO,Koluthara Exports Ltd
MOLDTECH.BO,Mold-Tek Technologies Ltd
ZENITHSTL.BO,Zenith Steel Tubes and Industries Ltd
CRSTCHM.BO,Crestchem Ltd
FLOWRTI.BO,Flower & Tissue India Ltd
SHALIHT.BO,Shalin Hotels Ltd
RHNISTR.BO,Rohini Strips Ltd
NGARJNG.BO,Nagarjuna Granites Ltd
ESTNGRA.BO,Eastern Granites Ltd
DIVYAJYQ.BO,Divya Jyoti Industries Ltd
MDHYVEX.BO,Madhyavart Exxoil Ltd
VLVOTER.BO,Volvo Terry Industries Ltd
VRUNSEA.BO,Varun Seacon Ltd
MPHASIS.BO,Mphasis Ltd
MEDINOV.BO,Medinova Diagnostic Services Ltd
NOVAPUM.BO,Nova Pumech Ltd
PHELAPP.BO,Phelix Appliances Ltd
HINDIND.BO,Hind Industries Ltd
ASHAGRO.BO,Asha Agro Industries Ltd
NUTECH.BO,Nu Tech Corporate Services Ltd
DIVSHKT.BO,Divyashakti Ltd
RSHIOILDM.BO,Rishi Oil & Fats Ltd
MNYRPLA-B.BO,Maniyar Plast Ltd
ORIENTLTD.BO,Orient Press Ltd
HANSPOL.BO,Hans Polyurethans Ltd
ADVMULT.BO,Advance Multitech Ltd
NCLMARB.BO,NCL Marbles & Granites Ltd
SHREYASI.BO,Shreyas Intermediates Ltd
MONTRIL.BO,Montari Leather Ltd
DECOTUB.BO,Decora Tubes Ltd
PANJON.BO,Panjon Ltd
ACCLAIM.BO,Acclaim Industries Ltd
NIRBHAYIND.BO,Nirbhay Colours India Ltd
PASHUSEO.BO,Pashupati Seohung Ltd
DUROPACK.BO,Duro Pack Ltd
STRLKAL.BO,Sterling Kalksand Bricks Ltd
SWARNSAR.BO,Swarnsarita Jewels India Ltd
GANESHHOUC.BO,Ganesh Housing Corporation Ltd
NMDC.BO,NMDC Ltd
CINDHO.BO,Cindrella Hotels Ltd
ANJNSOL.BO,Anjani Solvents India Ltd
KONTY.BO,Konkan Tyres Ltd
PATINTLOG.BO,Patel Integrated Logistics Ltd
HAMLSHO.BO,Hamilton Shoes Ltd
GUJPE.BO,Gujarat Perstorp Electronics Ltd
MULCOFF.BO,Multicolour Offset Ltd
SKYLEATDM.BO,Skyline Leather Industries Ltd
NEELKNT.BO,Neelkanth Motels & Hotels Ltd
RAJSFORDM.BO,Rajshri Forex Ltd
ALPHAGEO.BO,Alphageo (India) Ltd
VISHFOT.BO,Vishal Footwear Ltd
GURULET.BO,Gurdarshan Leathers Ltd
RGNYMIS.BO,Regency Hospital Ltd
HAMPTON.BO,Hampton Sky Realty Ltd
KKALPANAIND.BO,Kkalpana Industries (India) Ltd
MOVILEX.BO,Movilex Irrigation Ltd
PANDGRP-B.BO,Pandian Graphites (India) Ltd
OKPLA.BO,OK Play India Ltd
SPLINDL.BO,SPL Industries Ltd
LOKMIND.BO,Lokmanya Industries Ltd
KRITI.BO,Kriti Industries India Ltd
FDTYMIS-BDM.BO,Fidelity Industries Ltd
OJAST.BO,Ojas Technochem Products Ltd
WELTI.BO,Welterman International Ltd
ASMTEC.BO,ASM Technologies Ltd
PERFEPA.BO,Perfectpac Ltd
SRINICO.BO,Shri Nicosecte Ltd
AMBIT.BO,Ambitious Plastomac Company Ltd
VISIONCINE.BO,Vision Cinemas Ltd
AEIM.BO,Artificial Electronics Intelligent Material Ltd
INDRANIB.BO,Indrayani Biotech Ltd
JAYRAPID.BO,Jay Rapid Roller Ltd
KARNAALF.BO,Karnavati Alfa International Ltd
VIDIMIS.BO,Vidiani Agrotech Industries Ltd
SOFTRAKT.BO,Softrak Technology Exports Ltd
TRANMED.BO,Transmedica (India) Ltd
UGHOR.BO,UG Hotels & Resorts Ltd
RAGHAVIN.BO,Raghav Industries Ltd
EURLEADDM.BO,EURLEADDM
EUROLED.BO,Euro Leder Fashion Ltd
SUPERIA.BO,Superior Air Products Ltd
WINSOMBR.BO,Winsome Breweries Ltd
ELEFLOR.BO,Elegant Floriculture & Agrotech India Ltd
HOTKRIS.BO,Hotel Krishna International (India) Ltd
SAENTER.BO,South Asian Enterprises Ltd
SKYIND.BO,Sky Industries Ltd
PHOENXINTL.BO,Phoenix International Ltd
EDUEXEL.BO,Eduexel Infotainment Ltd
HITECHIJEW.BO,Hitechi Jewellery Industries Ltd
BHUDEVI.BO,Bhudevi Infra Projects Ltd
PRATIK.BO,Pratik Panels Ltd
RISHIROOP.BO,Rishiroop Ltd
PROMACT.BO,Promact Impex Ltd
RUBBERPR.BO,Rubber Products Ltd
ZENER.BO,Zenergy Ltd
STRGRENWO.BO,Sterling Green Woods Ltd
VISHCHR.BO,Vishal Chairs Ltd
DOLPHMED.BO,Dolphin Medical Services Ltd
SYSTMTXC.BO,Systematix Corporate Services Ltd
SHAHISHIP.BO,Shahi Shipping Ltd
SHAKMET.BO,Shakti Met-Dor Ltd
INTLNKP.BO,Interlink Petroleum Ltd
ACMEIND.BO,Acme Industries Ltd
APPOSTO.BO,Appollo Stones Ltd
ALPINEHOU.BO,Alpine Housing Development Corporation Ltd
SANGHIIND.BO,Sanghi Industries Ltd
JAYENGY.BO,Jay Energy & S Energies Ltd
WWALUM.BO,Worldwide Aluminium Ltd
SAKETEX.BO,Saket Extrusion Ltd
PARHOSG.BO,Parth Housing & Estate Development Ltd
IIRM.BO,IIRM Holdings India Ltd
SFPIL.BO,Square Four Projects India Ltd
INDOX.BO,INDOX
MEHTARB.BO,Mehta Rubber Chemicals Ltd
MAXIMAA.BO,Maximaa Systems Ltd
SGLRES.BO,SGL Resources Ltd
CHOKSILA.BO,Choksi Laboratories Ltd
HARIPAM.BO,Hariparvat Merryland & Resorts Ltd
CCHHL.BO,Country Club Hospitality & Holidays Ltd
RASIKPL.BO,Rasik Plast Ltd
SALGUTI.BO,Salguti Industries Ltd
JAMEHOT.BO,James Hotels Ltd
EICL LTD.BO,EICL Ltd
PEPL.BO,Pearl Engineering Polymers Ltd
ARIITHR.BO,Arihant Thermoware Ltd
LONTE.BO,Longview Tea Company Ltd
MIDWEST.BO,Midwest Gold Ltd
ENTRINT.BO,Enterprise International Ltd
TECHIN.BO,Techindia Nirman Ltd
CHAMPDIN.BO,Champdany Industries Ltd
TPLPLASTEH.BO,TPL Plastech Ltd
BAGWUDG.BO,Bagwe Udyog Ltd
WIMPLAST.BO,Wim Plast Ltd
PHOTOQUP.BO,Photoquip India Ltd
BNANJEN.BO,B Nanji Enterprises Ltd
LIBERTSHOE.BO,Liberty Shoes Ltd
GUJNFLY.BO,Gujarat Narmada Flyash Company Ltd
PATELON.BO,Patel On-Board Couriers Ltd
LIPPISYS.BO,Lippi Systems Ltd
PERTCOM-B.BO,Pertech Computers Ltd
ELECTHERM.BO,Electrotherm (India) Ltd
INHOUPROD.BO,In House Productions Ltd
BLUEDART.BO,Blue Dart Express Ltd
EXPOGAS.BO,Expo Gas Containers Ltd
NATPLAS.BO,National Plastic Industries Ltd
SKYHIPR.BO,SKYHIPR
MFLINDIA.BO,MFL India Ltd
ELBEE.BO,Elbee Services Ltd
TRIDE.BO,Trident Projects Ltd
AJWAFUN.BO,Ajwa Fun World & Resort Ltd
GEOLOGI.BO,Geologging Industries Ltd
MPLCORP.BO,MPL Corporation Ltd
VALPLUS.BO,Valplus Biotech Ltd
TEXELIN.BO,Texel Industries Ltd
RAYALEMA.BO,Royale Manor Hotels & Industries Ltd
MIRZAINT.BO,Mirza International Ltd
TATAV.BO,Tata Advanced Materials Ltd
INDFL.BO,Indo Flogates Ltd
TFCILTD.BO,Tourism Finance Corporation of India Ltd
CALSREF.BO,Cals Refineries Ltd
THAKDEV.BO,Thakkers Developers Ltd
NAVABHA-B.BO,Nava Bharat Enterprises Ltd
CANBAYPDM.BO,Canbay Polyfilms Ltd
PRESISH.BO,Presidency Shoe International Ltd
ARENTERP.BO,Rajdarshan Industries Ltd
ANUGWOO.BO,Anugraha Wood Products Ltd
BIL.BO,Bhartiya International Ltd
KAMATHOTEL.BO,Kamat Hotels (India) Ltd
MKEL.BO,Matra Kaushal Enterprise Ltd
TIRTPLS.BO,Tirth Plastic Ltd
KEEPLEARN.BO,DSJ keep Learning Ltd
GALORE.BO,Galore Prints Industries Ltd
SAISERVQ.BO,Sai Service Station Ltd
UNIVAFOODS.BO,Univa Foods Ltd
CROCH.BO,Cross Country Hotels Ltd
POLOHOT.BO,Polo Hotels Ltd
FENOPLAS.BO,Fenoplast Ltd
PRETLEA.BO,Pretto Leather Industries Ltd
MAYHO.BO,Mayank Hotels Ltd
MICALEADM.BO,Micam Leather Exports Ltd
KASIHSG.BO,Kasi Housing & Development Ltd
ABCOPLS.BO,Abco Plastics Ltd
SAMASOKDM.BO,Samrat Ashoka Exports Ltd
ECOPLAST.BO,Ecoplast Ltd
ELEMARB.BO,Elegant Marbles & Grani Industries Ltd
TURBOIN.BO,Turbo Industries Ltd
ALCHEM.BO,Alchemist Ltd
BITS.BO,Bits Ltd
ADARSHPL.BO,Adarsh Plant Protect Ltd
STIEFELDM.BO,Stiefel Und Sehuh (India) Ltd
ANTARTICL.BO,Antarctica Ltd
HPBL.BO,HCP Plastene Bulkpack Ltd
MISOFPP.BO,MISOFPP
NICCOPAR.BO,Nicco Parks & Resorts Ltd
NTCIND.BO,NTC Industries Ltd
SANDESH.BO,Sandesh Ltd
GARNET.BO,Garnet Construction Ltd
GOLDIAM.BO,Goldiam International Ltd
BRIGHTBR.BO,Bright Brothers Ltd
SUASHDIM.BO,Suashish Diamonds Ltd
EXCAST.BO,Excel Castronics Ltd
CORPOCO.BO,Corporate Courier and Cargo Ltd
SHAWGELTIN.BO,Narmada Gelatines Ltd
CREDENCE.BO,Credence Sound & Vision Ltd
NATCOMS.BO,Natco Polyplast Ltd
ZOCTNMMS.BO,Octanorm India Ltd
PGFOILQ.BO,PG Foils Ltd
SUNDERADM.BO,Sunderban Aquatic Farms Ltd
GRATEXI.BO,Gratex Industries Ltd
KRIPIND.BO,Kriptol Industries Ltd
VELHO.BO,Velan Hotels Ltd
GANPTMSDM.BO,Ganapati Exports Ltd
VIAMEDI.BO,Via Media India Ltd
HOWARHO.BO,Howard Hotels Ltd
MULTILA.BO,Multilac Surface Coating (India) Ltd
SOUTHFUEL.BO,Southern Fuel Ltd
PRESSURS.BO,Pressure Sensitive Systems India Ltd
VALIANT.BO,Valiant Communications Ltd
NWPLAMS.BO,New Plastomers India Ltd
HINAFIL.BO,Hinafil India Ltd
DRAGARWQ.BO,Dr Agarwals Eye Hospital Ltd
CRESTANI.BO,Crest Animation Studios Ltd
EUROMMS.BO,Euro Marine Products Ltd
NOELA.BO,Noel Agritech Ltd
INGERMS.BO,Indo Germa Products Ltd
ARVRAMS.BO,Arvind Rashayana Udyog Ltd
MHSGRMS.BO,Mahasagar Travels Ltd
GREENPLY.BO,Greenply Industries Ltd
UNQTYMI.BO,Union Quality Plastics Ltd
PSL.BO,PSL Ltd
OBROIMSDM.BO,Oberoi Plastics Ltd
AMICOMP.BO,Ami Computers India Ltd
SEAMECLTD.BO,Seamec Ltd
SATALMS.BO,Saatal Kattha & Chemicals Ltd
RAGHUNAT.BO,Raghunath International Ltd
RJPNTMS-B.BO,RJPNTMS-B
CHEVIOT.BO,Cheviot Company Ltd
TRNLMMS.BO,Translam Ltd
DAICHI.BO,Dai-Ichi Karkaria Ltd
RAJINFRA.BO,Rajeswari Infrastructure Ltd
SPICEISLIN.BO,Spice Islands Industries Ltd
CONFIPET.BO,Confidence Petroleum India Ltd
NAINAMS.BO,Naina Semiconductor Ltd
RACCL.BO,Rajendra Caterers & Confectioners Ltd
SILKTEX.BO,Silktex Ltd
ANUSHMS.BO,Anusha International Ltd
SIPL.BO,Shelter Infra Projects Ltd
SHAKTIPR.BO,Shakti Press Ltd
ATLANTADEV.BO,Atlanta Devcon Ltd
ASHSI.BO,Ashirwad Steels & Industries Ltd
BANARBEADS.BO,Banaras Beads Ltd
AREXMIS.BO,Arex Industries Ltd
BI.BO,Bilcare Ltd
MADHUFN.BO,Madhumilan Fincorp Ltd
MAJESIN.BO,Majestic Industries Ltd
ISFL.BO,ISF Ltd
RISHILASE.BO,Rishi Laser Ltd
MBINDUS.BO,MB Industries Ltd
JAINCO.BO,Jainco Projects India Ltd
KUMPFIN.BO,Kumbhat Financial Services Ltd
INTECCAP.BO,Intec Capital Ltd
RAJGASES.BO,Rajasthan Gases Ltd
MGGLOMF.BO,MGGLOMF
SIDDHEGA.BO,Siddheswari Garments Ltd
UTLTD.BO,UT Ltd
63MOONS.BO,63 Moons Technologies Ltd
SHIKHAR.BO,Shikhar Consultants Ltd
SARLAPOLY.BO,Sarla Performance Fibers Ltd
INDOCRED.BO,Indo Credit Capital Ltd
MKTCREAT.BO,Market Creators Ltd
SRINIHAT.BO,Srinivasa Hatcheries Ltd
ODISEDM.BO,Odissi Securities Ltd
HEXPHAR.BO,Hexone Pharmaceuticals Ltd
HFIL.BO,Himalaya Food International Ltd
SONALAD.BO,Sonal Adhesives Ltd
ROTOFIX.BO,Rotoflex Industries Ltd
PADMAIND.BO,Padmanabh Industries Ltd
YOGIPLY.BO,Yogi Polyesters Ltd
UNQAGRO.BO,Unique Agro Processors India Ltd
CHDDLTD.BO,CHD Developers Ltd
ALPEXPS.BO,ALP Exports Ltd
21STCENMGM.BO,Twentyfirst Century Management Services Ltd
KUMAKAIND.BO,Kumaka Industries Ltd
BOBSHELL.BO,Bobshell Electrodes Ltd
DION.BO,Dion Global Solutions Ltd
HRYNSHP.BO,Hariyana Ship Breakers Ltd
KONAROR.BO,Konar Organics Ltd
ARUNIS.BO,Arunis Abode Ltd
MNGLPRODM.BO,Mangal Processing Mill Ltd
VAICC.BO,Vaishno Cement Company Ltd
SHARAVE.BO,Shree Araveli Finlease Ltd
TYROON.BO,Tyroon Tea Company Ltd
LAOPALA.BO,La Opala RG Ltd
GUJOC.BO,Gujarat Optical Communication Ltd
STYLAMIND.BO,Stylam Industries Ltd
VENUSREM.BO,Venus Remedies Ltd
ABLBIO.BO,ABL Bio Technologies Ltd
UDL.BO,Uniply Decor Ltd
WOODSVILA.BO,Woodsvilla Ltd
LASTMILE.BO,Last Mile Enterprises Ltd
GLBFN.BO,Global Finance & Securities Ltd
GUJCRAFT.BO,Gujarat Craft Industries Ltd
HEERAISP.BO,Heera Ispat Ltd
DHOOTIN.BO,Dhoot Industrial Finance Ltd
CLASPRS.BO,Classic Press International Ltd
AWASAYO.BO,Awas Ayogen Vittnigam Ltd
CRIMSON.BO,Crimson Metal Engineering Company Ltd
SIDIN.BO,Sidh Industries Ltd
SHBAJRG.BO,Shri Bajrang Alliance Ltd
ASHOKRE.BO,Ashoka Refineries Ltd
AKSCRE.BO,AKS Credits Ltd
URJA.BO,Urja Global Ltd
ORIREME.BO,Oriental Remedies & Herbals Ltd
ATLASCOPCO.BO,Atlas Copco India Ltd
ASHAPURMIN.BO,Ashapura Minechem Ltd
SVOYHERDM.BO,Savoy Herbals Ltd
SHREEPAC.BO,Shree Pacetronix Ltd
ATCOM.BO,Atcom Technologies Ltd
GUJALKALI.BO,Gujarat Alkalies and Chemicals Ltd
INDIACEM.BO,India Cements Ltd
JKTYRE.BO,JK Tyre & Industries Ltd
MANGCHEFER.BO,Mangalore Chemicals & Fertilizers Ltd
SIL.BO,Standard Industries Ltd
JUBLPHARMA.BO,Jubilant Pharmova Ltd
ASIAREF.BO,Asia Refinery Ltd
THEINVEST.BO,The Investment Trust Of India Ltd
SAMYAKINT.BO,Samyak International Ltd
AADIIND.BO,Aadi Industries Ltd
MHTSULF-B.BO,Mehta Sulfites India Ltd
ORIQUAL.BO,Oriqua Ltd
MOONB.BO,Moonbeam Industries Ltd
SANTOSHF.BO,Santosh Fine Fab Ltd
SREEJAYA.BO,Sree Jayalakshmi Auto Spin Ltd
LORDSCH.BO,Lords Chemicals Ltd
YAMAPLY.BO,Yama Polymers Ltd
ACKNIT.BO,Acknit Industries Ltd
TITANSEC.BO,Titan Securities Ltd
MOHOTAIND.BO,Mohota Industries Ltd
JJEXPO.BO,JJ Exporters Ltd
MAMTAST.BO,Mamta Steels Ltd
REALECO.BO,Real Eco-Energy Ltd
HRMNYCP.BO,Harmony Capital Service Ltd
VIVANZA.BO,Vivanza Biosciences Ltd
MAHASHR.BO,Maharaja Shree Umaid Mills Ltd
ROCKTHR.BO,Rockland Thermionics Ltd
YASHRAJC.BO,Yashraj Containeurs Ltd
NAGDRUG.BO,Nagarjuna Drugs Ltd
LORDSHOTL.BO,Lords Ishwar Hotels Ltd
CSLFINANCE.BO,CSL Finance Ltd
PROTODEV.BO,Proto Developers & Technologies Ltd
PARSOLI.BO,Parsoli Corporation Ltd
SANGHVIMOV.BO,Sanghvi Movers Ltd
SELAN.BO,Selan Exploration Technology Ltd
PURETROP.BO,Puretrop Fruits  Ltd
FAZE3Q.BO,Faze Three Ltd
MOTMIND.BO,Mother Mira Industries Ltd
ITALJEW.BO,Italien Jewellery Manufacturing Company Ltd
EUROIND.BO,Euro Industries (India) Ltd
GODRICH.BO,Godrich Finance & Securities Ltd
ZYDEN.BO,Zyden Gentec Ltd
ACEEDU.BO,ACE Edutrend Ltd
PRADHIN.BO,Pradhin Ltd
XYLONLQ.BO,Xylon Loquitur Distillers & Vintners Ltd
TRENDES.BO,Trend Eastwest LPG Bottling Ltd
LADAMFN.BO,Ladam Finance Ltd
KRNTCHE.BO,Karnataka Chemical Industries Corporation Ltd
ANUPAM.BO,Anupam Finserv Ltd
RAJPACK.BO,Raj Packaging Industries Ltd
MAREXDM.BO,Mardia Extrusions Ltd
IBINDDM.BO,IB Industries Ltd
PRIVISCL.BO,Privi Speciality Chemicals Ltd
NATRAJPR.BO,Natraj Proteins Ltd
SUSHANTDM.BO,Sushant Capitals Ltd
SAMRATPH.BO,Samrat Pharmachem Ltd
NPRFIN.BO,NPR Finance Ltd
NILE.BO,Nile Ltd
UDAICEMENT.BO,Udaipur Cement Works Ltd
AMCOIND.BO,Amco India Ltd
OPTIEMUS.BO,Optiemus Infracom Ltd
KREONFIN.BO,Kreon Finnancial Services Ltd
GYANDEV.BO,Gyan Developers & Builders Ltd
PENNA.BO,Pennar Aqua Exports Ltd
KISAN.BO,Kisan Mouldings Ltd
KAPRIPH.BO,Kaprinas Pharmaceuticals & Chemicals Ltd
KSLIND.BO,KSL & Industries Ltd
VIJAYTX.BO,Vijay Textiles Ltd
JOLLYRID.BO,Jolly Rides Ltd
TONIRPHQ.BO,Tonira Pharma Ltd
RIVERDAL.BO,Riverdale Foods Ltd
GLDCRSC.BO,Goldcrest Securities Ltd
GARODCH.BO,Garodia Chemicals Ltd
KERALAYUR.BO,Kerala Ayurveda Ltd
KANCHAN.BO,Kanchan International Ltd
MONGIPA.BO,Moongipa Capital Finance Ltd
MOHITPPR.BO,Mohit Paper Mills Ltd
DAULAT.BO,Daulat Securities Ltd
OSCARGLO.BO,Oscar Global Ltd
ODYSSEY.BO,Odyssey Technologies Ltd
VKGLOBAL.BO,VK Global Industries Ltd
RSCINT.BO,RSC International Ltd
SARTHAK.BO,Sarthak Securities Ltd
SCOTTEX.BO,Scottex Industries Ltd
SURATRAML.BO,Surat Trade and Mercantile Ltd
ATHARVENT.BO,Atharv Enterprises Ltd
PALAYPU.BO,Palaypu finance & Investment Services Ltd
CHROMATIC.BO,Chromatic India Ltd
INTERDIA.BO,International Diamond Services Ltd
GAZIFIN.BO,Gazi Financial Services & Investment Ltd
FUNDVISER.BO,Fundviser Capital (India) Ltd
THEMISMED.BO,Themis Medicare Ltd
KALLAM.BO,Kallam Textiles Ltd
SANGHAS.BO,Sanghvi Asbestos Cements Ltd
BLJIGAL.BO,Balaji Galvanising Industries Ltd
BRAWN.BO,Brawn Biotech Ltd
AECENTP.BO,AEC Enterprises Ltd
FORINTL.BO,Fortune International Ltd
KINGSINFR.BO,Kings Infra Ventures Ltd
SWOJAS.BO,Swojas Foods Ltd
NUTRICIRCLE.BO,Nutricircle Ltd
SARITASO.BO,Sarita Software & Industries Ltd
SPANDYE.BO,Span Dyestuff Industries Ltd
RAJMINC.BO,Rajendra Mining Spares Company Ltd
SURAJHLD.BO,Suraj Holdings Ltd
SHARODW.BO,Shakti Rods & Wires Ltd
SUBSM.BO,Subhash Silk Mills Ltd
AUROLAB.BO,Auro Laboratories Ltd
KJMCFIN.BO,KJMC Financial Services Ltd
GANDHHO.BO,Gandhinagar Hotels Ltd
SUVEN.BO,Suven Life Sciences Ltd
MINHASS.BO,Minhas Steels Ltd
MANGASOF.BO,Mangalya Soft Tech Ltd
ARYAMAN.BO,Aryaman Financial Services Ltd
BRIDGESE.BO,Bridge Securities Ltd
RISAINTL.BO,Risa International Ltd
RAJTUBE.BO,Rajasthan Tube Manufacturing Company Ltd
KAYPOWR.BO,Kay Power and Paper Ltd
MIDAS.BO,Midas Pharmasec Ltd
INTSTOIL.BO,Inter State Oil Carrier Ltd
ARCUTTIP.BO,Arcuttipore Tea Company Ltd
GLOBALCA.BO,Global Capital Markets Ltd
SAINIK.BO,Sainik Finance & Industries Ltd
ARIGATO.BO,Arigato Universe Ltd
SCILVENTU.BO,SCIL Ventures Ltd
RICHUNV.BO,Rich Universe Network Ltd
LIBERTYP.BO,Liberty Phosphate Ltd
BASECEM.BO,Basera Cement Ltd
KARAFIN.BO,Karan Finance Ltd
KUNALOVE.BO,Kunal Overseas Ltd
QUANTDIA.BO,Quantum Digital Vision India Ltd
ZUARIFOR.BO,Zuari Forex Ltd
VOLVOST.BO,Volvo Steels Ltd
TRIGZIN.BO,Trigon Zinco Ltd
SPCAPIT.BO,SP Capital Financing Ltd
PAOS.BO,Paos Industries Ltd
WILFI.BO,Wilwayfort India Ltd
SHRAJOI.BO,Shree Rajiv Lochan Oil Extraction Ltd
IDEA.BO,Ideaspace Solutions Ltd
KOTHARIPRO.BO,Kothari Products Ltd
NWERAAL.BO,New Era Alkaloids & Export Ltd
PICCADIL.BO,Piccadily Agro Industries Ltd
CLSEL.BO,Chaman Lal Setia Exports Ltd
CHANDRAP.BO,Chandra Prabhu International Ltd
DELTAPO.BO,Delta Polysters Ltd
KIMIABL.BO,Kimia Biosciences Ltd
HINDTIN.BO,Hindustan Tin Works Ltd
GODAVARI.BO,Godavari Drugs Ltd
VRGOLAI.BO,Vergola India Ltd
UNIMININ.BO,Unimin India Ltd
ERAINFRA.BO,Era Infra Engineering Ltd
KUMARCO.BO,Kumars Cotex Ltd
KMCAPIT.BO,KM Capital Ltd
MUKUIND.BO,Mukunda Industrial Finance Ltd
PREMCO.BO,Premco Global Ltd
EMGEECA.BO,Emgee Cables & Communications Ltd
JCLLITD.BO,JCL Ltd
EXELON.BO,Exelon Infrastructure Ltd
LABHCON.BO,Labh Construction Ltd
MUKESHB.BO,Mukesh Babu Financial Services Ltd
GENUSPOWER.BO,Genus Power Infrastructures Ltd
CREATIVW.BO,Creative World Telefilms Ltd
MAGNUML.BO,Magnum Ltd
STONOMA.BO,Stono Machines & Castings Ltd
JOYHRDM.BO,Joymat Hotel Resorts Ltd
ASIANENE.BO,Asian Energy Services Ltd
KBSINDIA.BO,KBS India Ltd
PRABHHANS.BO,Prabhhans Industries Ltd
UGARSUGAR.BO,Ugar Sugar Works Ltd
ORIENTBELL.BO,Orient Bell Ltd
NRBBEARING.BO,NRB Bearings Ltd
VAMSHIRU.BO,Vamshi Rubber Ltd
SKRCHEM.BO,SKR Chemicals Ltd
TRACKPA.BO,Trackparts of India Ltd
NAKSHTRINF.BO,Nakshatra Infrastructure Ltd
NILAINFRA.BO,Nila Infrastructures Ltd
JAYFLAS.BO,Jay Flash Ceramics Ltd
PETRONENGG.BO,Petron Engineering Construction Ltd
SOUTHPO.BO,South Pole Securities Ltd
EUROSOFTAL.BO,European Software Alliances Ltd
GEEFC.BO,Geefcee Finance Ltd
DOTCOM.BO,DOT COM Global Ltd
DBSTOCKBRO.BO,DB International Stock Brokers Ltd
HIMADRI.BO,Himadri Credit & Finance Ltd
KAMAKSH.BO,Kamakshi Housing Finance Ltd
VINYOFL.BO,Vinyoflex Ltd
VALLABH.BO,Vallabh Poly Plast International Ltd
JINDCAP.BO,Jindal Capital Ltd
EPIC.BO,EPIC Energy Ltd
EUPHARMLAB.BO,Eupharma Laboratories Ltd
MAGIN.BO,Magan Industries Ltd
ASIANVE.BO,Asian Vegpro Industries Ltd
BAYERCROP.BO,Bayer CropScience India Ltd
CHIPLUN.BO,Chiplun Fine Chemicals Ltd
SUMEDHA.BO,Sumedha Fiscal Services Ltd
KUWERIN.BO,Kuwer Industries Ltd
CRBSHAR.BO,CRB Share Custodian Services Ltd
SUNDYEX.BO,Sunday Exports Ltd
CHOKSI.BO,Choksi Imaging Ltd
ASHISHPO.BO,Ashish Polyplast Ltd
ADORFO.BO,Ador Fontech Ltd
SHIVAAGRO.BO,Shiva Global Agro Industries Ltd
NOESISIND.BO,Noesis Industries Ltd
MAYALLO.BO,Mayura Alloy Industries Ltd
SIDDHA.BO,Siddha Ventures Ltd
MAHAN.BO,Mahanivesh India Ltd
KIRANSY-B.BO,Kiran Syntex Ltd
SUMERUIND.BO,Sumeru Industries Ltd
BESCOLT.BO,Besco Ltd
RUNGTAIR.BO,Rungta Irrigation Ltd
ZNARMDCE.BO,ZNARMDCE
THAPARC.BO,Thapar Concast Ltd
ELVISIN.BO,ELVISIN
GTTDATA.BO,GTT Data Solutions Ltd
VALSONQ.BO,Valson Industries Ltd
SABOOSOD.BO,Saboo Sodium Chloro Ltd
UMAMAHM.BO,Uma Maheshwari Mills Ltd
CRYSTALC.BO,Crystal Credit Corporation Ltd
GUJCYPROM.BO,Gujarat Cypromet Ltd
GSLSEC.BO,GSL Securities Ltd
BALAJHOTEL.BO,Balaji Hotels & Enterprises Ltd
ARAVIND.BO,Aravali India Ltd
TINNARUBR.BO,Tinna Rubber and Infrastructure Ltd
VIKRAMTH.BO,Vikram Thermo India Ltd
ATLINFRA.BO,Atlanta Infrastructure and Finance Ltd
KARNATFI.BO,Karnataka Financial Services Ltd
GRESOIL.BO,Gresoil (India) Ltd
SAMARTHI.BO,Samarth International Finlease Ltd
VIBROSO.BO,Vibros Organics Ltd
SOUTHIR.BO,Southern Iron & Steel Company Ltd
COIMBAT.BO,Coimbatore Popular Spinning Mills Ltd
STRATMONT.BO,Stratmont Industries Ltd
MARVEL.BO,Marvel Capital & Finance India Ltd
AKCAPIT.BO,AK Capital Services Ltd
SARVODYA.BO,Sarvodaya Labs Ltd
GUJARAN.BO,Gujarat Nitrates Ltd
UPERGANGES.BO,Upper Ganges Sugar & Industries Ltd
RAJMI.BO,Raajratna Metals Industries Ltd
VANTECH-B.BO,Vantech Industry Ltd
ARMAANE.BO,Armaan Electric Ltd
ACCURATE.BO,Accurate Transformers Ltd
SHRIRAM.BO,Shriram Overseas Finance Ltd
RELAXO.BO,Relaxo Footwears Ltd
INTERFAC.BO,Interface Financial Services Ltd
VIRAT.BO,Virat Industries Ltd
KARISHM.BO,Karishma Floriculture Ltd
RRETAIL.BO,Rajnish Retail Ltd
TRANSAG.BO,Trans Agrotech Ltd
KAMALAT.BO,Kamala Tea Company Ltd
TRIENTP.BO,TRIENTP
TERAI.BO,Terai Tea Company Ltd
HINFINS.BO,Hindustan Finstock Ltd
MANRAJH.BO,Manraj Housing Finance Ltd
SUPRAPT.BO,Suprati Plastics Ltd
MARG.BO,Marg Ltd
COSCO.BO,Cosco India Ltd
KENFIN.BO,Ken Financial Services Ltd
SHILPAMED.BO,Shilpa Medicare Ltd
MONINFO.BO,Monalisa Infotech Ltd
GLOBALI.BO,Global Industries Ltd
PARACABLES.BO,Paramount Communications Ltd
NCLRESE.BO,NCL Research & Financial Services Ltd
PIYUSHT.BO,Piyush Steels Ltd
RADGLOBAL.BO,Radford Global Ltd
STRONTI.BO,Strontium Ferriten India Ltd
POPEES.BO,Popees Cares Ltd
ASBUSIN.BO,Associated Business Credits Ltd
SKNIND.BO,SKN Industries Ltd
EXPLICITFIN.BO,Explicit Finance Ltd
TRINITY.BO,Trinity Bio-tech Ltd
SUNSS.BO,Sunstar Software Systems Ltd
LADDERUP.BO,Ladderup Finance Ltd
UYFINCORP.BO,U. Y. Fincorp Ltd
EKAMLEA.BO,Ekam Leasing & Finance Company Ltd
VOGUETEX.BO,Vogue Textiles Ltd
SWASTIKA.BO,Swastika Investsmart Ltd
BARKHAI.BO,Barkha Industries Ltd
PRIMAPLA.BO,Prima Plastics Ltd
NOBLEBR.BO,Noble Brothers Impex Ltd
SIRHIND.BO,Sirhind Steel Ltd
TELECANOR.BO,TeleCanor Global Ltd
VIJAYSH.BO,Vijay Shanthi Finance Ltd
GMSCOM.BO,GMSCOM
JAGSONFI.BO,Jagsonpal Finance & Leasing Ltd
KANDHAR.BO,Kandhari Rubbers Ltd
GSLNOVA.BO,GSL Nova Petrochemicals Ltd
JAYFINL.BO,Jay Finlease & Management Services Ltd
CARNATIN.BO,Carnation Industries Ltd
STURDY.BO,Sturdy Industries Ltd
GARGFUR.BO,Garg Furnace Ltd
SAMPRE.BO,Sampre Nutritions Ltd
RELIGLOBE.BO,Religare Technova Global Solutions Ltd
AAIL.BO,Akar Auto Industries Ltd
JAINPUR.BO,Jainpur Straw Board & Papers Ltd
SOLIMTD-B.BO,SOL Ltd
VIPULORG.BO,Vipul Organics Ltd
MONARCH.BO,Monarch Dyestuff industries & Exports Ltd
ROSEZIN.BO,Rose Zinc Ltd
HITKARIIN.BO,Hitkari Industries Ltd
TEXPI.BO,Texplast Industries Ltd
BLINDUS.BO,BL Industries (India) Ltd
SHRINIR.BO,Shri Niranjan Ayurved Bhawan Ltd
ECORECO.BO,Eco Recycling Ltd
MALVI.BO,Malvika Steel Ltd
KANVAFI.BO,Kanva Finance Ltd
SOFTECH.BO,Softech Infinium Solutions Ltd
SHGANES.BO,Shree Ganesh Knit India Ltd
GOODLUCK.BO,Goodluck India Ltd
GLOBSEC.BO,Global Securities Ltd
REGBLUI.BO,Regaul Blue (India) Ltd
GOYALASS.BO,Goyal Associates Ltd
ZENITHHE.BO,Zenith Healthcare Ltd
SRINANDAA.BO,Sri Nandaa Spinners Ltd
ACEENGITEC.BO,Ace Engitech Ltd
PCRKPHA.BO,Perk Pharmaceuticals Ltd
YORKEXP.BO,York Exports Ltd
SUPREME.BO,Supreme Holdings & Hospitality (India) Ltd
SHARDAS.BO,Sharda Solvent Ltd
DIARUZA.BO,Diaruza Exports Ltd
PITHP.BO,Pithampur Poly Products Ltd
GULABDA.BO,Gulabdas Flexipack Industries Ltd
LYKISLTD.BO,Lykis Ltd
AKASAGR.BO,Akash Agro Industries Ltd
ADITYAINF.BO,Aditya Info Soft Ltd
PRIMEPRO.BO,Prime Property Development Corporation Ltd
ZENLABS.BO,Zenlabs Ethica Ltd
RAJRILTD.BO,Raj Rayon Industries Ltd
KDJHRL.BO,KDJ Holidayscapes and Resorts Ltd
INFODRIVE.BO,Info-Drive Software Ltd
ANIRIT.BO,Anirit Ventures Ltd
AFTEK.BO,Aftek Ltd
GOWRALE.BO,Gowra Leasing & Finance Ltd
JAGANLAM.BO,Jagan Lamps Ltd
AJEL.BO,AJEL Ltd
ALPSINDUS.BO,Alps Industries Ltd
EGGROPA.BO,Eggro Paper Moulds Ltd
IKFIN.BO,IKF Finance Ltd
ANGIND.BO,ANG Industries Ltd
ASITCFIN.BO,Asit C Mehta Financial Services Ltd
NUBALIN.BO,Nubal India Ltd
TERRYFB.BO,Terryfab India Ltd
SCINTSOFT.BO,Scintilla Software Technology Ltd
ENCODE.BO,Encode Packaging India Ltd
SUPERBAK.BO,Super Bakers India Ltd
BAJAI.BO,Bajwa Agro Industries Ltd
OVOBELE.BO,Ovobel Foods Ltd
GEINDSYS.BO,GEI Industrial Systems Ltd
ACSTECH.BO,ACS Technologies Ltd
CHALLANI.BO,Challani Capital Ltd
AHURAWE.BO,Ahura Welding Electrode Manufacturing Ltd
BULLPOWDM.BO,Bull Power Systems Ltd
SURYOPLA.BO,Suryodaya Plastics Ltd
CORNE.BO,Coral Newsprints Ltd
SHENTRA.BO,Shentracon Chemicals Ltd
STERTOOLS.BO,Sterling Tools Ltd
SATHYAK.BO,Sathya Kamal Agros Ltd
SUNBRIGHT.BO,Sunbright Stock Broking Ltd
AGARWAL.BO,Agarwal Fortune India Ltd
FLEXICI.BO,Flexi Circuits India Ltd
VENUSUNI.BO,Venus Universal Ltd
KLGCAP.BO,KLG Capital Services Ltd
IVRCLINFRA.BO,IVRCL Ltd
WALKERIDM.BO,Walker India Ltd
INFRAIND.BO,Infra Industries Ltd
DYNAMICP.BO,Dynamic Portfolio Management & Services Ltd
INTERHG.BO,International Housing Finance Corporation Ltd
TRANSASIA.BO,Trans Asia Corporation Ltd
PITAMBER.BO,Pitambar Coated Papers Ltd
INLANPR.BO,Inland Printers Ltd
CEEJAY.BO,Ceejay Finance Ltd
PARAKTE.BO,Parakaram Techofab Ltd
PENTAPH.BO,Penta Pharmadyes Ltd
SUNCITYSY.BO,Suncity Synthetics Ltd
SHGANEL.BO,Shree Ganesh Elastoplast Ltd
ANNAINFRA.BO,Anna Infrastructures Ltd
DIAMOND.BO,Diamond Infosystems Ltd
BHAGERIA.BO,Bhageria Industries Ltd
OIVL.BO,Onesource Industries And Ventures Ltd
REGALIAA.BO,Regaliaa Realty Ltd
BNRUDY.BO,BNR Udyog Ltd
NETVISTAIT.BO,Netvista Information Technology Ltd
KRBL.BO,KRBL Ltd
REFNOL.BO,Refnol Resins & Chemicals Ltd
TEATXEP.BO,Teaktex Processing Complex Ltd
SSPDL.BO,SSPDL Ltd
SOMATR.BO,Somani Strips Ltd
DAIKAFFI.BO,Daikaffil Chemicals India Ltd
KEMWINT-B.BO,KEMWINT-B
CILSEC.BO,Cil Securities Ltd
ABEEINF.BO,Abee Info Consumables Ltd
ELTROL.BO,Eltrol Ltd
CLIOINFO.BO,Clio Infotech Ltd
SHRIBCL.BO,Shri Bholanath Carpets Ltd
CUPID.BO,Cupid Ltd
SUNSHIEL.BO,Sunshield Chemicals Ltd
KANOPLA.BO,Kanoria Plaschem Ltd
CODUREXDM.BO,Coduras Exports Ltd
HIPOLIN.BO,Hipolin Ltd
GDLLEAS.BO,GDL Leasing & Finance Ltd
GARGFOR.BO,Garg Forgings & Castings Ltd
COSBOARD.BO,Cosboard Industries Ltd
ASINFRA.BO,Asiatic Infrastructure & Shelters Ltd
FEINDIALTD.BO,FE (India) Ltd
DHANELE.BO,Dhanashree Electronics Ltd
SFLINTER.BO,SFL International Ltd
PRAMANC.BO,Praman Capital Market Services Ltd
CHEMBOND.BO,Chembond Chemicals Ltd
GIRHOTE.BO,Girish Hotel Resorts & Health Farm Ltd
MODFC.BO,Model Financial Corporation Ltd
CIFL.BO,Capital India Finance Ltd
ABVL.BO,Arunjyoti Bio Ventures Ltd
SUCROSA.BO,Super Crop Safe Ltd
FIVECORE.BO,Five Core Exim Ltd
INCFS.BO,Incap Financial Services Ltd
ALKA.BO,Alka India Ltd
RKB.BO,RKB Agro Industries Ltd
MOULIKF.BO,Moulik Finance & Resorts Ltd
NGIND.BO,NG Industries Ltd
ASIAPAK.BO,Asia Pack Ltd
ACIL.BO,ACIL Cotton Industries Ltd
SAINDUS.BO,Sai Industries Ltd
SICAPIT.BO,SI Capital & Financial Services Ltd
ERPSOFT.BO,ERP Soft Systems Ltd
INDOBRIT.BO,Indo Britain Agro Farms Ltd
SHBHAGV.BO,Shri Bhagavati Bright Bars Ltd
JRFOODS.BO,JR Foods Ltd
RRSECUR.BO,RR Securities Ltd
REMSONSIND.BO,Remsons Industries Ltd
INTETHR.BO,Integrated Thermoplastics Ltd
RCLFOODS.BO,RCL Foods Ltd
RAMSONS.BO,Ramsons Projects Ltd
HARAFIN.BO,Haryana Financial Corporation Ltd
EUROASIA.BO,Euro Asia Exports Ltd
STANPACK.BO,Stanpacks India Ltd
CILSOFN.BO,Cilson Finance & Investment Ltd
SUNOLEO.BO,Sunrise Oleochemical Ltd
UMSTECHNO.BO,UMS Technologies Ltd
SABTNL.BO,Sri Adhikari Brothers Television Network Ltd
GISL.BO,Gangotri Iron & Steel Company Ltd
DHARTEX.BO,Dhar Textile Mills Ltd
RAMINFO.BO,Raminfo Ltd
SUNILAGR.BO,Sunil Agro Foods Ltd
MINDVISCAP.BO,Mindvision Capital Ltd
JAINGRA.BO,Jain Granites & Projects India Ltd
DIANATEA.BO,Diana Tea Company Ltd
VIKASECO.BO,Vikas EcoTech Ltd
JGFINAN.BO,JG Finance Ltd
IOC.BO,Indian Oil Corporation Ltd
KYRALANDS.BO,Kyra Landscapes Ltd
NIMBUSI.BO,Nimbus Industries Ltd
ALFAICA.BO,Alfa Ica India Ltd
SKCIL.BO,Shri Keshav Cements And Infra Ltd
INDIAHOME.BO,India Home Loan Ltd
SRHSYNT.BO,SRH Synthetics Ltd
GARVEEGDM.BO,Garvee Granite Ltd
JPTSEC.BO,JPT Securities Ltd
LSKFINA.BO,LSK Finance & Allied Services Ltd
SHANTIVI.BO,Shantivijay Jewels Ltd
ROOPAIND.BO,Roopa Industries Ltd
SARTHAKGL.BO,Sarthak Global Ltd
SHIVEGGDM.BO,Shiva Egg Products Ltd
UNIQUEO.BO,Unique Organics Ltd
BALAMINES.BO,Balaji Amines Ltd
KAMAR.BO,Kamar Chemicals & Industries Ltd
SWRNASE.BO,Swarna Securities Ltd
PASCHIM.BO,Paschim Petrochem Ltd
INTSE.BO,International Securities Ltd
BETACOR.BO,Beta Corporation Ltd
EMKAR.BO,Emkay Aromatics Ltd
SUNGRAN.BO,Sun Granite Export Ltd
VENMAX.BO,Venmax Drugs and Pharmaceuticals Ltd
ARISE.BO,Arihants Securities Ltd
SHJAGDM.BO,Shree Jagdambe Paper Mills Ltd
KUBERFL.BO,Kuber Floritech Ltd
TAURGEN.BO,TAURGEN
VISAGAR.BO,Visagar Financial Services Ltd
LIBORD.BO,Libord Securities Ltd
BHATEXT.BO,Bharat Textiles & Proofing Industries Ltd
WELWORT.BO,Welworth Electric Company Ltd
ZTAURGEN.BO,ZTAURGEN
REGAL.BO,Regal Entertainment & Consultants Ltd
ERAAYA.BO,Eraaya Lifespaces Ltd
ZBPLREPP.BO,BPL REFRIGER
SWADHATURE.BO,Swadha Nature Ltd
COMPEAU.BO,Competent Automobiles Company Ltd
ZDHJERK.BO,Dhanvantri Jeevan Rekha Ltd
PRLAMIN.BO,Premier Laminates Ltd
ADVPOWER.BO,Advance PowerInfra Tech Ltd
NEELKAN.BO,Neelkanth Rockminerals Ltd
VINTAGES.BO,Vintage Securities Ltd
INDIM.BO,India International Marketing Centre Ltd
GFLFIN.BO,GFL Financials India Ltd
RITESPL.BO,Ritesh Polyesters Ltd
HATIGOR.BO,Hatigor Tea Estates Ltd
INDECOM.BO,India E-Commerce Ltd
PRSTEEL.BO,Progressive Steels India Ltd
OSWALOR.BO,Oswal Overseas Ltd
CONTILI.BO,Contil India Ltd
VIJSOLX.BO,Vijay Solvex Ltd
BLUEDIA.BO,Blue Diamonds Securities & Finance Ltd
NUTEORG.BO,Nu Tech Organic Chemicals Ltd
NEPCPAPER.BO,NEPC Paper & Board Ltd
RAVRAJI.BO,Ravraj Impex Ltd
SHRIKRISH.BO,Shri Krishna Devcon Ltd
ALANKIT.BO,Alankit Ltd
NIHARINF.BO,Nihar Info Global Ltd
INDOBONIT.BO,Indo Bonito Multinational Ltd
LAKHANI.BO,Lakhani India Ltd
NAPAPER.BO,Napa Papers Ltd
KASHYAP.BO,Kashyap Fiscal Services Ltd
TULIPSTA.BO,Tulip Star Hotels Ltd
SWISSEN.BO,Swissen Inter Space Ltd
UNITDCR.BO,United Credit Ltd
OMINFRAL.BO,OM Infra Ltd
OPTEL.BO,Optel Telecommunications Ltd
HARBORNE.BO,Harbor Network Systems Ltd
PRIMETA.BO,Prime Metals Ltd
MOUNTEVE.BO,Mount Everest Mineral Water Ltd
JIWANFL.BO,Jiwan Flora Ltd
CHECKPOINT.BO,Checkpoint Trends Ltd
SURANACORP.BO,Surana Corporation Ltd
LIBERAL.BO,Liberal Finlease Ltd
SCANORG.BO,Scan Organics Ltd
ZAUTPALI.BO,ZAUTPALI
GJPROFN.BO,GJPROFN
ISHANCH.BO,Ishan Dyes and Chemicals Ltd
RLPETRODM.BO,RLPETRODM
GOTHIPL.BO,Gothi Plascon India Ltd
BALUFORGE.BO,Balu Forge Industries Ltd
KARSPIN.BO,Karnavati Spinners Ltd
GDRMEDIA.BO,GDR Media Ltd
SYNERGY.BO,Synergy Cosmetics (Exim) Ltd
KHEMGLB.BO,Khemsons Global Ltd
SILSPL.BO,Silverton Spinners Ltd
CEENIK.BO,Ceenik Exports India Ltd
PATELENG.BO,Patel Engineering Ltd
SIEOP.BO,Sierra Optima Ltd
GLDSTRW.BO,Gold Star Straw Products Ltd
STALGAR.BO,Stallion Garments Export Ltd
SAHACEM.BO,Sahas Cements Ltd
BLUMARI.BO,Bluegold Maritech International Ltd
KATIPATANG.BO,Kati Patang Lifestyle Ltd
MENAMANI.BO,Mena Mani Industries Ltd
INDFO.BO,Indusmin Foods Ltd
INANI.BO,Inani Marbles & Industries Ltd
MODIHOOV.BO,Modi Hoover International Ltd
MASCONGLO.BO,Mascon Global Ltd
CONTAIN.BO,Containerway International Ltd
ASIFE.BO,Asiatic Food Exports Ltd
LEWATERIN.BO,Le Waterina Resorts & Hotels Ltd
PITTSIRON.BO,Pittsburgh Iron and Steels Ltd
SPARKSH.BO,Sparkling (India) Finshares Ltd
GEMSI.BO,Gemstone Investments Ltd
COGRANI.BO,Coromandel Granite Company Ltd
ZRNKEXPO.BO,ZRNKEXPO
SRJTC.BO,Sri Jayalakshmi Spinning Mills Ltd
CHIRAUF.BO,Chirau Finance Investment & Leasing Company Ltd
ESENESF.BO,Esenes Forgings Ltd
ELFORGE.BO,El Forge Ltd
MEDICAMEQ.BO,Medicamen Biotech Ltd
ALICON.BO,Alicon Castalloy Ltd
ENCHANTE.BO,Enchante Jewellery Ltd
SRANGMARK.BO,Shree Rang Mark Travels Ltd
ASCORPS.BO,Asiacorp Securities Ltd
LYMPHALDM.BO,Lympha Laboratories Ltd
STILESI.BO,Stiles India Ltd
DILIGENT.BO,Diligent Industries Ltd
BPLIMTD.BO,BPLIMTD
EPSOMPRO.BO,Epsom Properties Ltd
ALFAVIO.BO,Alfavision Overseas India Ltd
ORGCOAT.BO,Organic Coatings Ltd
CATVISION.BO,Catvision Ltd
JMPCAST.BO,JMP Castings Ltd
SAUMYACAP.BO,Saumya Capital Ltd
ABMKNO.BO,ABM Knowledgeware Ltd
EMAMILTD.BO,Emami Ltd
KEMISTAR.BO,Kemistar Corporation Ltd
LADIAMO.BO,Laser Diamonds Ltd
KALINGA.BO,Kalinga Cement Ltd
MFLSTBR.BO,MFL Stock Broking Ltd
ORIENTINFO.BO,Orient Information Technology Ltd
ASSOCER.BO,Associated Ceramics Ltd
SKPSEC.BO,SKP Securities Ltd
TREZERO.BO,Trezer Oil Agro Tech Ltd
DEVIKA.BO,Devika Proteins Ltd
PRANAVSP.BO,Pranavaditya Spinning Mills Ltd
SYSCHEM.BO,Syschem India Ltd
SRPLLTD.BO,SRPL Ltd
BLSINFOTE.BO,BLS Infotech Ltd
MEFCOMCAP.BO,Mefcom Capital Markets Ltd
HEMANG.BO,Hemang Resources Ltd
ARMANFIN.BO,Arman Financial Services Ltd
APAMUSE.BO,Apple Amusement Industries Ltd
ALFAEXPDM.BO,Alfa Export Technologies (India) Ltd
MANKNIT.BO,Mangal Knits Ltd
SSKFISC.BO,SSK Fiscal Services Ltd
CHISO.BO,Chicago Software Industries Ltd
SWETCHM.BO,Swet-Chem Antibiotics Ltd
CLAFS.BO,Clarity Financial Services Ltd
GUJBP.BO,Gujarat Bulk Packs Ltd
TAVERNIER.BO,Tavernier Resources Ltd
FILTRON.BO,Filtron Engineers Ltd
MIDINFRA.BO,Midas Infra Trade Ltd
RAJHANS-B.BO,Rajhans Foods Ltd
BRAHMAINF.BO,Brahmaputra Infraproject Ltd
VEDVYAS.BO,Vedvyas Cements Ltd
GAGANPO.BO,Gagan Polycot India Ltd
GOEAFIN.BO,Goodearth Financial Services Ltd
DHANADACO.BO,Dhanada Corporation Ltd
GLANCE.BO,Glance Finance Ltd
MAPLLEINF.BO,Maplle Infraprojects Ltd
SHILCTECH.BO,Shilchar Technologies Ltd
AMBEHOT.BO,Ambe Hotel & Resorts Ltd
TRADEWELL.BO,Tradewell Holdings Ltd
RIZVIEX.BO,Rizvi Exports Ltd
SPRIGHT.BO,Spright Agro Ltd
KWALITYCL.BO,Kwality Credit & Leasing Ltd
RAYLA.BO,Raymed Labs Ltd
PRIMUSC.BO,Primus Chemicals Ltd
NUCLEUS.BO,Nucleus Software Exports Ltd
COLINZ.BO,Colinz Laboratories Ltd
WELLNESS.BO,Wellness Noni Ltd
NLFL.BO,Nalin Lease Finance Ltd
MANAPPURAM.BO,Manappuram Finance Ltd
KANELEC.BO,Kanohar Electricals Ltd
RTSPOWR.BO,RTS Power Corporation Ltd
COMFINTE.BO,Comfort Intech Ltd
WESTE.BO,Western India Shipyard Ltd
RISHABFIN.BO,Rishab Financial Services Ltd
SHYAMACOMP.BO,Shyama Computronics and Services Ltd
HICSCEM.BO,HICS Cements Ltd
MAYURFL.BO,Mayur Floorings Ltd
VIBINVEDM.BO,Vibrant Investment & Properties Ltd
ANJANI.BO,Anjani Synthetics Ltd
COMPUTECH.BO,Computech International Ltd
XTGLOBAL.BO,Xtglobal Infotech Ltd
DOONVAL.BO,Doon Valley Rice Ltd
DECOMIC.BO,Deco Mica Ltd
RANDER.BO,Rander Corporation Ltd
ZSBIMAGB.BO,SBI Magnum Bond Fund 1994
SIDVINF.BO,Sidhhi Vinayak Dairy & Food Products Ltd
JINDRUG.BO,JINDRUG
RASIELEC.BO,Rasi Electrodes Ltd
SCOOBEEDAY.BO,Scoobee Day Garments (India) Ltd
CITIPOR.BO,Citi Port Financial Services Ltd
MEWARPOL.BO,Mewar Polytex Ltd
DHRUVCA.BO,Dhruva Capital Services Ltd
BETALAB.BO,Betalact Laboratories Ltd
SHAMROIN.BO,Shamrock Industrial Company Ltd
LINC.BO,Linc Ltd
GUMINDL.BO,Gummadi Industries Ltd
KORATLS.BO,Koratla Leasefin India Ltd
JANZNMT.BO,Janzen Castmetals Ltd
PRIMAIN.BO,Prima Industries Ltd
ALPHA.BO,Alpha Hi-tech Fuel Ltd
ZASELECT.BO,ZASELECT
WLPACKP.BO,Well Pack Papers & Containers Ltd
RNBIND.BO,RNB Industries Ltd
PEBBLEI.BO,Pebble Investment & Finance Ltd
ANERI.BO,Aneri Fincap Ltd
INDGELA.BO,India Gelatine & Chemicals Ltd
OPTIFIN.BO,Optimus Finance Ltd
PARAGONF.BO,Paragon Finance Ltd
PRAVEEN.BO,Praveen Properties Ltd
PRATIKSH.BO,Pratiksha Chemicals Ltd
KPRTLPR.BO,KPR Teleproducts Ltd
ESHAMEDIA.BO,Esha Media Research Ltd
REFEXRENEW.BO,Refex Renewables & Infrastructure Ltd
CONCURINF.BO,Concurrent (India) Infrastructure Ltd
SURINDL.BO,Surya Industrial Corporation Ltd
ANSUSPNDM.BO,Anasuya Spinners Ltd
PIOCASH.BO,Pioneer Cashew Industries Ltd
PROGREXV.BO,Progrex Ventures Ltd
VSTTILLERS.BO,VST Tillers Tractors Ltd
INDVANI.BO,Indo Vanillon Chemicals Ltd
B2BSOFT.BO,B2B Software Technologies Ltd
KLGSYSTEL.BO,KLG Systel Ltd
DAZZEL.BO,Dazzel Confindive Ltd
NIKKIGL.BO,Nikki Global Finance Ltd
RADHEDE.BO,Radhe Developers India Ltd
KINETRU.BO,Kinetic Trust Ltd
BOMSS.BO,Bombay Swadeshi Stores Ltd
RETIFNL.BO,Realtime Finlease Ltd
ELIXIR.BO,Elixir Capital Ltd
TRISHAKT.BO,Trishakti Industries Ltd
PANKAJPO.BO,Pankaj Polymers Ltd
MARBLE.BO,Marble City India Ltd
VIRPOLY.BO,Virgo Polymer India Ltd
CINDRELL.BO,Cindrella Financial Services Ltd
HITESTX.BO,Hitesh Textile Mills Ltd
ASLAKTO.BO,Asian Lakto Industries Ltd
ADHHATA.BO,Adhata Global Ltd
NATPLASTI.BO,National Plastic Technologies Ltd
LEADFIN.BO,Lead Financial Services Ltd
NATFIT.BO,National Fittings Ltd
SHDYECH.BO,Shreeji Dye Chem Ltd
REACTOP.BO,Reacto Papers India Ltd
NALINCH.BO,Nalin Chemicals Ltd
PRAMFIN.BO,Pramada Finvest Ltd
VSMFNEX.BO,VSM Finance & Exports Ltd
SUNLAKE.BO,Sunlake Resorts and Hotels Ltd
MXORCHADM.BO,Maxworth Orchards International Ltd
ARTEFACT.BO,Artefact Projects Ltd
KINJAMT.BO,Kinjal Metals Ltd
CENLC.BO,Century Laminating Company Ltd
AMITINT.BO,Amit International Ltd
HIGHSTREE.BO,High Street Filatex Ltd
RICHSTODM.BO,Rich Stones (India) Ltd
NUTECGLOB.BO,Nutech Global Ltd
GLOBALX.BO,Global Exhibitions Ltd
DHPIND.BO,DHP India Ltd
RRIL.BO,RRIL Ltd
AVAILFC.BO,Available Finance Ltd
RAHILIN.BO,Rahil Investment & Finance Ltd
SANRAA.BO,Sanraa Media Ltd
SPARKFD.BO,Sparkle Foods Ltd
INTCAPL.BO,Integra Capital  Ltd
ICHALSO.BO,Ichalkaranji Soya Ltd
SANDURL.BO,Sandur Laminates Ltd
GERMANGA.BO,German Gardens Ltd
TRANSCON.BO,Transcon Research & Infotech Ltd
MARUTISE.BO,Maruti Securities Ltd
EXOTICCOAL.BO,Exotic Coal Ltd
AMEXCHE.BO,Amex Carbonates & Chemicals Ltd
HAVISHA.BO,Sri Havisha Hospitality And Infrastructure Ltd
JAYIND.BO,Jayatma Industries Ltd
ROSELABS.BO,Roselabs Finance Ltd
VINIMETDM.BO,Vini Metaspin Steels Ltd
MPTELE.BO,MP Telelinks Ltd
CHARMS.BO,Charms Industries Ltd
KRETTOSYS.BO,Kretto Syscon Ltd
COSAPAR.BO,Cosmos Apparels Ltd
DYNMICR.BO,Dynamic Microsteppers Ltd
TIMESHI.BO,Time Shipping Ltd
STRLIND.BO,STRLIND
GARWALL.BO,GARWALL
VIKALPS.BO,Vikalp Securities Ltd
ZYDUSWELL.BO,Zydus Wellness Ltd
AUROCOK.BO,Auroma Coke Ltd
WINPRO.BO,WinPro Industries Ltd
MILESTONE.BO,Milestone Global Ltd
JAIHINDPRO.BO,Jaihind Projects Ltd
BERVINL.BO,Bervin Investment & Leasing Ltd
GUJINV.BO,Gujarat Investa Ltd
ORBITPL.BO,Orbit Polyester Ltd
INDINFRA.BO,India Infraspace Ltd
CONCOR.BO,Container Corporation of India Ltd
SUNZI.BO,Sunrise Zinc Ltd
EASTRED.BO,Eastern Treads Ltd
HARSHIT.BO,Harshita Ltd
MOONDRUG.BO,Moon Drugs Ltd
PANACEABIO.BO,Panacea Biotec Ltd
VOLGAAIR.BO,Volga Air Technics Ltd
SHRAJTX.BO,Shree Rajasthan Texchem Ltd
PEETISEC.BO,Peeti Securities Ltd
MKSECUR.BO,MK Securities Ltd
PNCCAP.BO,PNC Capital Trust Ltd
DHANLEA.BO,Dhanlaxmi Lease Finance Ltd
CURESPEC.BO,Cure Spects Laser Ltd
MERCURYEV.BO,Mercury Ev-Tech Ltd
CHOICEIN.BO,Choice International Ltd
SRAMSET.BO,Shriram Asset Management Company Ltd
GOLECHA.BO,Golechha Global Finance Ltd
EMETALSI.BO,E Metals India Ltd
ISMTL.BO,Indian Seamless Metal Tubes Ltd
KARURKCP.BO,Karur KCP Packkagings Ltd
EKANSH.BO,Ekansh Concepts Ltd
NAISARG.BO,Naisargik Agritech India Ltd
KOHINOORBRO.BO,Kohinoor Broadcasting Corporation Ltd
DOLLEX.BO,Dollex Industries Ltd
CRYCABL.BO,Crystal Cable Industries Ltd
WELLWININD.BO,Wellwin Industry Ltd
SPAR.BO,Sparc Electrex Ltd
RUPEBAR.BO,Rushabh Precision Bearings Ltd
BIOWIN.BO,Biowin Pharma India Ltd
BYKE.BO,Byke Hospitality Ltd
SAAGRR.BO,SAAG RR Infra Ltd
GCCLINP.BO,GCCL Infrastructure & Projects Ltd
CHERYFS.BO,Cherry Fashions Ltd
THANAEL.BO,THANAEL
AVIEXPODM.BO,AVI Export (India) Ltd
CSURGSU.BO,Centenial Surgical Suture Ltd
ARIHANT.BO,Arihant Foundations & Housing Ltd
JAVNTPR.BO,Jayavant Products Ltd
NORSTGM.BO,North Star Gems (India) Ltd
SUBRP.BO,SUBRP
FLCLENT.BO,Fluidelean Industries (India) Ltd
HASTIFIN.BO,Hasti Finance Ltd
SHBENZO.BO,Shree Benzophen Industries Ltd
UPSURGE.BO,Upsurge Investment & Finance Ltd
RATNABAL.BO,Ratnabali Capital Markets Ltd
ASFLORA.BO,Asian Flora Ltd
KRYKNIT.BO,Krystal Knitwear Ltd
MARVINY.BO,Marvel Vinyls Ltd
PADAMCO.BO,Padam Cotton Yarns Ltd
WOMENNET.BO,Women Networks Ltd
POLYCON.BO,Polycon International Ltd
SOURCENTRL.BO,Source Natural Foods and Herbal Supplements Ltd
GGAUTO.BO,GG Automotive Gears Ltd
ALMONDZ.BO,Almondz Global Securities Ltd
KHODIYAR.BO,Khodiyar Industries Ltd
LWSKNIT.BO,LWS Knitwear Ltd
LWSNITW.BO,LWSNITW
ZICOM.BO,Zicom Electronic Security Systems Ltd
SUGAT.BO,Sugam Agro Tech Ltd
ANSINDUS.BO,ANS Industries Ltd
HAMARDG.BO,Hallmark Drugs & Chemicals Ltd
PARMXPH.BO,Parmax Pharmaceuticals Ltd
ALCHCORP.BO,Alchemist Corporation Ltd
GUJFOIL.BO,Gujarat Foils Ltd
TUNITEX.BO,Tuni Textile Mills Ltd
RADIXIND.BO,Radix Industries (India) Ltd
KIRANPR.BO,Kiran Print Pack Ltd
MSINVES.BO,MS Investments Ltd
NRSTEXT.BO,NRS Textile Mills Ltd
NARPROP.BO,Narendra Properties Ltd
MEGACOR.BO,Mega Corporation Ltd
SYSTELIN.BO,Systel Infotech Ltd
GOPLEEIN.BO,Goplee Infotech Ltd
BMBMUMG.BO,BMB Music & Magnetics Ltd
IGHIGHM.BO,IGGI Highway Motels Ltd
KESPRINT.BO,Kesari Printers Ltd
NATUBIO.BO,Natural Biocon (India) Ltd
IDHOTIN.BO,Ideal Hotels & Industries Ltd
MRCOTEX.BO,Maruti Cottex Ltd
TNPL.BO,Tamil Nadu Newsprint & Papers Ltd
BIRMT.BO,Birmingham Thermotech Ltd
ADVENT.BO,Advent Computer Services Ltd
STGRFLD.BO,STGRFLD
SHAKTIPUMP.BO,Shakti Pumps India Ltd
SYTIXSE.BO,Systematix Securities Ltd
SUNGOLD.BO,Sungold Capital Ltd
INDOXOC.BO,INDOXOC
LIMCHEM.BO,LIMCHEM
SAFFRON.BO,Saffron Industries Ltd
PWASML.BO,Prakash Woollen & Synthetic Mills Ltd
CRYAGRI.BO,Crystal Agritech Ltd
GOLDTECH.BO,Aion-Tech Solutions Ltd
PANDRUG.BO,Pan Drugs Ltd
LYONSCO.BO,Lyons Corporate Market Ltd
AMRALCO.BO,Amar Alcoholi Ltd
TAMRMIL.BO,Tamarai Mills Ltd
VARDHMAN.BO,Vardhman Concrete Ltd
KEDICON.BO,Kedia Continental Ltd
ROCKONENT.BO,Rockon Enterprises Ltd
SAFALSEC.BO,Safal Securities Ltd
GRMOVER.BO,GRM Overseas Ltd
KECITRL-B.BO,KECITRL-B
HAPPYHMDM.BO,Happy Home Profin Ltd
NCCFIN.BO,NCC Finance Ltd
MOHITIND.BO,Mohit Industries Ltd
POLYLINK.BO,Polylink Polymers India Ltd
PRFOTRN.BO,Prakash Fotran Softech Ltd
MINAXI.BO,Minaxi Textiles Ltd
NARSM.BO,Naraingarh Sugar Mills Ltd
BOSTONBIO.BO,Boston Bio Systems Ltd
VENTRON.BO,Ventron Polymers Ltd
CONTICON.BO,Continental Controls Ltd
SUAPARL.BO,Suvarna Apparel & Fashion Exports Ltd
BHAAF.BO,Bhagwandas Auto Finance Ltd
GBLINFRA.BO,Global Infratech & Finance Ltd
ISPATPROF.BO,Ispat Profiles India Ltd
NOUVEAU.BO,Nouveau Global Ventures Ltd
FERNHIL.BO,Fernhill Industries Ltd
ARNAVCORP.BO,Arnav Corporation Ltd
PRSBS.BO,Prudential Stock Broking Services Ltd
VMATHUR.BO,VR Mathur Mass Communications Ltd
EMPORIS.BO,Emporis Projects Ltd
DUKEOFS.BO,Duke Offshore Ltd
CYBELEIND.BO,Cybele Industries Ltd
CETHARI.BO,Cethar Industries Ltd
COMPSKIL.BO,Computerskill Ltd
KAMPECO.BO,Kamper Concast Ltd
KANSTEL.BO,Kanan Steels Ltd
GOAFRUT.BO,Goa Fruit Specialities Ltd
ESSKAY.BO,Esskay Telecom Ltd
GLOBAL.BO,Global Land Masters Corporation Ltd
DANINLT.BO,Danin Leathers Ltd
BETKAPA.BO,Beta Kappa Investments Ltd
SHYAAXPH.BO,Shree Yaax Pharma & Cosmetics Ltd
VIRTIND.BO,Virtual Industries Ltd
HITKARICH.BO,Hitkari China Ltd
FILME.BO,Filmcity Media Ltd
SNEEL.BO,Shree Neelachal Laboratories Ltd
SANIM.BO,Sanyo Impex Ltd
CGVAK.BO,CG Vak Software & Exports Ltd
MANPELE.BO,MANPELE
BGROWTHDM.BO,BOB Mutual Fund
PENTASOFTTE.BO,Pentasoft Technologies Ltd
MAXCOUN.BO,Maxworth Country (India) Ltd
NAVKARURB.BO,Navkar Urbanstructure Ltd
BLUECOAST.BO,Blue Coast Hotels Ltd
OMKAR.BO,Omkar Overseas Ltd
MADHUCON.BO,Madhucon Projects Ltd
CLFILAM.BO,Classic Filaments Ltd
SYBLY.BO,Sybly Industries Ltd
RAJESHEXPO.BO,Rajesh Exports Ltd
INDENAL.BO,Indeen Alloys Ltd
ESARIND.BO,Esaar India Ltd
MARIS.BO,Maris Spinners Ltd
GRWESIN.BO,Great Western Industries Ltd
INDERGR.BO,Indergiri Finance Ltd
SKRABUL.BO,Shukra Bullions Ltd
SOMPHYT.BO,Som Phytopharma (India) Ltd
EVEREADY.BO,Eveready Industries India Ltd
STEP2COR.BO,Step Two Corporation Ltd
LINTAS.BO,Lintas Mercantile Ltd
NEVTIAS.BO,Nevtia Spinners Ltd
ORIENTTR.BO,Orient Tradelink Ltd
ARIHCLAF.BO,Arihant Classic Finance Ltd
AASHEESH.BO,Aasheesh Securities Ltd
MAHANIN.BO,Mahan Industries Ltd
EMKAYIN.BO,Emkay Industries Ltd
ALANGIND.BO,Alang Industrial Gases Ltd
VIKASPROP.BO,Vikas Proppant & Granite Ltd
ANKUSHFI.BO,Ankush Finstock Ltd
PANIND.BO,Pan India Resort & Land Development Ltd
DESHRAK.BO,Desh Rakshak Aushdhalaya Ltd
RASOYPR.BO,Rasoya Proteins Ltd
PALPEUG.BO,PAL Peugeot Ltd
ICSA.BO,ICSA (India) Ltd
ACESOFT.BO,ACE Software Exports Ltd
RADRO.BO,Radiant Rotogravure Ltd
LLORF.BO,Lloyd Rockfibers Ltd
MAARSOFTW.BO,Maars Software International Ltd
SOFTRAKV.BO,Softrak Venture Investment Ltd
BETALA.BO,Betala Global Securities Ltd
HATSUN.BO,Hatsun Agro Product Ltd
GLORYCH.BO,Glory Chemicals Ltd
ACCEDERE.BO,Accedere Ltd
AMEREDM.BO,American Remedies Ltd
CANVYCH.BO,Canvay Chemicals Ltd
SRIMT.BO,Sriven Multi Tech Ltd
JYOTHI.BO,Jyothi Infraventures Ltd
SHAYONA.BO,Shayona Petrochem Ltd
RISHDIGA.BO,Rishabh Digha Steel & Allied Products Ltd
MAINFRA.BO,Maruti Infrastructure Ltd
KOBO.BO,Kobo Biotech Ltd
JINDWORLD.BO,Jindal Worldwide Ltd
VERTEXSPG.BO,Vertex Spinning Ltd
SURSTON.BO,Suraj Stone Corporation Ltd
WALFARM.BO,Walvekar Farms Food Products Ltd
TIRIN.BO,Tirupati Industries India Ltd
SOMANYCERA.BO,Somany Ceramics Ltd
AGRIMAS.BO,Agrimas Chemicals Ltd
JHACC.BO,Jhaveri Credits & Capital Ltd
INCORPI.BO,Intercorp Industries Ltd
RAGHUTOB.BO,Raghunath Tobacco Company Ltd
DRL.BO,Disha Resources Ltd
TOPTELE.BO,Top Telemedia Ltd
KAMINIS.BO,Kamini Ispat Ltd
CORALFINAC.BO,Coral India Finance & Housing Ltd
AMITSEC.BO,Amit Securities Ltd
BHARFOR.BO,BHARFOR
FEDERBK.BO,FEDERBK
AROMAENT.BO,Aroma Enterprises (India) Ltd
AKASHSG.BO,Akash Housing Ltd
PUSHPIN.BO,Pushpsons Industries Ltd
PAMRAFI.BO,Pam Raffia Ltd
WELCO.BO,Welcome Coir Industries Ltd
INDOPACIFIC.BO,Indo Pacific Projects Ltd
LILACPW.BO,Lilac Power Ltd
VIZARAG.BO,Vizar Agrochemicals Ltd
ASHUTPM.BO,Ashutosh Paper Mills Ltd
SANJIVIN.BO,Sanjivani Paranteral Ltd
BLAZONMRB.BO,Blazon Marbles Ltd
PLUSFIN.BO,Plus Finance Ltd
RANJITSE.BO,Ranjit Securities Ltd
CRESTER.BO,Crester Securities Ltd
VASINFRA.BO,Vas Infrastructure Ltd
HPMINDL.BO,HPM Industries Ltd
MTCAPLS.BO,Mehta Caplease Ltd
KMFBLDR.BO,KMF Builders & Developers Ltd
KEMICARE.BO,Kemicare Products Ltd
ALKADIA.BO,Alka Diamond Industries Ltd
BERYLSE.BO,Beryl Securities Ltd
RAP.BO,Rap Media Ltd
MARTEXT.BO,Marsons Textiles Ltd
DEVINE.BO,Devine Impex Ltd
KNIWE.BO,Knitworth Exports Ltd
ADITYAIN.BO,Aditya International Ltd
GEDEVEL.BO,Genesis Developers & Resorts Ltd
BILPOWER.BO,Bilpower Ltd
BAMPSL.BO,Bampsl Securities Ltd
GENPHARMA.BO,Genpharmasec Ltd
AROCSIL.BO,Arochem Silvassa Ltd
INCON.BO,Incon Engineers Ltd
CGCL.BO,Capri Global Capital Ltd
VISALAG.BO,Vishal Agritech India Ltd
MIDPOLY.BO,Midland Polymers Ltd
NIMBUSFOO.BO,Nimbus Foods Industries Ltd
FDC.BO,FDC Ltd
GOGIACAPGL.BO,Gogia Capital Growth Ltd
GCVSERV.BO,GCV Services Ltd
KOFFBREAK.BO,Koffee Break Pictures Ltd
SAWACA.BO,Sawaca Communication Ltd
SRIKAND.BO,Sri Skandan Industries Ltd
LLOYDCE.BO,Lloyd Cements Ltd
ICPSECL.BO,ICP Securities Ltd
MFLHF.BO,MFL Housing Finance Ltd
GORANIN.BO,Gorani Industries Ltd
KGPETRO.BO,KG Petrochem Ltd
UFMINDL.BO,UFM Industries Ltd
AADHAARVEN.BO,Aadhaar Ventures India Ltd
KGNIND.BO,KGN Industries Ltd
MAL.BO,Meyer Apparel Ltd
MICRONC.BO,Micron Chemicals Ltd
ERABUILD.BO,Era Buildsys Ltd
STARCOM.BO,Starcom Information Technology Ltd
OSIAIND.BO,Osian Industries Ltd
MARALFN.BO,Maral Finance Ltd
ENEPRO.BO,Energy Products India Ltd
CENTERAC.BO,Centerac Technologies Ltd
JYOTPOL.BO,Jyoti Polyvinyl Ltd
COUNCODOS.BO,Country Condos Ltd
SANHP.BO,Sangam Health Care Products Ltd
OROSMITHS.BO,Orosil Smiths India Ltd
RAGHAVAEPL.BO,Raghava Estates and Properties Ltd
TEJASSVI.BO,Tejassvi Aaharam Ltd
RICHF.BO,Rich Gold Finance & Securities Ltd
CANOPYS.BO,Canopy Securities & finance Ltd
AVINF.BO,Avinash Information TechnologiesLtd
LINCOLN.BO,Lincoln Pharmaceuticals Ltd
ROYINDL.BO,Royal Industries Ltd
SILVOAK.BO,Silver Oak India Ltd
TUSEXPO.BO,Tuscon Exports Ltd
PRAVEG.BO,Praveg Ltd
SURAJLTD.BO,Suraj Ltd
ROCHEBRE.BO,Rochees Breweries Ltd
SICL.BO,Suvidha Infraestate Corporation Ltd
MARICO.BO,Marico Ltd
ASRAGRO.BO,ASR Agro Ltd
TOKYOFIN.BO,Tokyo Finance Ltd
SOUISPAT.BO,Southern Ispat and Energy Ltd
RFLINT.BO,RFL International Ltd
BJDUP.BO,BJ Duplex Boards Ltd
MAHAVIRIND.BO,Mahavir Industries Ltd
WERTERNIN.BO,Western Industries Ltd
VAXHS.BO,Vax Housing Finance Corporation Ltd
NATGENI.BO,National General Industries Ltd
THIRDFIN.BO,Thirdwave Financial Intermediaries Ltd
CHABRASP.BO,Chhabra Spinners Ltd
CHETAKS.BO,Chetak Spintex Ltd
CRYPTAG.BO,Cryptogen Agro Industries Ltd
RANXLAB.BO,RANXLAB
ABATEAS.BO,Abate As Industries Ltd
TSL.BO,TSL Industries Ltd
GLOBALFIL.BO,Global Films & Broadcasting Ltd
HITTCO.BO,Hittco Tools Ltd
PSCABLE.BO,Pashupati Cables Ltd
YUVRAAJHPL.BO,Yuvraaj Hygiene Products Ltd
MAHAV.BO,Mahavir Impex Ltd
JAYNTPA.BO,JAYNTPA
ARHNTIN.BO,ARHNTIN
RRMETAL.BO,RR MetalMakers India Ltd
VISIONCO.BO,Vision Corporation Ltd
NISUFIN.BO,Nisu Fincap Ltd
CLASSICB.BO,Classic Biotech & Exports Ltd
BISIL.BO,Bisil Plast Ltd
INANISEC.BO,Inani Securities Ltd
ANKIN.BO,Anka India Ltd
INDOASIAP.BO,Indo-Asian Projects Ltd
TRICOM.BO,Tricom India Ltd
VAGHANI.BO,Vaghani Techno Build Ltd
ARISINT.BO,Aris International Ltd
ANANDCR.BO,Anand Credit Ltd
SEASTAG.BO,South East Agro Industries Ltd
MAYUR.BO,Mayur Leather Products Ltd
AMERISE.BO,Amerise Biosciences Ltd
CATECH.BO,Cat Technologies Ltd
ANKURDRUGS.BO,Ankur Drugs and Pharma Ltd
FRONTFN.BO,Frontline Financial Services Ltd
ADVIKLA.BO,Advik Laboratories Ltd
KGL.BO,Karuturi Global Ltd
PRITHVIEXCH.BO,Prithvi Exchange (India) Ltd
MAHAREM.BO,Mahavir Advanced Remedies Ltd
SEAGUL.BO,Seagull Leafin Ltd
RUSODSE.BO,Rusoday Securities Ltd
KHYATI.BO,Khyati Multimedia Entertainment Ltd
YANTRA.BO,Yantra Natural Resources Ltd
RAINBOWF.BO,Rainbow Foundations Ltd
VERONICAPRO.BO,Veronica Production Ltd
VSDCONF.BO,VSD Confin Ltd
VIPSECU.BO,Vipul Securities Ltd
KRFOODS.BO,KR Foods Ltd
SUPRDOM.BO,Super Domestic Machines Ltd
RSCORP.BO,R S Corporation Ltd
SHSAINA.BO,Shri Sainath Proteins Ltd
TRIBHSG.BO,Tribhuvan Housing Ltd
ROCPROJ.BO,Rockline Projects Ltd
LANYARD.BO,Lanyard Foods Ltd
VIJYREM.BO,Vijay Remedies Ltd
SUNINFO.BO,Sun Infoways Ltd
GOLDMUL.BO,Gold Multifab Ltd
PRUDSTK.BO,Prudential Stock & Securities Ltd
TRILOGIC.BO,Trilogic Digital Media Ltd
BLUCHIP.BO,Bluechip Stockspin Ltd
MANMADE.BO,Man-Made spinners (India) Ltd
SHUKUN.BO,Shukun Construction Ltd
TRICOMFRU.BO,Tricom Fruit Products Ltd
VIDHIING.BO,Vidhi Specialty Food Ingredients Ltd
ANIKSHIP.BO,Anik Ship Breaking Industries Ltd
BHAGCHEM.BO,Bhagiradha Chemicals & Industries Ltd
ALPGRAPH.BO,Alpha Graphic India Ltd
ZENGLOB.BO,Zen Global Finance Ltd
SHIVANA.BO,Shivani Vanaspati Ltd
GATECH.BO,GACM Technologies Ltd
HRBFLOR.BO,HRB Floriculture Ltd
MCCIL.BO,MCC Investment & Leasing Company Ltd
PANCHSHEEL.BO,Panchsheel Organics Ltd
MENNPIS.BO,Menon Pistons Ltd
AMRITBANA.BO,Amrit Banaspati Company Ltd
SKYLIDTE.BO,Skylid Telecomunication Ltd
CAPSEINDM.BO,Capsein Bio-Lab Ltd
AARYAGLOBL.BO,Aarya Global Shares and Securities Ltd
MERCFUND.BO,Mercury Fund Management Company Ltd
BAFNASP.BO,Bafna Spinning Mills & Exports Ltd
NICCOCORQ.BO,Nicco Corporation Ltd
PRISMFN.BO,Prism Finance Ltd
SSPPOLY.BO,SSP Polymer Industries Ltd
GREENCREST.BO,Greencrest Financial Services Ltd
SILICON.BO,Silicon Valley Infotech Ltd
GENNEX.BO,Gennex Laboratories Ltd
PATPART.BO,Pat-Parth Engineers Ltd
STGUJHS.BO,Sterling Gujarat Hospitals Ltd
SKYCHEM.BO,Skylead Chemicals Ltd
HIRAUTO.BO,Hira Automobiles Ltd
GINISILK.BO,Gini Silk Mills Ltd
SGLOBEX.BO,SG Global Exports Ltd
PRAENG.BO,Prajay Engineers Syndicate Ltd
MECAQUI.BO,Meca Quilts Ltd
GRANFLO.BO,Grandleas Florex Ltd
ENCORE.BO,Encore Software Ltd
SONCLOC.BO,Sonell Clocks & Gifts Ltd
BIOGEN.BO,Biogen Pharmachem Industries Ltd
FLUIDARDM.BO,Fluid-Air (India ) Ltd
FINCOM.BO,Fintech Communication Ltd
DOMILEADM.BO,Domino Leather Ltd
LIVERPO.BO,Liverpool Finance Ltd
RKSUITG.BO,RK Suitings Ltd
GKCONS.BO,GK Consultants Ltd
EXELSOF.BO,Exel Softwares Ltd
FUFITIN.BO,Fusion Fittings (I) Ltd
APOLLOPIPE.BO,Apollo Pipes Ltd
UNJHAFOR.BO,Unjha Formulations Ltd
MZFABRI.BO,Mazda Fabric Processors Ltd
SUPRTELE.BO,Supreme Telecoms & Network India Ltd
JMDALOY.BO,JMD Alloys Ltd
HNCOMPR.BO,Hindustan Compressors Ltd
POLYMED.BO,Poly Medicure Ltd
PFLINFOTC.BO,PFL Infotech Ltd
SHELMER.BO,Shell Mercantile Corporation Ltd
SHRADDHA.BO,Shraddha Prime Projects Ltd
CHETEXT.BO,CHETEXT
SHALIINF.BO,Shalibhadra Infosec Ltd
TRIPEXO.BO,Tripex Overseas Ltd
CISTRO.BO,CISTRO Telelink Ltd
INTELVIS.BO,Intellvisions Software Ltd
KACHCHH.BO,Kachchh Minerals Ltd
PADALPO.BO,Padmanabh Alloys & Polymers Ltd
KACL.BO,Kaiser Corporation Ltd
SAPANCHEM.BO,Sapan Chemicals Ltd
OASISME.BO,Oasis Media Matrix Ltd
AZUREEXIM.BO,Azure Exim Services Ltd
KCLINFRA.BO,KCL Infra Projects Ltd
AMERPNT.BO,American Paints (India) Ltd
AESCURE.BO,Aesculapius Remedies Ltd
AESCREM.BO,AESCREM
RHUTUDY.BO,Rhutu Udyog India Ltd
UNIMEDIA.BO,Universal Media Network Ltd
NOVAGOLD.BO,NovaGold Petro Resources Ltd
MAALFNC.BO,Maa Leafin & Capital Ltd
INFRAQUEST.BO,Infraquest International Ltd
SESHACHAL.BO,Seshachal Technologies Ltd
ATULAUTO.BO,Atul Auto Ltd
SRINFEA.BO,Srinivassa Ferro Alloys Ltd
SCANPRO.BO,Scan Projects Ltd
SHARPRIN.BO,Sharpscan & Prints Ltd
SHEETALB.BO,Sheetal Bio Agro Tech Ltd
MANNA.BO,Manna Glass Tech Industries Ltd
PRERINFRA.BO,Prerna Infrabuild Ltd
VIRDEVE.BO,Vir Developers Ltd
PUNLSFN.BO,Punjab Lease Financing Ltd
INGVYSYABK.BO,ING Vysya Bank Ltd
METALCO.BO,Metal Coatings India Ltd
SGNTE.BO,SGN Telecoms Ltd
GANGAPA.BO,Ganga Papers India Ltd
TIRSARJ.BO,Tirupati Sarjan Ltd
PANORAMUNI.BO,Panoramic Universal Ltd
HYDEQUI.BO,Hydroflex Equipments Ltd
NUWAY.BO,Nuway Organic Naturals India Ltd
FINCR.BO,Finalysis Credit & Guarantee Company Ltd
MUNOTHFI.BO,Munoth Financial Services Ltd
RODIUM.BO,Rodium Realty Ltd
ARVINDREM.BO,Arvind Remedies Ltd
RCCEMEN.BO,RCC Cements Ltd
DKARTAV.BO,Dee Kartavya Finance Ltd
HIMFINC.BO,Himgiri Fincap Ltd
MANDUIN.BO,Mandu Industries Ltd
SANVAN.BO,Sanvan Software Ltd
TODAYS.BO,Todays Writing Instruments Ltd
UNISH.BO,Unisys Softwares & Holding Industries Ltd
NAGTECH.BO,Nagarjuna Agri Tech Ltd
KRIPSPG.BO,Kripal Springs (India) Ltd
NATHUEC.BO,Natura Hue Chem Ltd
EICHERLTD.BO,Eicher Ltd
NIRSA.BO,Niryat Sam Apparels India Ltd
GLOSS.BO,Globe Stocks & Securities Ltd
SMSTECH.BO,SMS Techsoft (India) Ltd
JJSPECT.BO,JJ Spectrum Silk Ltd
IECEDU.BO,IEC Education Ltd
INDUSFINL.BO,Indus Finance Ltd
LAHOTIOV.BO,Lahoti Overseas Ltd
MYMTECH.BO,MYM Technologies Ltd
SU-RAJD.BO,SU-RAJD
ZENITHSTL.BO,Zenith Steel Pipes & Industries Ltd
TRINITYLEA.BO,Trinity League India Ltd
ASTAR.BO,Asian Star Company Ltd
REGEAGP.BO,Regent Agro Products Ltd
KAMAOVR.BO,Kamal Overseas Ltd
ROHITIS.BO,Rohit Tissue Ltd
APOWERTOOL.BO,Consortex Karl Doelitzsch India Ltd
SHIVTEX.BO,Shiva Sutex Ltd
FUNWTRD.BO,Funworld & Tourism Development Ltd
PRABHAVIN.BO,Prabhav Industries Ltd
ARHSUED.BO,Arhant suedes Ltd
ORIRAIL.BO,Oriental Rail Infrastructure Ltd
GLOES.BO,Global e-Solutions Ltd
JOINDRE.BO,Joindre Capital Services Ltd
BHARATAGRI.BO,Bharat Agri Fert & Realty Ltd
SIGRUN.BO,Sigrun Holdings Ltd
PALDISTDM.BO,Pals Distilleries Ltd
VOLTM.BO,Volant Textile Mills Ltd
AAGAMCAP.BO,Aagam Capital Ltd
UNITINT.BO,Unitech International Ltd
VIFAIRW.BO,VIF Airways Ltd
SACHEMT.BO,Sacheta Metals Ltd
POPULARES.BO,Popular Estate Management Ltd
GLOBSYN.BO,Global Syntex Bhilwara Ltd
PEQGRTRDM.BO,PNB Equity Growth Fund - 1993
VENUSPOWR.BO,Venus Power Ventures (India) Ltd
IFBINDL.BO,IFBINDL
GHANS.BO,Ghanshyam Steel Works Ltd
DWARKFN.BO,Dwarkesh Finance Ltd
ANJANIFIN.BO,Anjani Finance Ltd
PIONDIST.BO,Pioneer Distilleries Ltd
LYOIE.BO,Lyons Industrial Enterprises Ltd
GMETCOAL.BO,Gujarat Metallic Coal & Coke Ltd
KWALITY.BO,Kwality Ltd
IDBIMUT.BO,IDBIMUT
IDBIGRO.BO,IDBIGRO
SVAINDIA.BO,SVA India Ltd
SCOPEIND.BO,Scope Industries (India) Ltd
TACENT.BO,Tacent Projects Ltd
REXNORD.BO,Rexnord Electronics & Controls Ltd
IIL.BO,Integrated Industries Ltd
SNOWCEMIND.BO,Snowcem India Ltd
CONEQUE.BO,Condequip Engineers India Ltd
KHANDSE.BO,Khandwala Securities Ltd
SAWACA.BO,Sawaca Enterprises Ltd
VATSAMUS.BO,Vatsa Music Ltd
GLOKNIT.BO,Global Knitfab Ltd
LICDHNMDM.BO,LIC -Dhan 88 (India)
ACCENTECH.BO,Accentia Technologies Ltd
SANGUI.BO,Sanguine Media Ltd
TRYWLIN.BO,Trywell International Ltd
CCLINTER.BO,CCL International Ltd
STERWEB.BO,Sterling Webnet Ltd
GALLOPENT.BO,Gallops Enterprise Ltd
NATFLASK.BO,National Flask Industries Ltd
GLOBUSCOR.BO,Globus Corpooration Ltd
ACCUEXPO.BO,Accurate Exports Ltd
BILATOR.BO,Bilati (Orissa) Ltd
DIVINEENT.BO,Divine Entertainment Ltd
SHRUBER.BO,Shree Rubber Industries Ltd
CROISSANCE.BO,Croissance Ltd
MADHUVEER.BO,Madhuveer Com 18 Network Ltd
GALAGEX.BO,Galaxy Agrico Exports Ltd
GRFLDCO.BO,Greenfield Corp Ltd
GOPAIST.BO,Gopal Iron & Steels Company Gujarat Ltd
REGSPIN.BO,Regency Spin-Tex Ltd
GSPLIND.BO,GSPL (India) Ltd
KUMETAL.BO,Kumars Metallurgical Corporation Ltd
TWINSTAR.BO,Twinstar Industries Ltd
HINDAPL.BO,Hindustan Appliances Ltd
MUDITFN.BO,Mudit Finlease Ltd
SURYODAL.BO,Suryoday Allo-Metal Powders Ltd
AGARIND.BO,Agarwal Industrial Corporation Ltd
VOLPLAST.BO,Volplast Ltd
DHAMPURE.BO,Dhampure Specialty Sugars Ltd
ALPSINFO.BO,Alps Infosys Ltd
SHAQUAK.BO,Shantanu Sheorey Aquakult Ltd
PRTINDL.BO,Partap Industries Ltd
NEXCEN.BO,Nexcen Softech Ltd
GOLCA.BO,Golden Carpets Ltd
INNOCORP.BO,Innocorp Ltd
SARTHAKIND.BO,Sarthak Industries Ltd
SAICAPI.BO,Sai Capital Ltd
CGIMPEX.BO,CG Impex Ltd
WASHISOF.BO,Washington Softwares Ltd
SUPREMETEX.BO,Supreme Tex Mart Ltd
ASINSTR.BO,Asean Industrial Structures Ltd
BLUECHIP.BO,Blue Chip India Ltd
BECKONIN.BO,Beckons Industries Ltd
MOHFAST.BO,Mohindra Fasteners Ltd
GENIUSCO.BO,Genus Commu Trade Ltd
VINTAFD.BO,Vintage Foods & Industries Ltd
INESODM.BO,Indus e-Solutions Ltd
MILLENCY.BO,Millennium Cybertech Ltd
CSJTEC.BO,CSJ Technologies Ltd
LEXORAA.BO,Lexoraa Industries Ltd
SUNITEE.BO,Sunitee Chemicals Ltd
CHADPAP.BO,Chadha Papers Ltd
KGNAGRO.BO,KGN Agro Internationals Ltd
SOASMUS.BO,South Asian Mushrooms Ltd
NEHAEXP.BO,Neha Exports Ltd
VERTEX.BO,Vertex Securities Ltd
PROTSEC.BO,Prominent Securities Ltd
RIBATEX.BO,Riba Textiles Ltd
GCCL.BO,GCCL Construction & Realities Ltd
NIRMANC.BO,Nirman Cements Ltd
PROLINSO.BO,Proline Software & Finance Ltd
INBKITA.BO,Indian Bank Mutual Fund(PLAN-A)
INBKITB.BO,Indian Bank Mutual fund(PLAN-B)
EIDERTELE.BO,Eider Telecom Ltd
NEWINFRA.BO,Newtime Infrastructure Ltd
KASHYAP.BO,Kashyap Tele-Medicines Ltd
HERUKAG.BO,Heruk Agro Foods Ltd
SHREMETAL.BO,Shree Metalloys Ltd
UNICRSE.BO,Universal Credit & Securities Ltd
ENJNATF.BO,Enjayes Natural Flavours Ltd
PONAMRS.BO,Poonam Rasayan Ltd
BNKMADM.BO,Bank of Madura Ltd
KESGRIN.BO,Kesar Greenfield International Ltd
IITLPROJ.BO,IITL Projects Ltd
NARJEWL.BO,Narain Jewels International Ltd
VRUNDSE.BO,Vrundavan Securities Ltd
HARIGOV.BO,Hari Govind International Ltd
TRIDETOOL.BO,Trident Tools Ltd
MORINOV.BO,Morinda Overseas & Industries Ltd
INDOKOR.BO,Indo Korea Exports Ltd
ITLFNLS.BO,ITL Finlease & Securities Ltd
KEDIN.BO,Kedia Infotech Ltd
CHLOGIST.BO,Chartered Logistics Ltd
AMBIKCO.BO,Ambika Cotton Mills Ltd
HINDALUMI.BO,Hind Aluminium Industries Ltd
SENINFO.BO,Senthil Infotek Ltd
VISHPAP.BO,Vishal Papertech India Ltd
SPECFOOD.BO,Spectrum Foods Ltd
NUMUP.BO,Numero Uno Projects Ltd
GUJFISC.BO,Gujarat Fiscon Ltd
GAYLORD.BO,Gaylord Industries Ltd
ALAMFIN.BO,Al-Amanat Finance & Capital Services Ltd
CLCGLOBL.BO,CLC Global Ltd
JANTE.BO,Janice Textiles Ltd
DECPO.BO,Deccan Polypacks Ltd
AMRAAGRI.BO,Amraworld Agrico Ltd
GLDTORE.BO,Golden Tourist Resorts & Developer Ltd
SCRUCLT.BO,Scruples Clothing Ltd
AUTOPINS.BO,Auto Pins (India) Ltd
SHIAE.BO,Shivam Apperals Export Ltd
ODYCORP.BO,Odyssey Corporation Ltd
VUENOW.BO,Vuenow Infratech Ltd
IFSLLTD.BO,IFSL Ltd
ANANDRU.BO,Anan Drug & Chem Ltd
BROTFLR.BO,Brother Floratech (India) Ltd
INDCTST.BO,Inducto Steel Ltd
DINIRST.BO,Dina Iron & Steel Ltd
SAMINDUS.BO,Sam Industries Ltd
KCSFINA.BO,KCS Financial Services Ltd
SHVFL.BO,Shree Vatsaa Finance & leasing Ltd
JVGDEST.BO,JVG Departmental Stores Ltd
GOWRIPL.BO,Gowri Polymers Ltd
NETVIS.BO,NetVision Web Technologies Ltd
POOJAENT.BO,Vashu Bhagnani Industries Ltd
SHIVGAR.BO,Shivgarh Resorts Ltd
NAVALTC.BO,Naval Technoplast Industries Ltd
GRAVITY.BO,Gravity India Ltd
ESPIRE.BO,Espire Hospitality Limited
JKCORLT.BO,JKCORLT
FAIRDTR.BO,Fairdeal Trade Link Ltd
LCCINFOTEC.BO,LCC Infotech Ltd
VINSFRJ.BO,Vinsari Fruitech Ltd
SENBO.BO,Senbo Industries Ltd
FILATFASH.BO,Filatex Fashions Ltd
SANCOKE.BO,Sankardev Coke Products Ltd
AARCON.BO,Aarcon Facilities Ltd
SOWBHAGYA.BO,Sowbhagya Media Ltd
THEWEST.BO,Western India Cottons Ltd
BONANZAB.BO,Bonanza Biotech Ltd
SURFUNC.BO,Surya Fun City Ltd
SINDHUTRAD.BO,Sindhu Trade Links Ltd
MCSLMTD.BO,MCSLMTD
SARCHEM.BO,Sarang Chemicals Ltd
BASILCH.BO,Basil Chemicals & Additives Ltd
JAINSTUDIO.BO,Jain Studios Ltd
SAFALHBS.BO,Safal Herbs Ltd
UNISTRMU.BO,Unistar Multimedia Ltd
TOPMEDIA.BO,Top Media Entertainment Ltd
GIRIRAJ.BO,Giriraj Print Plast Ltd
EMMSONS.BO,Emmsons International Ltd
ZENOTECH.BO,Zenotech Laboratories Ltd
RASAGEX.BO,Rasdhara Agro Exports Ltd
HINDBIO.BO,Hindustan Bio Sciences Ltd
FRONTCORP.BO,Frontline Corporation Ltd
SKIPLAS.BO,Skip Plastics Ltd
PASUFAB.BO,Pasupati Technofab Ltd
NEXXOFT.BO,Nexxoft Infotel Ltd
APTYARNS.BO,APT Yarns Ltd
ASIANFILMS.BO,Asian Films Production & Distribution Ltd
MALVICAE.BO,Malvica Engineering Ltd
ALAMCHE.BO,ALAMCHE
PRIYFAB.BO,Priyadarsini Fabs Ltd
SWELECTES.BO,Swelect Energy Systems Ltd
UMAFABR.BO,Uma Fabrics Ltd
WALLFORT.BO,Wallfort Financial Services Ltd
KDDL.BO,KDDL Ltd
RASHELAG.BO,Rashel Agrotech Ltd
ADIEXRE.BO,Adinath Exim Resources Ltd
ABHICAP.BO,Abhinav Capital Services Ltd
GUJARTH.BO,Gujarat Arth Ltd
ELQPO.BO,Elque Polyesters Ltd
GRPWRPR.BO,Greenview Power Projects Ltd
GALBATR.BO,Galvani Batteries Ltd
AUTOMO STAM.BO,AUTOMO STAM
HBLIBRL.BO,HBLIBRL
3BBLACKBIO.BO,3B BlackBio Dx Ltd
ARAMUSK.BO,Aramusk Infrastructure Investments Ltd
PASUPATIF.BO,Pasupati Fabrics Ltd
SUMUKA.BO,Sumuka Agro Industries Ltd
INTERDIGI.BO,Interworld Digital Ltd
MARIN.BO,Marvel Industries Ltd
JBCHPHM.BO,JBCHPHM
WOOLWAY.BO,Woolways India Ltd
BEQSTPADM.BO,"BOI Best ""93"" A"
BOIEQSTDM.BO,"BOI Best ""93"" B"
MONIND.BO,Monind Ltd
MUNISFG.BO,Munis Forge Ltd
GTCLM.BO,GTCL Mobile Com Technology Ltd
KSERASERA.BO,KSS Ltd
ZODICEM.BO,Zodiac Cements Ltd
SHKALYN.BO,Shri Kalyan Holdings Ltd
FASTRAENT.BO,Fast Track Entertainment Ltd
MKTCRET.BO,MKTCRET
OCENINFR.BO,Ocean Infrastructure Ltd
ESTLAGR.BO,Estel Agrotech Ltd
VIRAJFG.BO,Viraj Forgings Ltd
MOH.BO,Moh Ltd
VANDANA.BO,Vandana Knitwear Ltd
ORBIT.BO,Orbit Multimedia Ltd
EPUJA.BO,Epuja Spiritech Ltd
VENKPHR.BO,Venkat Pharma Ltd
GFUNPRK.BO,Gujarat Fun & Water Park Ltd
HINDLVR.BO,HINDLVR
KOTHARIP.BO,Kothari Engineers Ltd
MUKANDENGG.BO,Mukand Engineers Ltd
DATABASE.BO,Database Finance Ltd
INDOCITY.BO,Indo City Infotech Ltd
MINISPP.BO,MINISPP
SBECSUG.BO,SBEC Sugar Ltd
AUROMED.BO,Auromed Ltd
CMSINFO.BO,CMS Infotech Ltd
MEGFI.BO,Mega Fin India Ltd
REIAGROLTD.BO,Rei Agro Ltd
MEDTEDM.BO,Medicorp Technologies (India) Ltd
PANHLRS.BO,Panchwati Holiday Resorts Ltd
MANSUINDM.BO,Mansukh Industries Ltd
ARCHOLC.BO,Archit Holdings & Credits Ltd
VRWOODA.BO,VRWOODA
BRIJLEAS.BO,Brijlaxmi Leasing & Finance Ltd
AREALTY.BO,Alchemist Realty Ltd
STOTZBL.BO,Stotz-Blacksmiths Ltd
XOINFO.BO,Xo Infotech Ltd
PLATINUM.BO,Platinum Corporation Ltd
SAINFO.BO,Sai Infoservices Ltd
MUSKXMK.BO,MUSKXMK
ORICONT.BO,ORICONT
DENABANK.BO,Dena Bank
SIDPHAR.BO,Siddharth Pharmachem Ltd
BSELALGO.BO,BSEL Algo Ltd
RELIABVEN.BO,Reliable Ventures India Ltd
GEMINAGDM.BO,Gemini Agritech Ltd
RASPHOT.BO,RASPHOT
MOBILTEL.BO,Mobile Tele Communications Ltd
MOBTLCM.BO,MOBTLCM
HEXAWARE.BO,Hexaware Technologies Ltd
TRIUMPIN.BO,Triumph International Finance India Ltd
IFGLREFRAC.BO,IFGL Refractories Ltd
BANKBARODA.BO,Bank of Baroda
BKBAROD.BO,BKBAROD
CLMUSRM.BO,Classic Mushrooms Ltd
CPLARTS-B.BO,CPLARTS-B
SMCREDT.BO,SMC Credits Ltd
GTEIT.BO,G-Tech Info-Training Ltd
MOHITE.BO,Mohite Industries Ltd
ACL.BO,Andhra Cements Ltd
SKMEGGPROD.BO,SKM Egg Products Export (India) Ltd
WELCORP.BO,Welspun Corp Ltd
HOTLSILV.BO,H S India Ltd
CANPENF.BO,Canbank Mutual Fund CANPEP 94 UNIT
CILSNOR.BO,Cilson Organics Ltd
KOLARBIO.BO,Kolar Biotech Ltd
BANKINDIA.BO,Bank of India
INDRAMEDCO.BO,Indraprastha Medical Corporation Ltd
ZTAUGEN.BO,ZTAUGEN
ZTAUNEW.BO,ZTAUNEW
RAINCALCIN.BO,Rain Calcining Ltd
JOHNPHARMA.BO,Johnson Pharmacare Ltd
GAIL.BO,Gail (India) Ltd
VAIBHAVGBL.BO,Vaibhav Global Ltd
DOWELWE.BO,Dowells Elektro Werke Ltd
SBIMTXP.BO,SBI Magnum Tax Profit 1994
TRESCON.BO,Trescon Ltd
GUJSTATFIN.BO,Gujarat State Financial Corporation
BAFEG.BO,Baffin Engineering Projects Ltd
JKPAPER.BO,JK Paper Ltd
SAREGAMA.BO,Saregama India Ltd
MINOLTAF.BO,Minolta Finance Ltd
RANSISOF.BO,Ransi Softwares India Ltd
ALKASEC.BO,Alka Securities Ltd
OMKARPH.BO,Omkar Pharmachem Ltd
MADRASFERT.BO,Madras Fertilizers Ltd
SUJTRFI.BO,Sujan Trading & Finance Company Ltd
DATT.BO,Datt Mediproducts Ltd
ADROITINFO.BO,Adroit Infotech Ltd
CYBERTECH.BO,CyberTech Systems and Software Ltd
ICICIBANK.BO,ICICI Bank Ltd
CYIENT.BO,Cyient Ltd
PAVCI.BO,Panasonic AVC Networks India Company Ltd
ZIGMASOF.BO,Zigma Software Ltd
ENGINERSIN.BO,Engineers India Ltd
CORPBANK.BO,Corporation Bank
DHANBANK.BO,Dhanlaxmi Bank Ltd
GMDCLTD.BO,Gujarat Mineral Development Corporation Ltd
BLINTEC.BO,Blue Information Technology Ltd
GAYATRI.BO,Gayatri Sugars Ltd
CALDYNA.BO,Caldyn Aircon Ltd
INDUSINDBK.BO,Indusind Bank Ltd
ITDC.BO,India Tourism Development Corporation Ltd
ARYANPE.BO,Aryan Pesticides Ltd
SBT.BO,State Bank of Travancore
TINNAFN.BO,Tinna Finex Ltd
BOBELSS.BO,BOB Elss 95
CNBKPEP.BO,"Canpep ""95"""
NCLSECC.BO,NCL Seccolor Ltd
BHAGCOT.BO,Bhagwati Cottons Ltd
PSI.BO,PSI Data Systems Ltd
MYSOREBANK.BO,State Bank of Mysore
AMBCEMES.BO,Ambuja Cement Eastern Ltd
SBMAGNU.BO,SBI Magnum ELSS-95
CYAAGDM.BO,Cyanamid Agro Ltd
MANPAIN.BO,Mansarovar Paper & Industries Ltd
J&KBANK.BO,Jammu & Kashmir Bank Ltd
CUB.BO,City Union Bank Ltd
SUNEARTH.BO,Sun Earth Ceramics Ltd
ARCHIES.BO,Archies Ltd
INOXL.BO,Inox Leasing & Finance Ltd
VISUALSOFT.BO,Visualsoft Technologies Ltd
AXISBANK.BO,AXIS Bank Ltd
HBSL.BO,HB Stockholdings Ltd
SIELFNS.BO,Siel Financial Services Ltd
SOUTHBANK.BO,South Indian Bank Ltd
ENERGYDEV.BO,Energy Development Company Ltd
UTIMVUPDM.BO,UTI Master Value Plan-98
SONATSOFTW.BO,Sonata Software Ltd
BENGALT.BO,Bengal Tea & Fabrics Ltd
NATIONALUM.BO,National Aluminium Company Ltd
IDBIBANK.BO,IDBI Bank Ltd
RADKHDM.BO,Radico Khaitan Ltd
INDNIPPON.BO,India Nippon Electricals Ltd
SQL.BO,Sql Star International Ltd
TIMEBDM.BO,TIMEBDM
POLARIS.BO,Polaris Consulting & Services Ltd
NSIL.BO,Nalwa Sons Investments Ltd
TRANSRIN.BO,Transtream India Com Ltd
APARINDS.BO,Apar Industries Ltd
TCIIND.BO,TCI Industries Ltd
INDAGERES.BO,Indage Restaurants and Leisure Ltd
FSS.BO,Flextronics Software Systems Ltd
ACCELYA.BO,Accelya Solutions India Ltd
ORCHASP.BO,Orchasp Ltd
CBOP.BO,Centurion Bank of Punjab Ltd
QUINTEGRA.BO,Quintegra Solutions Ltd
LANDMARC.BO,Landmarc Leisure Corporation Ltd
SYNDIBANK.BO,Syndicate Bank
RSLMDDM.BO,RSL Industries Ltd
HCLTECH.BO,HCL Technologies Ltd
CASTEXTECH.BO,Castex Technologies Ltd
KAASHYAP.BO,Kaashyap Technologies Ltd
TCFCFINQ.BO,TCFC Finance Ltd
GEOJITFSL.BO,Geojit Financial Services Ltd
JINDALSTEL.BO,Jindal Steel & Power Ltd
ENTEGRA.BO,Entegra Ltd
BLBLIMITED.BO,BLB Ltd
KOPDRUGS.BO,Kdl Biotech Ltd
SOFTTECHGR.BO,Software Technology Group International Ltd
GLENMARK.BO,Glenmark Pharmaceuticals Ltd
ZENITHINFO.BO,Zenith Infotech Ltd
TV18.BO,Television Eighteen India Ltd
WOCKPHARMA.BO,Wockhardt Ltd
TATACOFFEE.BO,Tata Coffee Ltd
SIBARSOF.BO,Sibar Software Services India Ltd
INTEGHIT.BO,Integrated Hitech Ltd
KJMCCORP.BO,KJMC Corporate Advisors (India) Ltd
INDSWFTLAB.BO,Ind-Swift Laboratories Ltd
COMPUDYNE.BO,Compudyne Winfosystems Ltd
MELSTAR.BO,Melstar Information Technologies Ltd
EONOUR.BO,eonour Technologies Ltd
GEPIL.BO,GE Power India Ltd
SHREERAMA.BO,Shree Rama Multi-Tech Ltd
TUTIS.BO,Tutis Technologies Ltd
GEOMETRIC.BO,Geometric Ltd
MAHLIFE.BO,Mahindra Lifespace Developers Ltd
PENTAGLO.BO,Pentagon Global Solutions Ltd
GROARC.BO,Groarc Industries India Ltd
SKUMAR.BO,S Kumars.Com Ltd
BOBEL97.BO,BOB ELSS'97
GEMINI.BO,Gemini Communication Ltd
TVSFIN.BO,TVS Finance & Services Ltd
VAARAD.BO,Vaarad Ventures Ltd
ZYDUSLIFE.BO,Zydus Lifesciences Ltd
ELDERPHARM.BO,Elder Pharmaceuticals Ltd
SHIVACEM.BO,Shiva Cement Ltd
CINEVISTA.BO,Cinevista Ltd
VITALCOMM.BO,Vital Communications Ltd
INTENTECH.BO,Intense Technologies Ltd
ALLSOFT.BO,Allsoft Corporation Ltd
RANEBRAKE.BO,Rane Brake Linings Ltd
DANLAW.BO,Danlaw Technologies India Ltd
BIOPAC.BO,Biopac India Corporation Ltd
AJANTPHARM.BO,Ajanta Pharma Ltd
CURAA.BO,Cura Technologies Ltd
HBPOR.BO,HB Portfolio Ltd
HBESD.BO,HB Estate Developers Ltd
AMBICAAGAR.BO,Ambica Agarbathies & Aroma Industries Ltd
BARONINF.BO,Baron Infotech Ltd
IGATE.BO,iGate Global Solutions Ltd
VALUEMART.BO,Valuemart Info Technologies Ltd
COMPUSOFT.BO,Compucom Software Ltd
OMNIAX.BO,Omni AXs Software Ltd
IZMO.BO,IZMO Ltd
COMMEXTECH.BO,Commex Technology Ltd
TVSMOTOR.BO,TVS Motor Company Ltd
SOFTSOL.BO,Softsol India Ltd
ACLGATI.BO,Allcargo Gati Ltd
BLUESTINFO.BO,Blue Star Infotech Ltd
HELIOSMATH.BO,Helios and Matheson Information Technology Ltd
SUBEXLTD.BO,Subex Ltd
TCI.BO,Transport Corporation of India Ltd
PADMALAYAT.BO,Padmalaya Telefilms Ltd
AKSHOPTFBR.BO,Aksh Optifibre Ltd
KIRLMU.BO,Kirloskar Multimedia Ltd
SIBARMED.BO,Sibar Media & Entertainment Ltd
VIRGOGLOB.BO,Virgo Global Ltd
PICTUREHS.BO,Picturehouse Media Ltd
TRIVENI.BO,Triveni Engineering & Industries Ltd
MUKTAARTS.BO,Mukta Arts Ltd
TELEDATAGL.BO,Teledata Informatics Ltd
HITKITGLO.BO,Hit Kit Global Solutions Ltd
VINCARDS.BO,Vintage Cards & Creations Ltd
SHAPRDM.BO,Shapre Global Info Services Ltd
NAGPI.BO,Nagpur Power & Industries Ltd
CTIL.BO,CTIL Ltd
CYBERSC.BO,Cyberscape Multimedia Ltd
DSSL.BO,Dynacons Systems & Solutions Ltd
PNBGILTS.BO,PNB Gilts Ltd
KANIKAIN.BO,Kanika Infotech Ltd
BCG.BO,Brightcom Group Ltd
RAMCOIND.BO,Ramco Industries Ltd
RAMCOSYS.BO,Ramco Systems Ltd
TTML.BO,Tata Teleservices (Maharashtra) Ltd
VIRINCHI.BO,Virinchi Ltd
WEPSOLN.BO,WEP Solutions Ltd
STLTECH.BO,Sterlite Technologies Ltd
TIPSMUSIC.BO,Tips Music Ltd
MRO-TEK.BO,MRO-TEK Realty Ltd
BATHINAT.BO,Bathina Technologies India Ltd
UNIVARTS.BO,Universal Arts Ltd
FIRSTFIN.BO,First Fintec Ltd
BABA.BO,Baba Arts Ltd
INDUSNET.BO,Indus Networks Ltd
BALAJITELE.BO,Balaji Telefilms Ltd
VISIONLTD.BO,Vision Organics Ltd
TYCHE.BO,Tyche Industries Ltd
AZTECSOFT.BO,Aztecsoft Ltd
CALSOFT.BO,California Software Company Ltd
PNC.BO,Pritish Nandy Communications Ltd
IOB.BO,Indian Overseas Bank
VALECHAENG.BO,Valecha Engineering Ltd
TAJGVK.BO,Taj Gvk Hotels & Resorts Ltd
OPTOCIRCUI.BO,Opto Circuits (India) Ltd
CREATIVEYE.BO,Creative Eye Ltd
GESBBPH.BO,GESBBPH
GEBBDM.BO,GEBBDM
AXISCADES.BO,Axiscades Technologies Ltd
VANTEL.BO,Vantel Technologies Ltd
KONNDOR.BO,Konndor Industries Ltd
UMESLTD.BO,Usha Martin Education & Solutions Ltd
RELMEDIA.BO,Reliance MediaWorks Ltd
BSOFT.BO,Birlasoft Ltd
VIJAYABANK.BO,Vijaya Bank
USGTECH.BO,USG Tech Solutions Ltd
4THGEN.BO,Fourth Generation Information Systems Ltd
7TEC.BO,Saven Technologies Ltd
CCSIN.BO,CCS Infotech Ltd
AVANTEL.BO,Avantel Ltd
MOSCHIP.BO,Moschip Technologies Ltd
MEGASOFT.BO,Megasoft Ltd
SYGENTA.BO,Syngenta India Ltd
TRANSCOR.BO,Transcorp International Ltd
VISESHINFO.BO,Visesh Infotecnics Ltd
RYMBBPH.BO,RYMBBPH
CEREBRAINT.BO,Cerebra Integrated Technologies Ltd
IKFTECH.BO,IKF Technologies Ltd
SELBBPH.BO,SELBBPH
NEXTMEDIA.BO,Next Mediaworks Ltd
ESTAR.BO,e.Star Infotech Ltd
ANDHRABANK.BO,Andhra Bank
SMARTLINK.BO,Smartlink Holdings Ltd
FENBBPH.BO,FENBBPH
IQINF.BO,IQ Infotech Ltd
SEQSOFT.BO,Sequelsoft India Ltd
JATBBPH.BO,JATBBPH
GODREJCP.BO,Godrej Consumer Products Ltd
GENUSPRIME.BO,Genus Prime Infra Ltd
SEMBBPH.BO,SEMBBPH
RELBBPH.BO,RELBBPH
WINBBPH.BO,WINBBPH
STEBBPH.BO,STEBBPH
BFUTILITIE.BO,BF Utilities Ltd
BDMBBPH.BO,BDMBBPH
UNITDSPR.BO,United Spirits Ltd
BRTPHBB.BO,BRTPHBB
BHMBBPH.BO,BHMBBPH
SANINFRA.BO,Sanmit Infra Ltd
KEIBBPH.BO,KEIBBPH
OCIBBPH.BO,OCIBBPH
JOFBBPH.BO,JOFBBPH
OLECTRA.BO,Olectra Greentech Ltd
MPSLTD.BO,MPS Ltd
RAINBOWDQ.BO,Rainbow Denim Ltd
MWTEXX.BO,MW Unitexx Ltd
CERA.BO,Cera Sanitaryware Ltd
TSPIRITUAL.BO,T Spiritual World Ltd
EXDBBPH.BO,EXDBBPH
GOCBBPH.BO,GOCBBPH
DUPHARPH.BO,Solvay Pharma India Ltd
HERBBPH.BO,HERBBPH
GGDBBPH.BO,GGDBBPH
BLCBBPH.BO,BLCBBPH
HNDBBPH.BO,HNDBBPH
SAPETRO.BO,South Asian Petrochem Ltd
BLSBBPH.BO,BLSBBPH
BHARTIARTL.BO,Bharti Airtel Ltd
SHALIWIR.BO,Shalimar Wires Industries Ltd
COMPINFO.BO,Compuage Infocom Ltd
GULPOLY.BO,Gulshan Polyols Ltd
IVPPHBB.BO,IVPPHBB
FAZE3AUTO.BO,Faze Three Autofab Ltd
PONNIERODE.BO,Ponni Sugars (Erode) Ltd
PNB.BO,Punjab National Bank
DEEBBPH.BO,DEEBBPH
RSLTEXTIL.BO,RSL Textiles India Ltd
RAMCOSUP.BO,Ramco Super Leathers Ltd
TAFNCCPEQ.BO,TAFNCCPEQ
OFSS.BO,Oracle Financial Services Software Ltd
HAZOOR.BO,Hazoor Multi Projects Ltd
KAMAHOLD.BO,Kama Holdings Ltd
MPPLQ.BO,Mather & Platt Pumps Ltd
MPFSL.BO,Mather and Platt Fire Systems Ltd
SIRPURBBPH.BO,SIRPURBBPH
GLOFAME.BO,Glofame Cotspin Industries Ltd
SRFPOBBPH.BO,SRFPOBBPH
SOLITARBBPH.BO,SOLITARBBPH
APTECHT.BO,Aptech Ltd
VENPHBB.BO,VENPHBB
UNIONBANK.BO,Union Bank of India
UBL.BO,United Breweries Ltd
ISMTLTD.BO,ISMT Ltd
ALBK.BO,Allahabad Bank
NOIDATOLL.BO,Noida Toll Bridge Company Ltd
GRANULES.BO,Granules India Ltd
CANBK.BO,Canara Bank
SUNBBPH.BO,SUNBBPH
BLIL.BO,Balmer Lawrie Investments Ltd
POKARNA.BO,Pokarna Ltd
ECEINDBBPH.BO,ECEINDBBPH
DIVISLAB.BO,Divis Laboratories Ltd
ARVINPRO.BO,Arvind Products Ltd
RANENGIN.BO,Rane Engine Valves Ltd
ECEIND.BO,ECE Industries Ltd
INDOGULFFE.BO,Indo Gulf Fertilisers Ltd
ASTRAMICRO.BO,Astra Microwave Products Ltd
MICROTECH.BO,Micro Technologies (India) Ltd
FINLNCBBPH.BO,FINLNCBBPH
RADICO.BO,Radico Khaitan Ltd
SHRIRAMCIT.BO,Shriram City Union Finance Ltd
MARUTI.BO,Maruti Suzuki India Ltd
INDORAMTX.BO,Indo Rama Textiles Ltd
MAZDABBPH.BO,MAZDABBPH
RAJPALAYAM.BO,Rajapalayam Mills Ltd
NAVINFLUOR.BO,Navin Fluorine International Ltd
UCOBANK.BO,UCO Bank
ACESFEXBBPH.BO,ACESFEXBBPH
BAGFILMS.BO,B.A.G. Films and Media Ltd
JSL.BO,Jindal Stainless Ltd
SUPRAJIT.BO,Suprajit Engineering Ltd
ASLEYF.BO,ASLEYF
EXCELCROP.BO,Excel Crop Care Ltd
MAWANA.BO,Mawana Sugars Ltd
TVSELECT.BO,TVS Electronics Ltd
IGL.BO,Indraprastha Gas Ltd
TVTODAY.BO,TV Today Network Ltd
SURYAPHARM.BO,Surya Pharmaceutical Ltd
PATNI.BO,Patni Computer Systems Ltd
FLORENCE.BO,Florence Investech Ltd
JKSUGAR.BO,JK Sugar Ltd
PALREDTEC.BO,Palred Technologies Ltd
PETRONET.BO,Petronet LNG Ltd
BIOCON.BO,Biocon Ltd
PTC.BO,PTC India Ltd
MAHABANK.BO,Bank of Maharashtra
DISHMAN.BO,Dishman Pharmaceuticals and Chemicals Ltd
RKFORGE.BO,Ramkrishna Forgings Ltd
DATAMATICS.BO,Datamatics Global Services Ltd
NDTV.BO,New Delhi Television Ltd
MASTEKBBPH.BO,MASTEKBBPH
STAR.BO,Strides Pharma Science Ltd
JPASSOCIAT.BO,Jaiprakash Associates Ltd
AVERYBBPH.BO,AVERYBBPH
RELBBPHY.BO,RELBBPHY
BRITANIBBPH.BO,BRITANIBBPH
KOJAM.BO,Kojam Fininvest Ltd
LUMAXAUTO.BO,Lumax Automotive Systems Ltd
ULTRACEMCO.BO,UltraTech Cement Ltd
UNOMINDA.BO,UNO Minda Ltd
TCS.BO,Tata Consultancy Services Ltd
COFORGE.BO,Coforge Ltd
CREWBOS.BO,Crew B.O.S. Products Ltd
GULFPETRO.BO,GP Petroleums Ltd
IBULLS.BO,Indiabulls Financial Services Ltd
FKONCO.BO,Fresenius Kabi Oncology Ltd
CENTURYPLY.BO,Century Plyboards (India) Ltd
WELENT.BO,Welspun Enterprises Ltd
NTPC.BO,NTPC Ltd
SALSTEEL.BO,S.A.L. Steel Ltd
JBMA.BO,JBM Auto Ltd
PARAL.BO,Parekh Aluminex Ltd
ONTRACK.BO,Ontrack Systems Ltd
DCHL.BO,Deccan Chronicle Holdings Ltd
BHARATIDIL.BO,Bharati Defence and Infrastructure Ltd
DWARKESH.BO,Dwarikesh Sugar Industries Ltd
RILBBPH.BO,RILBBPH
INDOCO.BO,Indoco Remedies Ltd
VIPCLOTHNG.BO,VIP Clothing Ltd
IMPEXFERRO.BO,Impex Ferro Tech Ltd
ETC.BO,ETC Networks Ltd
XCHANGING.BO,Xchanging Solutions Ltd
JETAIRWAYS.BO,Jet Airways (India) Ltd
VISHALEXPO.BO,Vishal Exports Overseas Ltd
UTVSOF.BO,UTV Software Communications Ltd
AEGISLOGBB.BO,AEGISLOGBB
MORARJEE.BO,Morarjee Textiles Ltd
GDL.BO,Gateway Distriparks Ltd
NRINTER.BO,NR International Ltd
JINDALPHOT.BO,Jindal Photo Ltd
DILBBPH.BO,DILBBPH
POCL.BO,Pondy Oxides & Chemicals Ltd
JPPOWER.BO,Jaiprakash Power Ventures Ltd
3IINFOLTD.BO,3i Infotech Ltd
MBECL.BO,McNally Bharat Engineering Company Ltd
GOKEX.BO,Gokaldas Exports Ltd
FAMEINDIA.BO,Fame India Ltd
GLAXOSMBBPH.BO,GLAXOSMBBPH
ALLDIGI.BO,Alldigi Tech Ltd
ETCBBPH.BO,ETCBBPH
IIFL.BO,IIFL Finance Ltd
MANGALAM.BO,Mangalam Drugs & Organics Ltd
SHOPERSTOP.BO,Shoppers Stop Ltd
POLARISBBPH.BO,POLARISBBPH
CYBERMEDIA.BO,Cyber Media India Ltd
NDL.BO,Nandan Denim Ltd
JSWHL.BO,JSW Holdings Ltd
SGFL.BO,Shree Ganesh Forgings Ltd
JKCEMENT.BO,JK Cement Ltd
BEEYU.BO,Beeyu Overseas Ltd
UNIPLY.BO,Uniply Industries Ltd
PROVOGE.BO,Provogue (India) Ltd
YESBANK.BO,Yes Bank Ltd
NECLIFE.BO,Nectar Lifesciences Ltd
MSPL.BO,MSP Steel & Power Ltd
SPLIL.BO,SPL Industries Ltd
KTKBANK.BO,Karnataka Bank Ltd
HINVDIR.BO,HSBC InvestDirect (India) Ltd
MCLEODRUSS.BO,Mcleod Russel India Ltd
BALASTEELS.BO,Shri Ramrupai Balaji Steels Ltd
FACORALL.BO,Facor Alloys Ltd
FACORSTE.BO,Facor Steels Ltd
EON.BO,Eon Electric Ltd
IDFC.BO,IDFC Ltd
VIVIMEDLAB.BO,Vivimed Labs Ltd
RML.BO,Rane (Madras) Ltd
HTMEDIA.BO,HT Media Ltd
SASKEN.BO,Sasken Technologies Ltd
AMAR.BO,Amar Remedies Ltd
RAJVIR.BO,Rajvir Industries Ltd
FCSSOFT.BO,FCS Software Solutions Ltd
SUZLON.BO,Suzlon Energy Ltd
AURIONPRO.BO,Aurionpro Solutions Ltd
SOLANA.BO,Solana Biofuels Ltd
RENUKA.BO,Shree Renuka Sugars Ltd
JYOTHYCONS.BO,Jyothy Consumer Products Ltd
GLODYNE.BO,Glodyne Technoserve Ltd
KMSUGAR.BO,K M Sugar Mills Ltd
BASML.BO,Bannari Amman Spinning Mills Ltd
PRITHVI.BO,Prithvi Information Solutions Ltd
PBAINFRA.BO,PBA Infrastructure Ltd
VIKASHMET.BO,Vikash Metal & Power Ltd
BRFL.BO,Bombay Rayon Fashions Ltd
SORILINFRA.BO,SORIL Infra Resources Ltd
PRIMESEBBPH.BO,PRIMESEBBPH
IBULLSBBPH.BO,IBULLSBBPH
ABGSHIP.BO,ABG Shipyard Ltd
AIAENG.BO,AIA Engineering Ltd
EKC.BO,Everest Kanto Cylinder Ltd
SRFPOLYBBPH.BO,SRFPOLYBBPH
KERNEX.BO,Kernex Microsystems India Ltd
REPRO.BO,Repro India Ltd
COMSYS.BO,Compulink Systems Ltd
PVRINOX.BO,PVR Inox Ltd
RAMSARUP.BO,Ramsarup Industries Ltd
TULIP.BO,Tulip Telecom Ltd
RMCL.BO,Radha Madhav Corporation Ltd
PUNJLLOYD.BO,Punj Lloyd Ltd
ASMS.BO,Bartronics India Ltd
CELEBRITY.BO,Celebrity Fashions Ltd
EDUCOMP.BO,Educomp Solutions Ltd
NITINSPIN.BO,Nitin Spinners Ltd
ROHLTD.BO,Royal Orchid Hotels Ltd
ENIL.BO,Entertainment Network (India) Ltd
CELLA.BO,Cella Space Ltd
GSPL.BO,Gujarat State Petronet Ltd
RCAPVL.BO,Reliance Capital Ventures Ltd
RENVL.BO,Reliance Energy Ventures Ltd
JAGRAN.BO,Jagran Prakashan Ltd
INOXLEISUR.BO,INOX Leisure Ltd
DYNPRO.BO,Dynemic Products Ltd
GVKPIL.BO,GVK Power & Infrastructure Ltd
RNRL.BO,Reliance Natural Resources Ltd
SADBHAV.BO,Sadbhav Engineering Ltd
SUNILHITEC.BO,Sunil Hitech Engineers Ltd
RCOM.BO,Reliance Communications Ltd
SAKUMA.BO,Sakuma Exports Ltd
KEC.BO,KEC International Ltd
GITANJALI.BO,Gitanjali Gems Ltd
GILLANDERS.BO,Gillanders Arbuthnot & Company Ltd
INDOTECH.BO,Indo Tech Transformers Ltd
PRATIBHA.BO,Pratibha Industries Ltd
BLKASHYAP.BO,B. L. Kashyap and Sons Ltd
M&MFIN.BO,Mahindra & Mahindra Financial Services Ltd
VISASTEEL.BO,Visa Steel Ltd
NITCO.BO,Nitco Ltd
MPDL.BO,MPDL Ltd
MOUNTEVTR.BO,Mounteverest Trading & Investment Ltd
SOLARINDS.BO,Solar Industries India Ltd
GALLANTT.BO,Gallantt Ispat Ltd
ADHUNIK.BO,Adhunik Metaliks Ltd
MALUPAPER.BO,Malu Paper Mills Ltd
UTTAMSUGAR.BO,Uttam Sugar Mills Ltd
SGL.BO,STL Global Ltd
ROHITFERRO.BO,Rohit Ferro-Tech Ltd
KKCL.BO,Kewal Kiran Clothing Ltd
SUNTV.BO,Sun TV Network Ltd
GPIL.BO,Godawari Power and Ispat Ltd
RSYSTEMS.BO,R Systems International Ltd
POWERSOF.BO,Powersoft Global Solutions Ltd
EMKAY.BO,Emkay Global Financial Services Ltd
TICL.BO,Twamev Construction And Infrastructure Ltd
PLETHICO.BO,Plethico Pharmaceuticals Ltd
LOKESHMACH.BO,Lokesh Machines Ltd
KAMDHENU.BO,Kamdhenu Ltd
PAUSHAKLTD.BO,Paushak Ltd
RPL.BO,Reliance Petroleum Ltd
GTNTEX.BO,GTN Textiles Ltd
INDICAP.BO,Inditrade Capital Ltd
UNITY.BO,Unity Infraprojects Ltd
KFA.BO,Kingfisher Airlines Ltd
PFOCUS.BO,Prime Focus Ltd
ALLCARGO.BO,Allcargo Logistics Ltd
SRFLTDBBPH.BO,SRFLTDBBPH
EASUNREYRL.BO,Easun Reyrolle Ltd
REVTEQBBPH.BO,REVTEQBBPH
ASHIM.BO,Ashim Investment Company Ltd
GMRAIRPORT.BO,GMR Airports Ltd
TECHM.BO,Tech Mahindra Ltd
CIEINDIA.BO,CIE Automotive India Ltd
VOLTAMP.BO,Voltamp Transformers Ltd
KEWIND.BO,Kew Industries Ltd
ATLANTAA.BO,Atlantaa Ltd
DEEPENR.BO,Deep Energy Resources Ltd
HOVS.BO,HOV Services Ltd
ACE.BO,Action Construction Equipment Ltd
ICIBBPH.BO,ICIBBPH
GEECEE.BO,GeeCee Ventures Ltd
USHERAGRO.BO,Usher Agro Ltd
RICHAIND.BO,Richa Industries Ltd
GAYAPROJ.BO,Gayatri Projects Ltd
FIEMIND.BO,Fiem Industries Ltd
HANUNG.BO,Hanung Toys & Textiles Ltd
JHS.BO,JHS Svendgaard Laboratories Ltd
DCBBANK.BO,DCB Bank Ltd
GLOBALVECT.BO,Global Vectra Helicorp Ltd
INSPIRISYS.BO,Inspirisys Solutions Ltd
GTLINFRA.BO,GTL Infrastructure Ltd
SHIVAMAUTO.BO,Shivam Autotech Ltd
NAUKRI.BO,Info Edge (India) Ltd
LITL.BO,Lanco Infratech Ltd
TORNTPOWER.BO,Torrent Power Ltd
PARSVNATH.BO,Parsvnath Developers Ltd
BLUEBIRD.BO,Blue Bird (India) Ltd
SUTLEJTEX.BO,Sutlej Textiles and Industries Ltd
LTFOODS.BO,LT Foods Ltd
SOBHA.BO,Sobha Ltd
RUCHIRA.BO,Ruchira Papers Ltd
GTOFFSHORE.BO,GOL Offshore Ltd
ESSDEE.BO,Ess Dee Aluminium Ltd
XLENERGY.BO,XL Energy Ltd
NCOPPER.BO,Nissan Copper Ltd
TANLA.BO,Tanla Platforms Ltd
PSTL.BO,Pyramid Saimira Theatre Ltd
CAIRN.BO,Cairn India Ltd
SHREEASHTA.BO,Shree Ashtavinayak Cine Vision Ltd
ZEEMEDIA.BO,Zee Media Corporation Ltd
SITINET.BO,Siti Networks Ltd
LUMAXTECH.BO,Lumax Auto Technologies Ltd
AUTOIND.BO,Autoline Industries Ltd
NETWORK18.BO,Network 18 Media & Investments Ltd
HUBTOWN.BO,Hubtown Ltd
TV18BRDCST.BO,TV18 Broadcast Ltd
CTE.BO,Cambridge Technology Enterprises Ltd
NATCOBBPH.BO,NATCOBBPH
POCHIRAJU.BO,Pochiraju Industries Ltd
TIIL.BO,Technocraft Industries (India) Ltd
REDINGTON.BO,Redington Ltd
AICHAMP.BO,AI Champdany Industries Ltd
CINELINE.BO,Cineline India Ltd
PGIL.BO,Pearl Global Industries Ltd
FSL.BO,Firstsource Solutions Ltd
PFC.BO,Power Finance Corporation Ltd
AHLUCONT.BO,Ahluwalia Contracts (India) Ltd
TFL.BO,Transwarranty Finance Ltd
CANDC.BO,C & C Constructions Ltd
INDIANB.BO,Indian Bank
SMSPHARMA.BO,SMS Pharmaceuticals Ltd
BROADCAST.BO,Broadcast Initiatives Ltd
ORIENTALTL.BO,Oriental Trimex Ltd
EVINIX.BO,Evinix Accessories Ltd
MINDTREE.BO,MindTree Ltd
ELAND.BO,E-Land Apparel Ltd
INDUSFILA.BO,Indus Fila Ltd
IDEA.BO,Vodafone Idea Ltd
EUROCERA.BO,Euro Ceramics Ltd
VTXIND.BO,VTX Industries Ltd
JAGJANANI.BO,Jagjanani Textiles Ltd
RAJTV.BO,Raj Television Network Ltd
PAGEIND.BO,Page Industries Ltd
AMDIND.BO,AMD Industries Ltd
LEHAR.BO,Lehar Footwears Ltd
ASTRAL.BO,Astral Ltd
ABHISHEK.BO,Abhishek Corporation Ltd
EMBDL.BO,Embassy Developments Ltd
SPARSHBPO.BO,Sparsh BPO Services Ltd
CAMLINFINE.BO,Camlin Fine Sciences Ltd
ICRA.BO,ICRA Ltd
SANCIA.BO,Sancia Global Infraprojects Ltd
ORBITCORP.BO,Orbit Corporation Ltd
GAELBBPH.BO,GAELBBPH
DISHTV.BO,Dish TV India Ltd
ADVANTA.BO,Advanta Ltd
SAHYADRI.BO,Sahyadri Industries Ltd
SRHHYPOLTD.BO,Sree Rayalaseema Hi-Strength Hypo Ltd
FORTIS.BO,Fortis Healthcare Ltd
ASELBBPH.BO,ASELBBPH
TGBHOTELS.BO,TGB Banquets and Hotels Ltd
MROTEKBBPH.BO,MROTEKBBPH
HILTON.BO,Hilton Metal Forging Ltd
DELTACORP.BO,Delta Corp Ltd
BINANICEM.BO,Binani Cement Ltd
MICEL.BO,MIC Electronics Ltd
INSECTICID.BO,Insecticides (India) Ltd
MCDHOLDING.BO,McDowell Holdings Ltd
ASAHISONG.BO,Asahi Songwon Colors Ltd
NITINFIRE.BO,Nitin Fire Protection Industries Ltd
HARYNACAP.BO,Haryana Capfin Ltd
TIMETECHNO.BO,Time Technoplast Ltd
GLORY.BO,Glory Polyfilms Ltd
DECOLIGHT.BO,Decolight Ceramics Ltd
HGS.BO,Hinduja Global Solutions Ltd
NETFLIER.BO,Netflier Finco Ltd
IPRUFMP36AG.BO,ICICI Prudential Fixed Maturity Plan Series 36 - Eighteen Months Plan A (Growth option)
IPRUFMP36AD.BO,ICICI Prudential Fixed Maturity Plan Series 36 - Eighteen Months Plan A (Dividend option)
SPICETELE.BO,Spice Communications Ltd
NELCAST.BO,Nelcast Ltd
MEGH.BO,Meghmani Organics Ltd
QUINTEGRA.BO,Quintegra Solutions Ltd
V2RETAIL.BO,V2 Retail Ltd
DLF.BO,DLF Ltd
TARMAT.BO,Tarmat Ltd
ANKITMETAL.BO,Ankit Metal & Power Ltd
CELESTIAL.BO,Celestial Biolabs Ltd
SPARC.BO,Sun Pharma Advanced Research Company Ltd
HDIL.BO,Housing Development and Infrastructure Ltd
SURYACHAKRA.BO,Suryachakra Power Corporation Ltd
ADSL.BO,Allied Digital Services Ltd
EVERONN.BO,Everonn Education Ltd
SIMPLEX.BO,Simplex Projects Ltd
ALPA.BO,Alpa Laboratories Ltd
SSLEL.BO,Sir Shadi Lal Enterprises Ltd
OMAXE.BO,Omaxe Ltd
IVRCLAH.BO,IVRCL Assets & Holdings Ltd
OMNITECH.BO,Omnitech InfoSolutions Ltd
ZYLOG.BO,Zylog Systems Ltd
REFEX.BO,Refex Industries Ltd
CENTRALBK.BO,Central Bank of India
SELMC.BO,SEL Manufacturing Company Ltd
NTL.BO,Neueon Towers Ltd
ASIANTILES.BO,Asian Granito India Ltd
KPRMILL.BO,K.P.R. Mill Limited
TAKE.BO,Take Solutions Ltd
PURVA.BO,Puravankara Ltd
MOTILALOFS.BO,Motilal Oswal Financial Services Ltd
VTMLTD.BO,VTM Ltd
INDOWIND.BO,Indowind Energy Ltd
NAGREEKCAP.BO,Nagreeka Capital & Infrastructure Ltd
MAGNUM.BO,Magnum Ventures Ltd
HULBBPH.BO,HULBBPH
POWERGRID.BO,Power Grid Corporation of India Ltd
KSCL.BO,Kaveri Seed Company Ltd
PAISALO.BO,Paisalo Digital Ltd
KOUTONS.BO,Koutons Retail India Ltd
CCCL.BO,Consolidated Construction Consortium Ltd
DHANUS.BO,Dhanus Technologies Ltd
SUPREMEINF.BO,Supreme Infrastructure India Ltd
SAAMYABIO.BO,Saamya Biotech India Ltd
MAANALU.BO,Maan Aluminium Ltd
IL&FSENGG.BO,IL&FS Engineering and Construction Company Ltd
SHARONBIO.BO,Sharon Bio-Medicine Ltd
GRABALALK.BO,Grabal Alok Impex Ltd
ANILLTD.BO,Anil Ltd
PARLEIND.BO,Parle Industries Ltd
NET4.BO,Net 4 India Ltd
CSIL.BO,Circuit Systems India Ltd
ARCOTECH.BO,Arcotech Ltd
RELIGARE.BO,Religare Enterprises Ltd
BVCL.BO,Barak Valley Cements Ltd
VARUN.BO,Varun Industries Ltd
RATHIBAR.BO,Rathi Bars Ltd
ACIASIA.BO,Allied Computers International (Asia) Ltd
EDL.BO,Empee Distilleries Ltd
ADANIPORTS.BO,Adani Ports and Special Economic Zone Ltd
EDELWEISS.BO,Edelweiss Financial Services Ltd
RGL.BO,Renaissance Global Ltd
KOLTEPATIL.BO,Kolte-Patil Developers Ltd
KAUSHALYA.BO,Kaushalya Infrastructure Development Corporation Ltd
JYOTHYLAB.BO,Jyothy Labs Ltd
ECLERX.BO,eClerx Services Ltd
TARIL.BO,Transformers and Rectifiers (India) Ltd
BRIGADE.BO,Brigade Enterprises Ltd
BGRENERGY.BO,BGR Energy Systems Ltd
BURNPUR.BO,Burnpur Cement Ltd
MANAKSIA.BO,Manaksia Ltd
PORWAL.BO,Porwal Auto Components Ltd
PPAP.BO,PPAP Automotive Ltd
ARIES.BO,Aries Agro Ltd
KUANTUM.BO,Kuantum Papers Ltd
CAPF.BO,Capital First Ltd
RPOWER.BO,Reliance Power Ltd
JKIL.BO,J. Kumar Infraprojects Ltd
CORDSCABLE.BO,Cords Cable Industries Ltd
KNRCON.BO,KNR Constructions Ltd
MDRASCMBBPH.BO,MDRASCMBBPH
ONMOBILE.BO,OnMobile Global Ltd
SEPC.BO,SEPC Ltd
BANG.BO,Bang Overseas Ltd
IRB.BO,IRB Infrastructure Developers Ltd
TULSI.BO,Tulsi Extrusions Ltd
PIRAMGLAS.BO,Piramal Glass Ltd
MANJUSHREE.BO,Manjushree Technopack Ltd
GSS.BO,GSS Infotech Ltd
NAHARCAP.BO,Nahar Capital and Financial Services Ltd
VGUARD.BO,V-Guard Industries Ltd
RELINFRBBPH.BO,RELINFRBBPH
RECLTD.BO,REC Ltd
SOLECTEMS.BO,Solectron EMS India Ltd
GOKAKTEX.BO,Gokak Textiles Ltd
ETCN.BO,ETC Networks Ltd
AJRINFRA.BO,AJR Infra And Tolling Ltd
DHANI.BO,Dhani Services Ltd
SITASHREE.BO,Sita Shree Food Products Ltd
DWSFTS43RG.BO,Deutsche Mutual Fund - DWS Fixed Term Series 43 - Regular Growth option
DWSFTS43RD.BO,Deutsche Mutual Fund - DWS Fixed Term Series 43 - Regular Dividend option
DWSFTS43IG.BO,Deutsche Mutual Fund - DWS Fixed Term Series 43 - Institutional Plan Growth option
PATNIBBPH.BO,PATNICOMPUT*
TITAGARH.BO,Titagarh Rail Systems Ltd
KIRIINDUS.BO,Kiri Industries Ltd
MASTKBBPH.BO,MASTEK*
CHINVEST.BO,CHI Investments Ltd
GREATOFBBPH.BO,GREAT OFFSH*
SASKENBBPH.BO,SASKEN COMM*
SANKHYAIN.BO,Sankhya Infotech Ltd
GOLDIAMBBPH.BO,GOLDIAM INT*
BIRLAMONEY.BO,Aditya Birla Money Ltd
TELOGICA.BO,Telogica Ltd
JAIBALAJI.BO,Jai Balaji Industries Ltd
BAJAJ-AUTO.BO,Bajaj Auto Ltd
BAJAJFINSV.BO,Bajaj Finserv Ltd
PIRPHYTO.BO,Piramal Phytocare Ltd
GOKUL.BO,Gokul Refoils & Solvent Ltd
ANULABS.BO,Anus Laboratories Ltd
SRFLBBPH.BO,SRF LIMITED*
RPGLIFE.BO,RPG Life Sciences Ltd
ENSOSECUT.BO,Enso Secutrack Ltd
SENSEX1.BO,Kotak S&P BSE Sensex ETF
NIRAJ.BO,Niraj Cement Structurals Ltd
RBL.BO,Rane Brake Lining Ltd
RANEENGINE.BO,Rane Engine Valve Ltd
BAFNAPH.BO,Bafna Pharmaceuticals Ltd
METKORE.BO,Metkore Alloys & Industries Ltd
MVL.BO,MVL Ltd
CHLLTD.BO,CHL Ltd
SEJALLTD.BO,Sejal Glass Ltd
ARCHIDPLY.BO,Archidply Industries Ltd
AVONCORP.BO,Avon Corporation Ltd
FIRSTWIN.BO,First Winner Industries Ltd
KSK.BO,KSK Energy Ventures Ltd
LOTUSEYE.BO,Lotus Eye Hospital And Institute Ltd
NEXTGENT.BO,Nextgen Animation Mediaa Ltd
ANGAUTOBBPH.BO,ANG AUTO*
SOMICONVEY.BO,Somi Conveyor Beltings Ltd
DWSFTS50AD.BO,Deutsche Mutual Fund - DWS Fixed Term Series 50 - Plan A - Dividend option
DWSFTS50BD.BO,Deutsche Mutual Fund - DWS Fixed Term Series 50 - Plan B - Dividend option
BIRLACOT.BO,Birla Cotsyn (India) Ltd
LGBFORGE.BO,LGB Forge Ltd
OISL.BO,OCL Iron and Steel Ltd
GDLBBPH.BO,GATEWAYDIST*
OCTAVINV.BO,Octav Investments Ltd
CORAL-HUB.BO,Coral Hub Ltd
LPDC.BO,Landmark Property Development Company Ltd
GUJFLUOBBPH.BO,GUJARAT FLU*
SICAGEN.BO,Sicagen India Ltd
NUTEK.BO,Nu Tek India Ltd
AUSTRAL.BO,Austral Coke & Projects Ltd
RMMIL.BO,Resurgere Mines & Minerals India Ltd
SIMPLXMIL.BO,Simplex Mills Company Ltd
SIMPLXPAP.BO,Simplex Papers Ltd
RAINBBPH.BO,RAIN COMMOD*
SURANABBPH.BO,SURANA TELE*
20MICRONS.BO,20 Microns Ltd
ZFCVINDIA.BO,ZF Commercial Vehicle Control Systems India Ltd
VALIANTBBPH.BO,VALIANT COM*
HEGBBPH.BO,HEG LIMITED*
CHEMCEL.BO,Chemcel Bio-Tech Ltd
DLFBBPH.BO,DLF LIMITED*
RSYSBBPH.BO,RSYSTEM INT*
ALKALI.BO,Alkali Metals Ltd
MAESTROBBPH.BO,MAESTROBBPH
FDCBBPH.BO,FDC LIMITED*
IPCALABBBPH.BO,IPCALABBBPH
ISGEC.BO,ISGEC Heavy Engineering Ltd
GODRJCPBBPH.BO,GODREJ CONS*
ALEMBICBBPH.BO,ALEMBICBBPH
MONNETBBPH.BO,MONNE ISPAT*
SUPREMEBBPH.BO,SUPREM IND*
JINDPOLBBPH.BO,JINDAL POLY*
EIDPARYBBPH.BO,EID PARRY*
BOSCHBBPH.BO,BOSCHBBPH
IIFLBBPH.BO,IIFLBBPH
SPRMPETBBPH.BO,SPRMPETBBPH
NBVENTRBBPH.BO,NAVBHAR VEN*
SELANBBPH.BO,SELANBBPH
HOVBBPH.BO,HOVBBPH
AUSTENGBBPH.BO,AUSTENGBBPH
IMFA.BO,Indian Metals & Ferro Alloys Ltd
TPHQ.BO,Teamo Productions HQ Ltd
MANGALCBBPH.BO,MANGALAMCEM*
GSSAMERBBPH.BO,GSS AMERICA*
HYDROSBBPH.BO,HYDROSBBPH
TTKHEBBPH.BO,TTKHEBBPH
LKPFINBBPH.BO,LKP FIN*
KLBRENGBBPH.BO,KLBRENGBBPH
EDSERV.BO,Edserv Softsystems Ltd
VEDAVAAG.BO,VEDAVAAG Systems Ltd
TVTNBBPH.BO,TV TODAY*
ZENTECBBPH.BO,ZENTECBBPH
BRANDHOUSE.BO,Brandhouse Retails Ltd
SANDESHBBPH.BO,SANDESHBBPH
APLOTYRBBPH.BO,APLOTYRBBPH
GITNJLIBBPH.BO,GITNJLIBBPH
REISIXTEN.BO,REI Six Ten Retail Ltd
IBVENBBPH.BO,IBVENBBPH
PENARINBBPH.BO,PENARINBBPH
ARROWTEX.BO,Arrow Textiles Ltd
AVANTELBBPH.BO,AVANTEL LTD*
DAICHIBBPH.BO,DAICHIBBPH
GODRJBBPH.BO,GODREJ IND*
MANJEERA.BO,Manjeera Constructions Ltd
SANDPLAST.BO,Sand Plast (India) Ltd
MOLDTKPAC.BO,Mold-Tek Packaging Ltd
MERCKBBPH.BO,MERCKBBPH
AROGRANBBPH.BO,AROGRANBBPH
RDEVCAB.BO,Rishabhdev Technocable Ltd
SM1AD.BO,Tata Smart Investment Plan- 1 Scheme A - Dividend option
SM1AG.BO,Tata Smart Investment Plan- 1 Scheme A - Growth option
SM1BD.BO,Tata Smart Investment Plan- 1 Scheme B - Dividend option
SM1BG.BO,Tata Smart Investment Plan- 1 Scheme B - Growth option
MHRIL.BO,Mahindra Holidays & Resorts India Ltd
TELEDATAIT.BO,Teledata Technology Solutions Ltd
EXCEL.BO,Excel Realty N Infra Ltd
DCHLBBPH.BO,DCHLBBPH
AEGISLOBBPH.BO,AEGISLOBBPH
ROML.BO,Raj Oil Mills Ltd
JINDLPOBBPH.BO,JINDLPOBBPH
BENGALASM.BO,Bengal & Assam Company Ltd
ADANIPOWER.BO,Adani Power Ltd
SOFTSOLBBPH.BO,SOFTSOLBBPH
NHPC.BO,NHPC Ltd
PROVOGUBBPH.BO,PROVOGUBBPH
PEIL.BO,Premier Energy and Infrastructure Ltd
SURYAAMBA.BO,Suryaamba Spinning Mills Ltd
SRFBBPH.BO,SRFBBPH
JINDCOT.BO,Jindal Cotex Ltd
GLOBUSSPR.BO,Globus Spirits Ltd
OIL.BO,Oil India Ltd
SWANDEF.BO,Swan Defence And Heavy Industries Ltd
BTTL.BO,Bhilwara Technical Textiles Ltd
EUROMULTI.BO,Euro Multivision Ltd
SPSL.BO,Shree Precoated Steels Ltd
BHAGYINBBPH.BO,BHAGYINBBPH
EXPLEOSOL.BO,Expleo Solutions Ltd
RTNPOWER.BO,RattanIndia Power Ltd
GOLDIMBBPH.BO,GOLDIMBBPH
PODDARBBPH.BO,PODDARBBPH
DEN.BO,Den Networks Ltd
ASTEC.BO,Astec Lifesciences Ltd
RBN.BO,Reliance Broadcast Network Ltd
COX&KINGS.BO,Cox & Kings Ltd
APCOTEXBBPH.BO,APCOTEXBBPH
DLINKINDIA.BO,D-Link (India) Ltd
BRITBRBBPH.BO,BRITBRBBPH
JSWENERGY.BO,JSW Energy Ltd
YUNIKM.BO,Yunik Managing Advisors Ltd
GODREJPROP.BO,Godrej Properties Ltd
DBCORP.BO,D. B. Corp Ltd
MBLINFRA.BO,MBL Infrastructure Ltd
FDCLTDBBPH.BO,FDCLTDBBPH
INFINITE.BO,Infinite Computer Solutions (India) Ltd
JUBLFOOD.BO,Jubilant FoodWorks Ltd
VASCONEQ.BO,Vascon Engineers Ltd
SYNCOM.BO,Syncom Healthcare Ltd
THANGAMAYL.BO,Thangamayil Jewellery Ltd
AQUA.BO,Aqua Logistics Ltd
DBREALTY.BO,Valor Estate Ltd
EMMBI.BO,Emmbi Industries Ltd
HATHWAY.BO,Hathway Cable & Datacom Ltd
ARSSINFRA.BO,ARSS Infrastructure Projects Ltd
TEXMOPIPES.BO,Texmo Pipes and Products Ltd
TIPSBBPH.BO,TIPSBBPH
SUNDARAM.BO,Sundaram Multi Pap Ltd
COROENGG.BO,Coromandel Engineering Company Ltd
ROSSELLIND.BO,Rossell India Ltd
MANINFRA.BO,Man Infraconstruction Ltd
TAMBOLIIN.BO,Tamboli Industries Ltd
UNITEDBNK.BO,United Bank of India
DQE.BO,DQ Entertainment (International) Ltd
IL&FSTRANS.BO,IL&FS Transportation Networks Ltd
PRADIP.BO,Pradip Overseas Ltd
PERSISTENT.BO,Persistent Systems Ltd
SGJHL.BO,Shree Ganesh Jewellery House (I) Ltd
ISFT.BO,Intrasoft Technologies Ltd
GOENKA.BO,Goenka Diamond & Jewels Ltd
KCPSUGIND.BO,KCP Sugar & Industries Corporation Ltd
KECL.BO,Kirloskar Electric Company Ltd
TALWALKARS.BO,Talwalkars Better Value Fitness Ltd
MNAKSIABBPH.BO,MNAKSIABBPH
SATCH.BO,Satchmo Holdings Ltd
TARAPUR.BO,Tarapur Transformers Ltd
GBGLOBAL.BO,GB Global Ltd
GEODLTDBBPH.BO,GEODLTDBBPH
SJVN.BO,SJVN Ltd
JPINFRATEC.BO,Jaypee Infratech Ltd
EMAMIPAP.BO,Emami Paper Mills Ltd
SAMRUDDHI.BO,Samruddhi Cement Ltd
KRITINUT.BO,Kriti Nutrients Ltd
PARABDRUGS.BO,Parabolic Drugs Ltd
GKB.BO,GKB Ophthalmics Ltd
FRONTSEC.BO,Frontline Securities Ltd
PANACEABBPH.BO,PANACEABBPH
TECHNOFAB.BO,Technofab Engineering Ltd
HMVL.BO,Hindustan Media Ventures Ltd
EMAMIREAL.BO,Emami Realty Ltd
SHRIASTER.BO,Shri Aster Silicates Ltd
MIDFIELD.BO,Midfield Industries Ltd
AHLWEST.BO,Asian Hotels (West) Ltd
HULTDBBPH.BO,HULTDBBPH
AHLEAST.BO,Asian Hotels (East) Ltd
BHARATFIN.BO,Bharat Financial Inclusion Ltd
BAJAJCON.BO,Bajaj Consumer Care Ltd
PRAKASHSTL.BO,Prakash Steelage Ltd
CNSDSECBBPH.BO,CNSDSECBBPH
GPPL.BO,Gujarat Pipavav Port Ltd
WELINV.BO,Welspun Investments and Commercials Ltd
HIRAFERRO.BO,Hira Ferro Alloys Ltd
INDOSOLAR.BO,Indosolar Ltd
TIRUPATIINK.BO,Tirupati Inks Ltd
SASTASUNDR.BO,Sastasundar Ventures Ltd
CPCAP.BO,CP Capital Ltd
EROSMEDIA.BO,Eros International Media Ltd
RAMKY.BO,Ramky Infrastructure Ltd
GREENPOWER.BO,Orient Green Power Company Ltd
ESL.BO,Electrosteel Steels Ltd
GALLISPAT.BO,Gallantt Ispat Ltd
TECPRO.BO,Tecpro Systems Ltd
CANTABIL.BO,Cantabil Retail India Ltd
SEATV.BO,Sea TV Network Ltd
WABAG.BO,VA Tech Wabag Ltd
BEDMUTHA.BO,Bedmutha Industries Ltd
ASHOKA.BO,Ashoka Buildcon Ltd
JWL.BO,Jupiter Wagons Ltd
OBEROIRLTY.BO,Oberoi Realty Ltd
PRESTIGE.BO,Prestige Estates Projects Ltd
SHAH.BO,Shah Metacorp Ltd
BSLIMITED.BO,BS Ltd
CRISILBBPH.BO,CRISILBBPH
COALINDIA.BO,Coal India Ltd
TECHNO.BO,Techno Electric & Engineering Company Ltd
GRAVITA.BO,Gravita India Ltd
SASKENBBPH.BO,SASKENBBPH
RPPINFRA.BO,R P P Infra Projects Ltd
RDBIPL.BO,RDB Infrastructure And Power Ltd
MOIL.BO,Moil Ltd
ZEELEARN.BO,Zee Learn Ltd
CLARIS.BO,Claris Lifesciences Ltd
KTIL.BO,Kesar Terminals & Infrastructure Ltd
A2ZINFRA.BO,A2Z Infra Engineering Ltd
KIRLOSENG.BO,Kirloskar Oil Engines Ltd
RKDL.BO,Ravi Kumar Distilleries Ltd
PSB.BO,Punjab & Sind Bank
FMNL.BO,Future Market Networks Ltd
KBIL.BO,Kirloskar Brothers Investments Ltd
SURANASOL.BO,Surana Solar Ltd
SHEKHAWATI.BO,Shekhawati Industries Ltd
KICL.BO,Kalyani Investment Company Ltd
BFINVEST.BO,BF Investment Ltd
CMAHENDRA.BO,C Mahendra Exports Ltd
SRSREAL.BO,SRS Real Infrastructure Ltd
SUMMITSEC.BO,Summit Securities Ltd
DALMIABHA.BO,Dalmia Bharat Ltd
MIDVAL.BO,Midvalley Entertainment Ltd
HINCOMBBPH.BO,HINCOMBBPH
AGSINFO.BO,AGS Infotech Ltd
INOVSYNTH.BO,Innovassynth Investments Ltd
STEL.BO,STEL Holdings Ltd
OMKARCHEM.BO,Omkar Speciality Chemicals Ltd
JUBLINDS.BO,Jubilant Industries Ltd
BILENERGY.BO,Bil Energy Systems Ltd
TEXRAIL.BO,Texmaco Rail & Engineering Ltd
INDTERRAIN.BO,Indian Terrain Fashions Ltd
ACROPETAL.BO,Acropetal Technologies Ltd
BCMLBBPH.BO,BCMLBBPH
SUDAR.BO,Sudar Industries Ltd
FCL.BO,Fineotex Chemical Ltd
DHUNINV.BO,Dhunseri Investments Ltd
ZENTEC.BO,ZEN Technologies Ltd
LOVABLE.BO,Lovable Lingerie Ltd
PFS.BO,PTC India Financial Services Ltd
RELINFBBPH.BO,RELINFBBPH
SHILPI.BO,Shilpi Cable Technologies Ltd
HEGLTDBBPH.BO,HEGLTDBBPH
TCIDEVELOP.BO,TCI Developers Ltd
ADSLBBPH.BO,ADSLBBPH
ICSILBBPH.BO,ICSILBBPH
MUTHOOTFIN.BO,Muthoot Finance Ltd
PARAPRINT.BO,Paramount Printpackaging Ltd
FCONSUMER.BO,Future Consumer Ltd
SERVALL.BO,Servalakshmi Paper Ltd
INNOIND.BO,Innoventive Industries Ltd
TRUEGREEN.BO,True Green Bio Energy Ltd
SANGHVIFOR.BO,Sanghvi Forging & Engineering Ltd
DRDATSONS.BO,Dr.Datsons Labs Ltd
VMS.BO,VMS Industries Ltd
TIMBOR.BO,Timbor Home Ltd
KARMAENG.BO,Karma Energy Ltd
DELPHIFX.BO,Delphi World Money Ltd
PVRBBPH.BO,PVRBBPH
TELEMARINE.BO,Teledata Marine Solutions Ltd
BIRLAPAC.BO,Birla Pacific Medspa Ltd
RUSHIL.BO,Rushil Decor Ltd
ENKEIWHEL.BO,Enkei Wheels (India) Ltd
KRIDHANINF.BO,Kridhan Infra Ltd
WELGLOB.BO,Welspun Global Brands Ltd
ZEEENTBBPH.BO,ZEEENTBBPH
BGLOBAL.BO,Bharatiya Global Infomedia Ltd
INVENTURE.BO,Inventure Growth & Securities Ltd
LTF.BO,L&T Finance Ltd
YAARI.BO,Yaari Digital Integrated Services Ltd
HEALTHTECH.BO,HealthFore Technologies Ltd
TREEHOUSE.BO,Tree House Education & Accessories Ltd
BROOKS.BO,Brooks Laboratories Ltd
RUPA.BO,Rupa & Company Ltd
TDPOWERSYS.BO,TD Power Systems Ltd
ONMOBBBPH.BO,ONMOBBBPH
SRSLTD.BO,SRS Ltd
APLLTD.BO,Alembic Pharmaceuticals Ltd
VASWANI.BO,Vaswani Industries Ltd
PGEL.BO,PG Electroplast Ltd
LESHAIND.BO,Lesha Industries Ltd
SETUINFRA.BO,Setubandhan Infrastructure Ltd
RDBRL.BO,RDB Rasayans Ltd
EONBBPH.BO,EONBBPH
TIJARIA.BO,Tijaria Polypipes Ltd
ONELIFECAP.BO,Onelife Capital Advisors Ltd
FLEXITUFF.BO,Flexituff Ventures International Ltd
TAKSHEEL.BO,Taksheel Solutions Ltd
UEL.BO,Ujaas Energy Ltd
TRITURBINE.BO,Triveni Turbine Ltd
INDOTHAI.BO,Indo Thai Securities Ltd
RAINCOBBPH.BO,RAINCOBBPH
ESSARSHPNG.BO,Essar Shipping Ltd
GEMINIBBPH.BO,GEMINIBBPH
AVANTEBBPH.BO,AVANTEBBPH
APLAPOLLO.BO,APL Apollo Tubes Ltd
GPTINFRA.BO,GPT Infraprojects Ltd
KGNENT.BO,KGN Enterprises Ltd
PRAJINDBBPH.BO,PRAJINDBBPH
BOROSILBBPH.BO,BOROSILBBPH
ANSALHSBBPH.BO,ANSALHSBBPH
RELBANK.BO,Reliance Mutual Fund - Reliance Banking Exchange Traded Fund
FERVENTSYN.BO,Fervent Synergies Ltd
AMTEKBBPH.BO,AMTEKBBPH
VALCOMBBPH.BO,VALCOMBBPH
THOMASCOTT.BO,Thomas Scott (India) Ltd
RELINDBBPH.BO,RELINDBBPH
TERASOFT.BO,Tera Software Ltd
GEECEEBBPH.BO,GEECEEBBPH
ACCELYABBPH.BO,ACCELYABBPH
KIROILBBPH.BO,KIROILBBPH
JKLAKBBPH.BO,JKLAKBBPH
PMCFIN.BO,PMC Fincorp Ltd
FUTSOL.BO,Futuristic Solutions Ltd
AIML.BO,Alliance Integrated Metaliks Ltd
RHIM.BO,Rhi Magnesita India Ltd
MCX.BO,Multi Commodity Exchange of India Ltd
PYXISFIN.BO,Pyxis Finvest Ltd
JSWISPLBBPH.BO,JSW Ispat Special Products Ltd
SCHNEIDER.BO,Schneider Electric Infrastructure Ltd
NAGAROIL.BO,Nagarjuna Oil Refinery Ltd
OLPCL.BO,Olympic Cards Ltd
NBCC.BO,NBCC (India) Ltd
MTEDUCARE.BO,MT Educare Ltd
HEXATRADEX.BO,Hexa Tradex Ltd
MAXHEIGHTS.BO,Maxheights Infrastructure Ltd
INDBULBBPH.BO,INDBULBBPH
TBZ.BO,Tribhovandas Bhimji Zaveri Ltd
VSSL.BO,Vardhman Special Steels Ltd
UPLBBPH.BO,UPLBBPH
LOOKS.BO,Looks Health Services Ltd
SPECIALITY.BO,Speciality Restaurants Ltd
LKPFINABBPH.BO,LKPFINABBPH
ALCARGOBBPH.BO,ALCARGOBBPH
LYPSAGEMS.BO,Lypsa Gems & Jewellery Ltd
BGPL.BO,Bio Green Papers Ltd
MASL.BO,Max Alert Systems Ltd
ASEEMG.BO,Aseem Global Ltd
VKSPL.BO,VKS Projects Ltd
RTNINDIA.BO,Rattanindia Enterprises Ltd
SAMPANN.BO,Sampann Utpadan India Ltd
JTLIND.BO,JTL Industries Ltd
AMTL.BO,Advance Metering Technology Ltd
NECCLTD.BO,North Eastern Carrying Corporation Ltd
WAAREERTL.BO,Waaree Renewable Technologies Ltd
JUPITERIN.BO,Jupiter Infomedia Ltd
VINAYAKPOL.BO,Vinayak Polycon International Ltd
KANORIABBPH.BO,KANORIABBPH
JOINTECAED.BO,Jointeca Education Solutions Ltd
DUCON.BO,Ducon Infratechnologies Ltd
PROZONER.BO,Prozone Realty Ltd
SRGHFL.BO,SRG Housing Finance Ltd
LAKSHVILAS.BO,Lakshmi Vilas Bank Ltd
COMCL.BO,Comfort Commotrade Ltd
ADITRI.BO,Aditri Industries Ltd
SHANTIGURU.BO,Shanti Guru Industries Ltd
CINEMAXIND.BO,Cinemax India Ltd
BITL.BO,Bronze Infra-Tech Ltd
CASPIAN.BO,Caspian Corporate Services Ltd
AERPACE.BO,Aerpace Industries Ltd
RMCHEM.BO,Ram Minerals and Chemicals Ltd
BCHL.BO,Bhanot Construction & Housing Ltd
VIRTUALG.BO,Virtual Global Education Ltd
ZUARI.BO,Zuari Agro Chemicals Ltd
MASTEKLBBPH.BO,MASTEKLBBPH
STEELXIND.BO,Steel Exchange India Ltd
TRIOMERC.BO,Trio Mercantile & Trading Ltd
TARAJEWELS.BO,Tara Jewels Ltd
FOCUSIRL.BO,Focus Industrial Resources Ltd
CIGNITITEC.BO,Cigniti Technologies Ltd
CDG.BO,CDG Petchem Ltd
CARERATING.BO,CARE Ratings Ltd
PCJEWELLER.BO,PC Jeweller Ltd
INDUSTOWER.BO,Indus Towers Ltd
EFPL.BO,Eco Friendly Food Processing Park Ltd
GRADBBPH.BO,GRADBBPH
COVIDH.BO,Covidh Technologies Ltd
EBFL.BO,Esteem Bio Organic Food Processing Ltd
VMART.BO,V-Mart Retail Ltd
KRBLBBPH.BO,KRBLBBPH
NIBE.BO,NIBE Ltd
SRDL.BO,Sunstar Realty Development Ltd
CNEL.BO,Channel Nine Entertainment Ltd
MUKTA.BO,Mukta Agriculture Ltd
MYSTICELE.BO,Mystic Electronics Ltd
HPCBL.BO,HPC Biosciences Ltd
PANAMABBPH.BO,PANAMABBPH
COMFINCAP.BO,Comfort Fincap Ltd
SBISENSEX.BO,SBI Mutual Fund - SBI Sensex ETF
BMAL.BO,Bothra Metals & Alloys Ltd
SHRIDINBBPH.BO,SHRIDINBBPH
REPCOHOME.BO,Repco Home Finance Ltd
LAKHOTIA.BO,Lakhotia Polyesters (India) Ltd
GCMSECU.BO,GCM Securities Ltd
NIBL.BO,NRB Industrial Bearings Ltd
SRL.BO,Samruddhi Realty Ltd
AIFL.BO,Ashapura Intimates Fashion Ltd
DELTALTD.BO,Delta Leasing & Finance Ltd
IDFCEOS1RD.BO,IDFC Equity Opportunity- Series 1- Regular Plan- Dividend
IDFCEOS1DD.BO,IDFC Equity Opportunity- Series 1- Direct Plan- Dividend
RLL.BO,Roselabs Ltd
PRIMECAPM.BO,Prime Capital Market Ltd
KIFS.BO,KIFS Financial Services Ltd
ZENTECHBBPH.BO,ZENTECHBBPH
MAHSEAMBBPH.BO,MAHSEAMBBPH
AVANTBBPH.BO,AVANTBBPH
SMSPHABBPH.BO,SMSPHABBPH
SREEL.BO,Sreeleathers Ltd
SHARDAMOTR.BO,Sharda Motor Industries Ltd
BINNYMILLS.BO,Binny Mills Ltd
SVGLOBAL.BO,S V Global Mill Ltd
HTMEDIBBPH.BO,HTMEDIBBPH
SDC.BO,SDC Techmedia Ltd
JUSTDIAL.BO,Just Dial Ltd
OONE.BO,ObjectOne Information Systems Ltd
PAWANSUT.BO,Pawansut Holdings Ltd
IFINSEC.BO,India Finsec Ltd
INFINITBBPH.BO,INFINITBBPH
PENNARBBPH.BO,PENNARBBPH
BRAHMINFRA.BO,Brahmaputra Infrastructure Ltd
EDSL.BO,eDynamics Solutions Ltd
SPICEMBBPH.BO,SPICEMBBPH
AMPVOLTS.BO,Ampvolts Ltd
MOTILALBBPH.BO,MOTILALBBPH
KHOOBSURAT.BO,Khoobsurat Ltd
ORIENTCEM.BO,Orient Cement Ltd
ABFRL.BO,Aditya Birla Fashion and Retail Ltd
CGPOWERBBPH.BO,CGPOWERBBPH
SAMMAANCAP.BO,Sammaan Capital Ltd
APTECHBBPH.BO,APTECHBBPH
MMLF.BO,Money Masters Leasing & Finance Ltd
ALSL.BO,Alacrity Securities Ltd
GCMCOMM.BO,GCM Commodity & Derivatives Ltd
ESSENTIA.BO,Integra Essentia Ltd
ECLERXBBPH.BO,ECLERXBBPH
JULIEN.BO,Julien Agro Infratech Ltd
GESHIPBBPH.BO,GESHIPBBPH
VKJINFRA.BO,VKJ Infradevelopers Ltd
JBFINDBBPH.BO,JBFINDBBPH
NITINBBPH.BO,NITINBBPH
KUSHAL.BO,Kushal Ltd
TIGERLOGS.BO,Tiger Logistics (India) Ltd
JSPLBBPH.BO,JSPLBBPH
RJBIOTECH.BO,R J Bio-Tech Ltd
ATWL.BO,Ace Tours Worldwide Ltd
JK AGRI.BO,JK Agri Genetics Ltd
FLFL.BO,Future Lifestyle Fashions Ltd
NOVELIX.BO,Novelix Pharmaceuticals Ltd
GRFIBREBBPH.BO,GRFIBREBBPH
SKFL.BO,Satkar Finlease Ltd
NEWEVER.BO,Newever Trade Wings Ltd
PVVINFRA.BO,PVV Infra Ltd
SFCL.BO,Star Ferro and Cement Ltd
SUBHTEX.BO,Subh Tex (India) Ltd
VCU.BO,VCU Data Management Ltd
INDRENEW.BO,IND Renewable Energy Ltd
SRGSFL.BO,S R G Securities Finance Ltd
ACFSL.BO,Amrapali Capital and Finance Services Ltd
STELLAR.BO,Stellar Capital Services Ltd
FIVEXTRADE.BO,Five X Tradecom Ltd
AIMLBBPH.BO,AIMLBBPH
JPOLYINVST.BO,Jindal Poly Investment and Finance Company Ltd
SRSFIN.BO,SRS Finance Ltd
BOSTONTEK.BO,Boston Teknowsys (India) Ltd
YURANUS.BO,Yuranus Infrastructure Ltd
INTELSOFT.BO,Integra Telecommunication & Software Ltd
MOM100.BO,Motilal Oswal Mutual Fund - Motilal Oswal MOSt Shares Midcap 100 ETF- Growth option
BPCAP.BO,B. P. Capital Ltd
CPL.BO,Captain Polyplast Ltd
RCLEDPLADD.BO,Reliance Mutual Fund - Reliance Close Ended Equity Fund- Series A - Direct Plan Dvdnd Pyot Optin
RCLEDPLADG.BO,Reliance Mutual Fund- Reliance Close Ended Equity Fund- Series A - Direct Plan  Growth Option
RCLENDPLAD.BO,Reliance Mutual Fund- Reliance Close Ended Equity Fund- Series A - Dividend Payout Option
RCLENDPLAG.BO,Reliance Mutual Fund- Reliance Close Ended Equity Fund- Series A - Growth Option
NIFTYIETF.BO,ICICI Prudential Nifty 50 ETF
NIF100IETF.BO,ICICI Prudential Nifty 100 ETF
SATYA.BO,Satya Miners & Transporters Ltd
ARNOLD.BO,Arnold Holdings Ltd
MODEX.BO,Modex International Securities Ltd
TENTIMETAL.BO,Tentiwala Metal Products Ltd
RCLEDPLBDD.BO,Reliance Mutual Fund - Reliance Close Ended Equity Fund- Series B - Direct Plan Dividend Payo O
RCLEDPLBDG.BO,Reliance Mutual Fund- Reliance Close Ended Equity Fund- Series B - Direct Plan Growth Option
RCLENDPLBD.BO,Reliance Mutual Fund- Reliance Close Ended Equity Fund- Series B - Dividend Payout Option
RCLENDPLBG.BO,Reliance Mutual Fund- Reliance Close Ended Equity Fund- Series B - Growth Option
SUNLOC.BO,Sunil Healthcare Ltd
RCIIND.BO,RCI Industries & Technologies Ltd
SUYOG.BO,Suyog Telematics Ltd
CAIRNBBPH.BO,CAIRNBBPH
NATHBIOGEN.BO,Nath Bio-Genes (India) Ltd
AGRITECH.BO,Agri- Tech (India) Ltd
ISGECBBPH.BO,ISGECBBPH
CHEMTECH.BO,Chemtech Industrial Valves Ltd
GAILBBPH.BO,GAILBBPH
TAAZAINT.BO,Taaza International Ltd
IDFCEOS2RD.BO,IDFC Mutual Fund- IDFC Equity Opportunity- Series 2 - Regular Plan- Dividend
IDFCEOS2DD.BO,IDFC Mutual Fund - IDFC Equity Opportunity- Series 2 - Direct Plan- Dividend
NIF100BEES.BO,NIPPON INDIA ETF NIFTY 100
RELNIFTY.BO,Reliance Mutual Fund - R Shares Nifty ETF
AGRIMONY.BO,Agrimony Commodities Ltd
VIAANINDUS.BO,Viaan Industries Ltd
DENISCHEM.BO,Denis Chem Lab Ltd
POLYMAC.BO,Polymac Thermoformers Ltd
UNISHIRE.BO,Unishire Urban Infra Ltd
BSLFEFS1RG.BO,Birla Sun Life Mutual Fund- Birla Sun Life Focused Equity Fund - Series 1 - Regular Plan - Growth
BSLFEFS1RN.BO,Birla Sun Life Mutual Fund- Birla Sun Life Focused Equity Fund-Series 1-Regular Plan-Divind Payot
BSLFEFS1DG.BO,Birla Sun Life Mutual Fund - Birla Sun Life Focused Equity Fund - Series 1 - Direct Plan - Growth
BSLFEFS1DN.BO,Birla Sun Life Mutual Fund - Birla Sun Life Focused Equity Fund-Series 1-Direct Plan-Dividnd Payot
IPRU2262.BO,ICICI Prudential Mutual Fund - ICICI Prudential Equity Savings Fund Series 1-Reglr Plan Cumulative
IPRU2263.BO,ICICI Prudential Mutual Fund - ICICI Prudential Equity Savings Fund Series 1-Regular Plan Dividend
IPRU8462.BO,ICICI Prudential Mutual Fund - ICICI Prudential Equity Savings Fund Series 1-Direct Plan Cumulative
IPRU8463.BO,ICICI Prudential Mutual Fund - ICICI Prudential Equity Savings Fund Series 1 - Direct Plan Dividend
DCMSLBBPH.BO,DCMSLBBPH
LAXMIPATI.BO,Laxmipati Engineering Works Ltd
IDFCEOS3RD.BO,IDFC Mutual Fund- IDFC Equity Opportunity- Series 3 - Regular Plan- Dividend
IDFCEOS3DD.BO,IDFC Mutual Fund - IDFC Equity Opportunity- Series 3 - Direct Plan- Dividend
INDOBCLBBPH.BO,INDOBCLBBPH
ETT.BO,ETT Ltd
NIFTY1.BO,Kotak Nifty 50 ETF
HANSUGAR.BO,Shree Hanuman Sugar & Industries Ltd
KIRANVYPAR.BO,Kiran Vyapar Ltd
BCP.BO,B.C. Power Controls Ltd
KCSL.BO,Karnimata Cold Storage Ltd
RACE.BO,Race Eco Chain Ltd
MANGIND.BO,Mangalam Industrial Finance Ltd
VIJIFIN.BO,Viji Finance Ltd
NEGOTIUM.BO,Negotium International Trade Ltd
PHOENIXTN.BO,Phoenix Township Ltd
RAUNAQ.BO,Raunaq International Ltd
HRGESSRG2.BO,HDFC Mutual Fund - HDFC Rajiv Gandhi Equity Savings Scheme - Series 2 - Regular Plan - G O
HRGESSRD2.BO,HDFC Mutual Fund - HDFC Rajiv Gandhi Equity Savings Scheme - Series 2-Regular Plan- D P O
HRGESSDG2.BO,HDFC Mutual Fund - HDFC Rajiv Gandhi Equity Savings Scheme - Series 2- Direct Plan- Growth O
HRGESSDD2.BO,HDFC Mutual Fund - HDFC Rajiv Gandhi Equity Savings Scheme - Series 2- Direct Plan- Dvdd P O
IPRU2296.BO,ICICI Prudential Value Fund Series 3(Regular Dividend Option)
IPRU8496.BO,ICICI Prudential Value Fund Series 3(Direct Dividend Option)
SKP.BO,Shri Krishna Prasadam Ltd
LICNFR2GP.BO,LIC MF RGESS Fund Series- 2 Regular Plan Growth Option
LICNFR2DP.BO,LIC MF RGESS Fund Series 2 Regular Plan Dividend Payout Option
LICNFR2G1.BO,LIC MF RGESS Fund Series 2 Direct Plan Growth Option
LICNFR2D1.BO,LIC MF RGESS Fund Series 2 Direct Plan Dividend Payout Option
INFRONICS.BO,Infronics Systems Ltd
BSLFEFS2RG.BO,Birla Sun Life Mutual Fund- Birla Sun Life Focused Equity Fund - Series 2 - Regular Plan - Growth
BSLFEFS2RN.BO,Birla Sun Life Mutual Fund- Birla Sun Life Focused Equity Fund - Series 2 - Regular Plan - D P
BSLFEFS2DG.BO,Birla Sun Life Mutual Fund-  Birla Sun Life Focused Equity Fund - Series 2 - Direct Plan - Growth
BSLFEFS2DN.BO,Birla Sun Life Mutual Fund-  Birla Sun Life Focused Equity Fund - Series 2 - Direct Plan-Dividend P
OBIL.BO,Oceanaa Biotek Industries Ltd
CPSEETF.BO,CPSE ETF
HARIAAPL.BO,Haria Apparels Ltd
VASUPRADA.BO,Shri Vasuprada Plantations Ltd
RNBDENIMS.BO,R&B Denims Ltd
WOMENSNEXT.BO,Womens Next Loungeries Ltd
GOLDLINE.BO,Gold Line International Finvest Ltd
SHARPINV.BO,Sharp Investments Ltd
EFSLBBPH.BO,EFSLBBPH
WONDERLA.BO,Wonderla Holidays Ltd
RESPONSINF.BO,Response Informatics Ltd
TARANG.BO,Tarang Projects & Consultant Ltd
KAUSAMBI.BO,Kausambi Vanijya Ltd
IPRU2365.BO,ICICI Prudential Value Fund Series 4 (Regular Cummulative Option).
IPRU2366.BO,ICICI Prudential Value Fund Series 4(Regular Dividend Option)
IPRU8565.BO,ICICI Prudential Value Fund Series 4(Direct Cummulative Option)
IPRU8566.BO,ICICI Prudential Value Fund Series 4(Direct Dividend Option)
GCMCAPI.BO,GCM Capital Advisors Ltd
AFEL.BO,A.F. Enterprises Ltd
BCPAL.BO,Birdhi Chand Pannalal Agencies Ltd
INCREDIBLE.BO,Incredible Industries Ltd
WESTLEIRES.BO,West Leisure Resorts Ltd
NAM.BO,Nam Securities Ltd
MMSINFRA.BO,MMS Infrastructure Ltd
METSL.BO,Maestros Electronics & Telecommunications Systems Ltd
SPS.BO,SPS Finquest Ltd
RCLEDIIADD.BO,Reliance Close Ended Equity Fund II- Series A - Direct Plan Dividend Payout Option
RCLEDIIADG.BO,Reliance Close Ended Equity Fund II- Series A - Direct Plan Growth Option
RCLENDIIAD.BO,Reliance Close Ended Equity Fund II- Series A - Dividend Payout Option
RCLENDIIAG.BO,Reliance Close Ended Equity Fund II- Series A - Growth Option
JACKSON.BO,Jackson Investments Ltd
ALPSMOTOR.BO,Alps Motor Finance Ltd
DIVINUS.BO,Divinus Fabrics Ltd
CCFCL.BO,Classic Global Finance & Capital Ltd
MONEYBOXX.BO,Moneyboxx Finance Ltd
DHYANAFIN.BO,Dhyana Finstock Ltd
WORTH.BO,Worth Investment & Trading Co Ltd
QUASAR.BO,Quasar India Ltd
TPROJECT.BO,Thirani Projects Ltd
AMARSEC.BO,Amarnath Securities Ltd
CTL.BO,Capital Trade Links Ltd
TARINI.BO,Tarini International Ltd
IPRU2401.BO,ICICI Prudential Growth Fund Series 1 (Regular Dividend Payout)
IPRU8601.BO,ICICI Prudential Growth Fund Series 1 (Direct Dividend Option)
MARICOKAYEL.BO,Marico Kaya Enterprises Ltd
CML.BO,Creative Merchants Ltd
SBL.BO,Shivamshree Businesses Ltd
YAANENT.BO,Yaan Enterprises Ltd
OMANSH.BO,Omansh Enterprises Ltd
WELSPUNENT.BO,Welspun    Enterprises Ltd
ANVRDHI.BO,Annvrridhhi  Ventures Ltd
RLFL.BO,Ramchandra Leasing & Finance Ltd
INCEPTUM.BO,Inceptum Enterprises Ltd
GOLDCOINHF.BO,Gold Coin Health Foods Ltd
BRPL.BO,Bansal Roofing Products Ltd
OASIS.BO,Oasis Tradelink Ltd
VITANAGRO.BO,Vitan Agro Industries Ltd
ARMAN.BO,Arman Holdings Ltd
SAIBABA.BO,Sai Baba Investment And Commercial Enterprises Ltd
SKIPPER.BO,Skipper Ltd
ADARSH.BO,Adarsh Mercantile Ltd
JAMESWARREN.BO,James Warren Tea Ltd
VISTARAMAR.BO,Vistar Amar Ltd
APOLLOTRI.BO,Apollo Tricoat Tubes Ltd
GULFOILLUB.BO,Gulf Oil Lubricants India Ltd
FRUTION.BO,Fruition Venture Ltd
TRIVENIENT.BO,Triveni Enterprises Ltd
ACHAL.BO,Achal Investments Ltd
SOLISMAR.BO,Solis Marketing Ltd
BHANDERI.BO,Bhanderi Infracon Ltd
IPRU2428.BO,ICICI Prudential Growth Fund Series 2 (Regular Plan - Dividend Payout Option)
IPRU8628.BO,ICICI Prudential Growth Fund Series 2 (Direct Plan - Dividend Payout Option)
ZINEMA.BO,Zinema Media And Entertainment Ltd
NCAPBULADD.BO,NIPPON INDIA MUTUAL FUND  - NIPPON INDIA MUTUAL FUND  Capital Builder Fund- Series A - Direct Plan Dividend Payout Optio
NCAPBULADG.BO,NIPPON INDIA MUTUAL FUND - NIPPON INDIA MUTUAL FUND  Capital Builder Fund- Series A - Direct Plan Growth Option
NCAPBUILAD.BO,NIPPON INDIA MUTUAL FUND - NIPPON INDIA MUTUAL FUND  Capital Builder Fund- Series A - Dividend Payout Option
NCAPBUILAG.BO,NIPPON INDIA MUTUAL FUND - NIPPON INDIA MUTUAL FUND  Capital Builder Fund- Series A - Growth Option
GLOSTER.BO,Gloster Ltd
CEMAINFRA.BO,Cemantic Infra-Tech Ltd
TTIENT.BO,TTI Enterprise Ltd
VISHAL.BO,Vishal Fabrics Ltd
TOYAMSL.BO,Toyam Sports Ltd
DWITIYA.BO,Dwitiya Trading Ltd
GAJANANSEC.BO,Gajanan Securities Services Ltd
UNISON.BO,Unison Metals Ltd
RTFL.BO,Real Touch Finance Ltd
NCAPBULBDD.BO,NIPPON INDIA MUTUAL FUND  - NIPPON INDIA MUTUAL FUND  Capital Builder Fund- Series B - Direct Dvdnd Plan- Dvdnd Pyot
NCAPBULBDG.BO,NIPPON INDIA MUTUAL FUND - NIPPON INDIA MUTUAL FUND  Capital Builder Fund- Series B - Direct Growth Plan- Growth Option
NCAPBUILBD.BO,NIPPON INDIA MUTUAL FUND - NIPPON INDIA MUTUAL FUND  Capital Builder Fund- Series B - Dividend Plan-Dividend Pyut Otin
NCAPBUILBG.BO,NIPPON INDIA MUTUAL FUND - NIPPON INDIA MUTUAL FUND  Capital Builder Fund- Series B - Growth Plan- Growth Option
VRL.BO,Vasundhara Rasayans Ltd
SNOWMAN.BO,Snowman Logistics Ltd
QGO.BO,QGO Finance Ltd
PURSHOTTAM.BO,Purshottam Investofin Ltd
IPRU2487.BO,ICICI Prudential Value Fund Series 5 (Regular Cumulative Option)
IPRU2488.BO,ICICI Prudential Value Fund Series 5 (Regular Dividend Option)
IPRU8687.BO,ICICI Prudential Value Fund Series 5 (Direct Cumulative Option)
IPRU8688.BO,ICICI Prudential Value Fund Series 5 (Direct Dividend Option)
HCLTD.BO,Hind Commerce Ltd
EML.BO,Ejecta Marketing Ltd
SHARDACROP.BO,Sharda Cropchem Ltd
SIROHIA.BO,Sirohia & Sons Ltd
MIIL.BO,Meghna Infracon Infrastructure Ltd
CITYONLINE.BO,City Online Services Ltd
SENSEXBEES.BO,Nippon India ETF S&P BSE Sensex
ENCASH.BO,Encash Entertainment Ltd
SHEMAROO.BO,Shemaroo Entertainment Ltd
PARTANI.BO,Partani Appliances Ltd
ULTRACAB.BO,Ultracab (India) Ltd
RCCL.BO,Rajasthan Cylinders & Containers Ltd
ETIL.BO,Econo Trade (India) Ltd
SEOFIGR.BO,SBI Equity Opportunities Fund - Series I- Regular Plan -Growth
SEOFIDR.BO,SBI Equity Opportunities Fund - Series I-Regular Plan- Dividend Payout
SEOFIGD.BO,SBI Equity Opportunities Fund - Series I-Direct Plan -Growth
SEOFIDD.BO,SBI Equity Opportunities Fund - Series I-Direct Plan - Dividend Payout
ATISHAY.BO,Atishay Ltd
SANGAMFIN.BO,Sangam Finserv Ltd
DHABRIYA.BO,Dhabriya Polywood Ltd
ARYACAPM.BO,Aryaman Capital Markets Ltd
RCAPBULCDD.BO,Reliance Capital Builder Fund- Series C - Direct Dividend Plan- Dividend Payout Option
RCAPBULCDG.BO,Reliance Capital Builder Fund- Series C - Direct Growth Plan- Growth Option
RCAPBUILCD.BO,Reliance Mutual Fund- Reliance Capital Builder Fund- Series C - Dividend Plan-Dividend P O
RCAPBUILCG.BO,Reliance Capital Builder Fund- Series C - Growth Plan- Growth Option
IPRU2511.BO,ICICI Prudential Growth Fund Series 3 (Regular Plan - Dividend Payout Option)
IPRU8711.BO,ICICI Prudential Growth Fund Series 3 (Direct Plan - Dividend Payout Option)
PDSL.BO,PDS Ltd
HANMAN.BO,Hanman Fit Ltd
VGCL.BO,Vibrant Global Capital Ltd
STARLIT.BO,Starlit Power Systems Ltd
CEINSYSTECH.BO,Ceinsys Tech Ltd
PANABYTE.BO,Panabyte Technologies Ltd
MUDUNURU.BO,Mudunuru Ltd
BSLFEFS3RG.BO,Aditya Birla Sun Life FOCUSED EQUITY FUND - SERIES 3 REGULAR GROWTH
BSLFEFS3RN.BO,Aditya Birla Sun Life FOCUSED EQUITY FUND - SERIES 3 REGULAR DIVIDEND
BSLFEFS3DG.BO,Aditya Birla Sun Life FOCUSED EQUITY FUND - SERIES 3 DIRECT GROWTH
BSLFEFS3DN.BO,Aditya Birla Sun Life FOCUSED EQUITY FUND - SERIES 3 DIRECT DIVIDEND
IPRU2530.BO,ICICI Prudential Growth Fund Series 4 (Regular Plan - Dividend Payout Option)
IPRU8730.BO,ICICI Prudential Growth Fund Series 4 (Direct Plan - Dividend Payout Option)
JSHL.BO,JLA Infraville Shoppers Ltd
CRANEINFRA.BO,Crane Infrastructure Ltd
PINCON.BO,Pincon Spirit Ltd
NIYOGIN.BO,Niyogin Fintech Ltd
ASIACAP.BO,Asia Capital Ltd
KALYANCAP.BO,Kalyan Capitals Ltd
CIL.BO,Citizen Infoline Ltd
GBFL.BO,Goenka Business & Finance Ltd
GILADAFINS.BO,Gilada Finance & Investments Ltd
BUDGE BUDGE.BO,Budge Budge Company Ltd
TEJINFOWAY.BO,Tej Infoways Ltd
JETSOLAR.BO,Jet Solar Ltd
SAPPL.BO,Shree Ajit Pulp And Paper Ltd
D3YRCEERG.BO,DSP BlackRock 3 Years Close Ended Equity Fund-Regular- Growth
D3YRCEERDP.BO,DSP BlackRock 3 Years Close Ended Equity Fund-Regular- Dividend Payout
D3YRCEEDG.BO,DSP BlackRock 3 Years Close Ended Equity Fund- Direct Plan - Growth
D3YRCEEDDP.BO,DSP BlackRock 3 Years Close Ended Equity Fund-Direct Plan - Dividend Payout
AANCHALISP.BO,Aanchal Ispat Ltd
CAPPIPES.BO,Captain Pipes Ltd
SEOFIIGR.BO,SBI Equity Opportunities Fund - Series II-Regular Plan -Growth
SEOFIIDR.BO,SBI Equity Opportunities Fund - Series II-Regular Plan- Dividend Payout
SEOFIIGD.BO,SBI Equity Opportunities Fund - Series II-Direct Plan -Growth
SEOFIIDD.BO,SBI Equity Opportunities Fund - Series II-Direct Plan - Dividend Payout
KAIZENAGRO.BO,Kaizen Agro Infrabuild Ltd
JMJFIN.BO,JMJ Fintech Ltd
INTELLECT.BO,Intellect Design Arena Ltd
MONTECARLO.BO,Monte Carlo Fashions Ltd
JSTL.BO,Jeevan Scientific Technology Ltd
ICL.BO,Indo Cotspin Ltd
BSLFEFS4RG.BO,Aditya Birla Sun Life FOCUSED EQUITY FUND - SERIES 4 REGULAR GROWTH
BSLFEFS4RN.BO,Aditya Birla Sun Life FOCUSED EQUITY FUND - SERIES 4 REGULAR DIVIDEND
BSLFEFS4DG.BO,Aditya Birla Sun Life FOCUSED EQUITY FUND - SERIES 4 DIRECT GROWTH
BSLFEFS4DN.BO,Aditya Birla Sun Life FOCUSED EQUITY FUND - SERIES 4 DIRECT DIVIDEND
RCBFIIADD.BO,Reliance Capital Builder Fund II - Series A - Direct Plan Dividend Payout Option
RCBFIIADG.BO,Reliance Capital Builder Fund II - Series A - Direct Plan Growth Option
RCBFIIAD.BO,Reliance Capital Builder Fund II - Series A -  Dividend Payout Option
RCBFIIAG.BO,Reliance Capital Builder Fund II - Series A -  Growth Option
SCC.BO,Scintilla Commercial & Credit Ltd
CAMSONBIO.BO,Camson Bio Technologies Ltd
RSYSTEMBBPH.BO,RSYSTEMBBPH
PANAFIC.BO,Panafic Industrials Ltd
AMSONS.BO,Amsons Apparels Ltd
MYMONEY.BO,My Money Securities Ltd
AMARNATH.BO,Sri Amarnath Finance Ltd
CSL.BO,Continental Securities Ltd
WINYCOMM.BO,Winy Commercial & Fiscal Services Ltd
NEXUSSURGL.BO,Nexus Surgical And Medicare Ltd
SELLWIN.BO,Sellwin Traders Ltd
STSERV.BO,S T Services Ltd
GALADAFIN.BO,Galada Finance Ltd
EMERALD.BO,Emerald Finance Ltd
MKEXIM.BO,M.K. Exim (India) Ltd
MCLOUD.BO,Magellanic Cloud Ltd
IPRU2586.BO,ICICI Prudential Growth Fund Series 6 (Regular Plan - Dividend Payout)
IPRU8788.BO,ICICI Prudential Growth Fund Series 6 (Direct Plan - Dividend Payout)
OCTAL.BO,Octal Credit Capital Ltd
MIHIKA.BO,Mihika Industries Ltd
KANCHI.BO,Kanchi Karpooram Ltd
SHRINIWAS.BO,Shri Niwas Leasing And Finance Ltd
DTIL.BO,Dhunseri Tea & Industries Ltd
VANICOM.BO,Vani Commercials Ltd
SKILVEN.BO,Skyline Ventures India Ltd
VINCOFE.BO,Vintage Coffee And Beverages Ltd
RAFL.BO,Raghuvansh Agrofarms Ltd
COSYN.BO,COSYN Ltd
SOFCOM.BO,Sofcom Systems Ltd
IPRU2591.BO,ICICI Prudential Growth Fund Series 7 (Regular Plan - Dividend Payout)
IPRU8793.BO,ICICI Prudential Growth Fund Series 7 (Direct Plan - Dividend Payout)
NAPL.BO,Naturite Agro Products Ltd
KARNAVATI.BO,Karnavati Finance Ltd
ABHIFIN.BO,Abhishek Finlease Ltd
IPRU2598.BO,ICICI Prudential Growth Fund Series 8 (Regular Plan - Dividend Payout)
IPRU8800.BO,ICICI Prudential Growth Fund Series 8 (Direct Plan - Dividend Payout)
RCBFIIBDD.BO,Reliance Capital Builder Fund II - Series B - Direct Plan Dividend Payout Option
RCBFIIBDG.BO,Reliance Capital Builder Fund II - Series B - Direct Plan Growth Option
RCBFIIBD.BO,Reliance Capital Builder Fund II - Series B -  Dividend Payout Option
RCBFIIBG.BO,Reliance Capital Builder Fund II - Series B -  Growth Option
MERCANTILE.BO,Mercantile Ventures Ltd
SONAL.BO,Sonal Mercantile Ltd
ALFL.BO,Abhinav Leasing & Finance Ltd
LICNFR3G.BO,LIC MF RGESS Fund Series- 3 -Regular Plan- Growth Option
LICNFR3D.BO,LIC MF RGESS Fund Series -3- Regular Plan -Dividend Payout Option
LICNFR3G1.BO,LIC MF RGESS Fund Series -3 -Direct Plan -Growth Option
LICNFR3D1.BO,LIC MF RGESS Fund Series- 3 -Direct Plan -Dividend Payout Option
GENUSPAPER.BO,Genus Paper & Boards Ltd
MINDACORP.BO,Minda Corporation Ltd
PACT.BO,Pact Industries Ltd
MERCURYLAB.BO,Mercury Laboratories Ltd
CONCORD.BO,Concord Drugs Ltd
WARDINMOBI.BO,Wardwizard Innovations & Mobility Ltd
SHREESEC.BO,Shree Securities Ltd
GREENLAM.BO,Greenlam Industries Ltd
HFEFDG.BO,HDFC Focused Equity Fund Plan A - Direct Option- Growth Option
HFEFDD.BO,HDFC Focused Equity Fund Plan A - Direct Option- Dividend Option
HFEFRG.BO,HDFC Focused Equity Fund Plan A-Regular Option- Growth Option
HFEFRD.BO,HDFC Focused Equity Fund Plan A-Regular Option - Dividend Option
TALBROSENG.BO,Talbros Engineering Ltd
SAPL.BO,SAR Auto Products Ltd
PUROHITCON.BO,Purohit Construction Ltd
JAYATMA.BO,Jayatma Enterprises Ltd
PTCIL.BO,PTC Industries Ltd
PINCONLIFE.BO,Pincon Lifestyle Ltd
TIRUFIN.BO,Tirupati Fincorp Ltd
GBLIL.BO,GBL Industries Ltd
SMADL.BO,Shri Mahalaxmi Agricultural Development Ltd
CHENFERRO.BO,Chennai Ferrous Industries Ltd
MEGRISOFT.BO,Megri Soft Ltd
GITARENEW.BO,Gita Renewable Energy Ltd
KALPACOMME.BO,Kalpa Commercial Ltd
ORTEL.BO,Ortel Communications Ltd
NEIL.BO,Neil Industries Ltd
STARHFL.BO,Star Housing Finance Ltd
BEEKAY.BO,Beekay Steel Industries Ltd
SSPNFIN.BO,SSPN Finance Ltd
SETFBSE100.BO,SBI Mutual Fund - SBI - ETF BSE 100
FRASER.BO,Fraser and Company Ltd
TTIL.BO,Tirupati Tyres Ltd
GANVERSE.BO,Ganesha Ecoverse Ltd
AGIIL.BO,AGI Infra Ltd
BKMINDST.BO,BKM Industries Ltd
MANAKSTEEL.BO,Manaksia Steels Ltd
MANAKALUCO.BO,Manaksia Aluminium Company Ltd
MANAKCOAT.BO,Manaksia Coated Metals & Industries Ltd
BSLFEFS5RG.BO,Aditya Birla Sun Life FOCUSED EQUITY FUND - SERIES 5 REGULAR GROWTH
BSLFEFS5RN.BO,Aditya Birla Sun Life FOCUSED EQUITY FUND - SERIES 5 REGULAR DIVIDEND
BSLFEFS5DG.BO,Aditya Birla Sun Life FOCUSED EQUITY FUND - SERIES 5 DIRECT GROWTH
BSLFEFS5DN.BO,Aditya Birla Sun Life FOCUSED EQUITY FUND - SERIES 5 DIRECT DIVIDEND
IMAGICAA.BO,Imagicaaworld Entertainment Ltd
RCBFIICDD.BO,Reliance Capital Builder Fund II - Series C - Direct Plan Dividend Payout Option
RCBFIICDG.BO,Reliance Capital Builder Fund II - Series C - Direct Plan Growth Option
RCBFIICD.BO,Reliance Capital Builder Fund II - Series C -  Dividend Payout Option
RCBFIICG.BO,Reliance Capital Builder Fund II - Series C -  Growth Option
INOXWIND.BO,Inox Wind Ltd
IPRU2619.BO,ICICI Prudential India Recovery Fund - Series 1 (Regular Plan - Dividend Payout Option)
IPRU8821.BO,ICICI Prudential India Recovery Fund - Series 1 (Direct Plan - Dividend Payout Option)
RAJPUTANA.BO,Rajputana Investment and Finance Ltd
CITL.BO,Consecutive Investment & Trading Company Ltd
IPRU8841.BO,ICICI Prudential Value Fund Series 6- Direct Plan Cumulative Option
IPRU8842.BO,ICICI Prudential Value Fund Series 6- Direct Plan Dividend Option
IPRU2639.BO,ICICI Prudential Value Fund Series 6- Regular Plan Cumulative Option
IPRU2640.BO,ICICI Prudential Value Fund Series 6- Regular Plan Dividend Option
AANANDALAK.BO,Aananda Lakshmi Spinning Mills Ltd
URSUGAR.BO,UR Sugar Industries Ltd
FILTRA.BO,Filtra Consultants and Engineers Ltd
ATHCON.BO,Athena Constructions Ltd
IPRU2626.BO,ICICI Prudential India Recovery Fund - Series 2 (Regular Plan - Dividend Payout Option)
IPRU8828.BO,ICICI Prudential India Recovery Fund - Series 2 (Direct Plan - Dividend Payout Option)
NORTHLINK.BO,Northlink Fiscal and Capital Services Ltd
SHESHAINDS.BO,Sheshadri Industries Ltd
SAB.BO,SAB Industries Ltd
PML.BO,Paul Merchants Ltd
HINDSECR.BO,Hind Securities & Credits Ltd
ALAN SCOTT.BO,Alan Scott Industries Ltd
OPCHAINS.BO,O. P. Chains Ltd
SUJALA.BO,Sujala Trading & Holdings Ltd
VRLLOG.BO,VRL Logistics Ltd
JAINMARMO.BO,Jain Marmo Industries Ltd
BFFL.BO,Bangalore Fort Farms Ltd
PALCO.BO,Palco Metals Ltd
BODHTREE.BO,Bodhtree Consulting Ltd
VBIND.BO,V B Industries Ltd
SARVOTTAM.BO,Sarvottam Finvest Ltd
LAYLA.BO,Layla Textile and Traders Ltd
MEP.BO,MEP Infrastructure Developers Ltd
CLLIMITED.BO,Crescent Leasing Ltd
WARDWIZFBL.BO,Wardwizard Foods and Beverages Ltd
KTKKIGFG.BO,Kotak Mahindra Mutual Fund - Kotak India Growth Fund Series I Non Direct Plan- Growth option
HFEFBRG.BO,HDFC Focused Equity Fund Plan B - Regular Option- Growth
KTKKIGFD.BO,Kotak Mahindra Mutual Fund - Kotak India Growth Fund Series I Non Direct Plan- Dividend option
KTKKIGFGD.BO,Kotak Mahindra Mutual Fund - Kotak India Growth Fund Series I Direct Plan- Growth option
KTKKIGFDD.BO,Kotak Mahindra Mutual Fund - Kotak India Growth Fund Series I Direct Plan- Dividend Option
HFEFBRD.BO,HDFC Focused Equity Fund Plan B - Regular Option- Dividend Payout
HFEFBDG.BO,HDFC Focused Equity Fund Plan A - Direct Option - Growth
HFEFBDD.BO,HDFC Focused Equity Fund Plan A- Direct Option - Dividend Payout
UFO.BO,UFO Moviez India Ltd
NIFTYEES.BO,Edelweiss Mutual Fund - Edelweiss Exchange Traded Scheme - Nifty ( Nifty EES )
PANTH.BO,Panth Infinity Ltd
SHIVALIK.BO,Shivalik Rasayan Ltd
ICSL.BO,Integrated Capital Services Ltd
PNCINFRA.BO,PNC Infratech Ltd
ARFIN.BO,Arfin India Ltd
VLL.BO,Virat Leasing Ltd
SPISYS.BO,Spisys Ltd
FUNNY.BO,Funny Software Ltd
HELPAGE.BO,Helpage Finlease Ltd
INDRAIND.BO,Indra Industries Ltd
HAWAENG.BO,Hawa Engineers Ltd
AIIL.BO,Authum Investment & Infrastructure Ltd
PELTD.BO,Positive Electronics Ltd
IPRU2670.BO,ICICI Prudential  Value Fund Series 7
IPRU8872.BO,ICICI Prudential Value Fund Series 7
ADHBHUTIN.BO,Adhbhut Infrastructure Ltd
DFL.BO,Decillion Finance Ltd
POEL.BO,POCL Enterprises Ltd
AEL.BO,Amba Enterprises Ltd
DEVHARI.BO,Devhari Exports (India) Ltd
CAPFIN.BO,Capfin India Ltd
SGFIN.BO,SG Finserve Ltd
NOBPOL.BO,Noble Polymers Ltd
SATIA.BO,Satia Industries Ltd
RCBFIIIAX.BO,Reliance Capital Builder Fund III Series A - Direct Plan Dividend Payout Option
RCBFIIIAZ.BO,Reliance Capital Builder Fund III Series A- Direct Plan Growth Option
RCBFIIIAD.BO,Reliance Capital Builder Fund III Series A- Dividend Plan Dividend Payout
RCBFIIIAG.BO,Reliance Capital Builder Fund III Series A- Growth Plan - Growth
GVBL.BO,Genomic Valley Biotech Ltd
MANPASAND.BO,Manpasand Beverages Ltd
GARMNTMNTR.BO,Garment Mantra Lifestyle Ltd
SRESTHA.BO,Srestha Finvest Ltd
SAUMYA.BO,Saumya Consultants Ltd
MUL.BO,Mauria Udyog Ltd
MISHKA.BO,Mishka Exim Ltd
SPORTKING.BO,Sportking India Ltd
GROWINGTON.BO,Growington Ventures India Ltd
AMBITION.BO,Ambition Mica Ltd
HCKKVENTURE.BO,HCKK Ventures Ltd
JIYAECO.BO,Jiya Eco-Products Ltd
RUDRA.BO,Rudra Global Infra Products Ltd
LOYAL.BO,Loyal Equipments Ltd
GGPL.BO,Gala Global Products Ltd
MRSS.BO,Majestic Research Services and Solutions Ltd
CHEMIESYNT.BO,Chemiesynth (Vapi) Ltd
GPL.BO,Grandeur Products Ltd
JEL.BO,Jyotirgamya Enterprises Ltd
BALKRISHNA.BO,Balkrishna Paper Mills Ltd
SHYAMCENT.BO,Shyam Century Ferrous Ltd
SURYAINDIA.BO,Surya India Ltd
ADANIENSOL.BO,Adani Energy Solutions Ltd
STARDELTA.BO,Star Delta Transformers Ltd
AMRAFIN.BO,Amrapali Fincap Ltd
CONCRETE.BO,Concrete Credit Ltd
SAMSRITA.BO,Samsrita Labs Ltd
SYNGENE.BO,Syngene International Ltd
PECOS.BO,Pecos Hotels and Pubs Ltd
BLFL.BO,Boston Leasing and Finance Ltd
MSL.BO,Mangalam Seeds Ltd
KAYA.BO,Kaya Ltd
ALSTONE.BO,Alstone Textiles (India) Ltd
SYMBIOX.BO,Symbiox Investment & Trading Company Ltd
IPRU8895.BO,ICICI PRUDENTIAL VALUE FUND SERIES 8 - DIRECT PLAN DIVIDEND OPTION
IPRU2693.BO,ICICI PRUDENTIAL VALUE FUND SERIES 8 - REGULAR PLAN DIVIDEND OPTION
ORTINGLOBE.BO,Ortin Global Ltd
AVI.BO,AVI Polymers Ltd
AURUM.BO,Aurum PropTech Ltd
OSWALGREEN.BO,Oswal Greentech Ltd
VASUDHAGAM.BO,Vasudhagama Enterprises Ltd
AKSPINTEX.BO,A.K. Spintex Ltd
ARVSMART.BO,Arvind SmartSpaces Ltd
POWERMECH.BO,Power Mech Projects Ltd
MINDAFIN.BO,Minda Finance Ltd
CANOPYFIN.BO,Canopy Finance Ltd
RAMASTEEL.BO,Rama Steel Tubes Ltd
THINKINK.BO,Thinkink Picturez Ltd
NFIL.BO,Nishtha Finance and Investment (India) Ltd
UTISENSETF.BO,UTI BSE SENSEX ETF
UTINIFTETF.BO,UTI NIFTY 50 ETF
UNIAUTO.BO,Universal Autofoundry Ltd
IPRU8917.BO,ICICI PRUDENTIAL INDIA RECOVERY FUND SERIES 3 - DIRECT PLAN - CUMULATIVE OPTION
IPRU8910.BO,ICICI PRUDENTIAL INDIA RECOVERY FUND SERIES 3 - DIRECT PLAN - DIVIDEND PAYOUT
IPRU2715.BO,ICICI PRUDENTIAL INDIA RECOVERY FUND SERIES 3 - REGULAR PLAN - CUMULATIVE
IPRU2708.BO,ICICI PRUDENTIAL INDIA RECOVERY FUND SERIES 3 - REGULAR PLAN - DIVIDEND OPTION
VETO.BO,Veto Switchgears and Cables Ltd
NAVKARCORP.BO,Navkar Corporation Ltd
PENPEBS.BO,Pennar Engineered Building Systems Ltd
SHREEPUSHK.BO,Shree Pushkar Chemicals & Fertilisers Ltd
CHPLIND.BO,CHPL Industries Ltd
GUJGASLTD.BO,Gujarat Gas Ltd
WAAREE.BO,Waaree Technologies Ltd
SADBHIN.BO,Sadbhav Infrastructure Project Ltd
PHL.BO,Pneumatic Holdings Ltd
PRABHAT.BO,Prabhat Dairy Ltd
PBFL.BO,P. B. Films Ltd
SALAUTO.BO,Sal Automotive Ltd
POLYSPIN.BO,Polyspin Exports Ltd
PRITIKAUTO.BO,Pritika Auto Industries Ltd
SKC.BO,Sri Krishna Constructions (India) Ltd
SML.BO,Soni Medicare Ltd
MINFY.BO,Mahaveer Infoway Ltd
KRISHNACAP.BO,Krishna Capital and Securities Ltd
ACME.BO,Acme Resources Ltd
SANGFROID.BO,Sang Froid Labs (India) Ltd
KCL.BO,Kabra Commercial Ltd
IPRU8923.BO,ICICI Prudential Mutual Fund- Direct Plan Cumulative Option
IPRU8924.BO,ICICI Prudential Mutual Fund- Direct Plan Dividend Option
IPRU2721.BO,ICICI Prudential Mutual Fund- Regular Plan Cumulative Option
IPRU2722.BO,ICICI Prudential Mutual Fund- Regular Plan Dividend Option
VISHALBL.BO,Vishal Bearings Ltd
BELLACASA.BO,Bella Casa Fashion & Retail Ltd
MALLCOM.BO,Mallcom (India) Ltd
PJL.BO,Patdiam Jewellery Ltd
NAKSH.BO,Naksh Precious Metals Ltd
ARAMBHAN.BO,Arambhan Hospitality Services Ltd
SATIN.BO,Satin Creditcare Network Ltd
DITCO.BO,Decorous Investment & Trading Co Ltd
SWAGTAM.BO,Swagtam Trading & Services Ltd
GENCON.BO,Generic Engineering Construction and Projects Ltd
KUBERJI.BO,Kuber Udyog Ltd
NEERAJ.BO,Neeraj Paper Marketing Ltd
MUZALI.BO,Muzali Arts Ltd
BSLFEFS6RG.BO,BIRLA SUN LIFE FOCUSED EQUITY FUND- SERIES 6- REGULAR PLAN- GROWTH
BSLFEFS6RN.BO,BIRLA SUN LIFE FOCUSED EQUITY FUND- SERIES 6- REGULAR PLAN- DIVIDEND PAYOUT
BSLFEFS6DG.BO,BIRLA SUN LIFE FOCUSED EQUITY FUND- SERIES 6- DIRECT PLAN- GROWTH
BSLFEFS6DN.BO,BIRLA SUN LIFE FOCUSED EQUITY FUND- SERIES 6- DIRECT PLAN- DIVIDEND PAYOUT
TEJNAKSH.BO,Tejnaksh Healthcare Ltd
INDOGLOBAL.BO,Indo-Global Enterprises Ltd
BRIPORT.BO,Brilliant Portfolios Ltd
RFSL.BO,Richfield Financial Services Ltd
COFFEEDAY.BO,Coffee Day Enterprises Ltd
IDFCFIRSTB.BO,IDFC First Bank Ltd
KRISHFAB.BO,Krishana Fabrics Ltd
BEARDSELL.BO,Beardsell Ltd
INDIGO.BO,InterGlobe Aviation Ltd
IGCIL.BO,IGC Industries Ltd
SHK.BO,S H Kelkar and Company Ltd
ARYAVAN.BO,Aryavan Enterprise Ltd
IPRU8937.BO,ICICI PRUDENTIAL BUSINESS CYCLE FUND SERIES 2 DIRECT PLAN CUMULATIVE OPTION
IPRU8938.BO,ICICI PRUDENTIAL BUSINESS CYCLE FUND SERIES 2 DIRECT PLAN DIVIDEND OPTION
IPRU2735.BO,ICICI PRUDENTIAL BUSINESS CYCLE FUND SERIES 2 REGULAR PLAN CUMULATIVE OPTION
IPRU2736.BO,ICICI PRUDENTIAL BUSINESS CYCLE FUND SERIES 2 REGULAR PLAN DIVIDEND OPTION
TFSL.BO,Typhoon Financial Services Ltd
PANORAMA.BO,Panorama Studios International Ltd
SHREEGANES.BO,Shree Ganesh Biotech (India) Ltd
GTV.BO,GTV Engineering Ltd
LICNETFN50.BO,LIC MF EXCHANGE TRADED FUND- NIFTY 50
PARIKSHA.BO,Pariksha Fin- Invest- Lease Ltd
GEETANJ.BO,Geetanjali Credit and Capital Ltd
LICNETFSEN.BO,LIC MF EXCHANGE TRADED FUND- SENSEX
TFLL.BO,Tirupati Finlease Ltd
GARBIFIN.BO,Garbi Finvest Ltd
ADHARSHILA.BO,Adharshila Capital Services Ltd
SMARTFIN.BO,Smart Finsec Ltd
RAJKOTINV.BO,Rajkot Investment Trust Ltd
ADCON.BO,Adcon Capital Services Ltd
QUINT.BO,Quint Digital Ltd
HDFCNIFTY.BO,HDFC NIFTY 50 ETF
HDFCSENSEX.BO,HDFC S&P BSE Sensex ETF
UDAYJEW.BO,Uday Jewellery Industries Ltd
SATTVASUKU.BO,Sattva Sukun Lifecare Ltd
SHAILJA.BO,Shailja Commercial Trade Frenzy Ltd
NAVIGANT.BO,Navigant Corporate Advisors Ltd
GROVY.BO,Grovy India Ltd
ALKEM.BO,Alkem Laboratories Ltd
LALPATHLAB.BO,Dr. Lal PathLabs Ltd
NAVKETAN.BO,Navketan Merchants Ltd
SCTL.BO,Suncare Traders Ltd
CREATIVE.BO,Creative Castings Ltd
AAYUSH.BO,Aayush Wellness Ltd
ELITECON.BO,Elitecon International Ltd
LUXIND.BO,Lux Industries Ltd
VALLEY.BO,Valley Magnesite Company Ltd
ABHIINFRA.BO,Abhishek Infraventures Ltd
APOORVA.BO,Apoorva Leasing Finance and Investment Company Ltd
AGRIBIO.BO,Agribio Spirits Ltd
NH.BO,Narayana Hrudayalaya Ltd
FMEC.BO,F Mec International Financial Services Ltd
DDIL.BO,Deep Diamond India Ltd
ABHIJIT.BO,Abhijit Trading Company Ltd
REMLIFE.BO,Remedium Lifecare Ltd
AARNAV.BO,Aarnav Fashions Ltd
ACEWIN.BO,Acewin Agriteck Ltd
SCL.BO,Sunshine Capital Ltd
SIPTL.BO,Sharanam Infraproject and Trading Ltd
SHIVA.BO,Shivansh Finserve Ltd
MISHTANN.BO,Mishtann Foods Ltd
NATECO.BO,Natco Economicals Ltd
DELTA.BO,Delta Industrial Resources Ltd
JSLHISAR.BO,Jindal Stainless (Hisar) Ltd
CGFL.BO,Credent Global Finance Ltd
KEL.BO,Kotia Enterprises Ltd
CHAMAK.BO,Chamak Holdings Ltd
BLUECLOUDS.BO,Blue Cloud Softech Solutions Ltd
KEIL.BO,Kanoria Energy & Infrastructure Ltd
BCLENTERPR.BO,BCL Enterprises Ltd
IPRU8957.BO,ICICI PRUDENTIAL BUSINESS CYCLE FUND SERIES 3 - DIRECT PLAN CUMULATIVE OPTION
IPRU8958.BO,ICICI PRUDENTIAL BUSINESS CYCLE FUND SERIES 3 - DIRECT PLAN DIVIDEND OPTION
IPRU2755.BO,ICICI PRUDENTIAL BUSINESS CYCLE FUND SERIES 3 - REGULAR PLAN CUMULATIVE OPTION
IPRU2756.BO,ICICI PRUDENTIAL BUSINESS CYCLE FUND SERIES 3 - REGULAR PLAN DIVIDEND OPTION
AARCOM.BO,AAR Commercial Company Ltd
PRECAM.BO,Precision Camshafts Ltd
BVL.BO,Blueblood Ventures Ltd
TEAMLEASE.BO,TeamLease Services Ltd
KAMATS.BO,Vikram Kamats Hospitality Ltd
BESTAGRO.BO,Best Agrolife Ltd
ACEMEN.BO,Ace Men Engg Works Ltd
BFLAFL.BO,BFL Asset Finvest Ltd
RGF.BO,RGF Capital Markets Ltd
RCL.BO,Radhagobind Commercial Ltd
QUICKHEAL.BO,Quick Heal Technologies Ltd
KAPILRAJ.BO,Kapil Raj Finance Ltd
GANGAPHARM.BO,Ganga Pharmaceuticals Ltd
DAL.BO,Dynamic Archistructures Ltd
LUCENT.BO,Lucent Industries Ltd
SHIVKAMAL.BO,Shivkamal Impex Ltd
KPEL.BO,K.P. Energy Ltd
RGCORP.BO,Real Growth Corporation Ltd
IFINSER.BO,Interactive Financial Services Ltd
ALORA.BO,Alora Trading Company Ltd
HILIKS.BO,Hiliks Technologies Ltd
IPRU2766.BO,ICICI PRUDENTIAL INDIA RECOVERY FUND SERIES 4 - CUMULATIVE OPTION
IPRU2767.BO,ICICI PRUDENTIAL INDIA RECOVERY FUND SERIES 4 - DIVIDEND OPTION
IPRU8968.BO,ICICI PRUDENTIAL INDIA RECOVERY FUND SERIES 4 - DIRECT PLAN CUMULATIVE OPTION
IPRU8969.BO,ICICI PRUDENTIAL INDIA RECOVERY FUND SERIES 4 - DIRECT PLAN DIVIDEND  OPTION
HYPERSOFT.BO,Hypersoft Technologies Ltd
GOKULAGRO.BO,Gokul Agro Resources Ltd
FREDUN.BO,Fredun Pharmaceuticals Ltd
SIMBHALS.BO,Simbhaoli Sugars Ltd
RELICAB.BO,Relicab Cable Manufacturing Ltd
VKAL.BO,Vantage Knowledge Academy Ltd
MEAPL.BO,Modern Engineering And Projects Ltd
MNIL.BO,Mega Nirman and Industries Ltd
DARJEELING.BO,Darjeeling Ropeway Company Ltd
ADVIKCA.BO,Advik Capital Ltd
LICNFNHGP.BO,LIC MF Exchange Traded Fund- NIFTY 100
PDMJEPAPER.BO,Pudumjee Paper Products Ltd
DUNE.BO,Dune Mercantile Ltd
HCG.BO,HealthCare Global Enterprises Ltd
KDML.BO,Khemani Distributors & Marketing Ltd
UMIYA.BO,Umiya Tubes Ltd
BHARATWIRE.BO,Bharat Wire Ropes Ltd
CHDCHEM.BO,CHD Chemicals Ltd
INFIBEAM.BO,Infibeam Avenues Ltd
LELAVOIR.BO,LE Lavoir Ltd
MUDRA.BO,Mudra Financial Services Ltd
SICLTD.BO,Shivom Investment & Consultancy Ltd
BALGOPAL.BO,Balgopal Commercial Ltd
SUPERIOR.BO,Superior Finlease Ltd
RUBY.BO,Ruby Cables Ltd
RPEL.BO,Raghav Productivity Enhancers Ltd
DRREDDYBBPH.BO,DRREDDYBBPH
FRANKLIN.BO,Franklin Leasing and Finance Ltd
EILBBPH.BO,EILBBPH
LANCER.BO,Lancer Container Lines Ltd
SYSCO.BO,Sysco Industries Ltd
NINSYS.BO,NINtec Systems Ltd
EQUITAS.BO,Equitas Holdings Ltd
GOLDENCAP.BO,Golden Capital Services Ltd
HALDER.BO,Halder Venture Ltd
SKIL.BO,SKIL Infrastructure Ltd
GHUSHINE.BO,Ghushine Fintrrade Ocean Ltd
THYROCARE.BO,Thyrocare Technologies Ltd
BAJAJHCARE.BO,Bajaj Healthcare Ltd
BRONZE.BO,Bronze Trading Ltd
UJJIVAN.BO,Ujjivan Financial Services Ltd
RSDFIN.BO,RSD Finance Ltd
CROMPTON.BO,Crompton Greaves Consumer Electricals Ltd
PILANIINVS.BO,Pilani Investment and Industries Corporation Ltd
DARSHANORNA.BO,Darshan Orna Ltd
IPRU2812.BO,ICICI PRUDENTIAL MUTUAL FUND- INDIA RECOVERY FUND CUMULATIVE SERIES
IPRU2813.BO,ICICI PRUDENTIAL MUTUAL FUND-INDIA RECOVERY FUND- DIVIDEND PAYOUT OPTION- SE 5
IPRU9014.BO,ICICI PRUDENTIAL MUTUAL FUND-DIRECT PLAN-CUMULATIVE OPTION-SERIES 5
IPRU9015.BO,ICICI PRUDENTIAL MUTUAL FUND-DIRECT PLAN-DIVIDEND PAYOUT OPTION SERIES 5
PARAGMILK.BO,Parag Milk Foods Ltd
MADHAVIPL.BO,Madhav Infra Projects Ltd
SAGL.BO,Shalimar Agencies Ltd
DIDL.BO,Dalmia Industrial Development Ltd
LATENT.BO,Latent Light Finance Ltd
KOCL.BO,Kome-On Communication Ltd
SNIM.BO,Svarnim Trade Udyog Ltd
NAGAFERT.BO,Nagarjuna Fertilizers and Chemicals Ltd
SEIL.BO,Shanti Educational Initiatives Ltd
RGIL.BO,Rotographics (India) Ltd
LIKHAMI.BO,Likhami Consulting Ltd
MIL.BO,Medico Intercontinental Ltd
YASHCHEM.BO,Yash Chemex Ltd
MAXVIL.BO,Max Ventures and Industries Ltd
NV20IETF.BO,ICICI Prudential Nifty50 Value 20 ETF
BAZELINTER.BO,Bazel International Ltd
JLL.BO,Jindal Leasefin Ltd
IPRU2821.BO,ICICI PRUDENTIAL INDIA RECOVERY FUND SERIES 7 - DIVIDEND PAYOUT OPTION
IPRU9023.BO,ICICI PRUDENTIAL INDIA RECOVERY FUND SERIES 7 - DIRECT PLAN - DIVIDEND PAYOUT OPTION
TAALENT.BO,TAAL Enterprises Ltd
MGL.BO,Mahanagar Gas Ltd
QFSL.BO,Quest Financial Services Ltd
ZEAL.BO,Zeal Aqua Ltd
QUESS.BO,Quess Corp Ltd
DIGJAMLMTD.BO,Digjam Ltd
MIDSELIETF.BO,ICICI Prudential BSE Midcap Select ETF
MAXINDIA-.BO,Max India Ltd
ASYL.BO,Advance Syntex Ltd
SIDH.BO,Sidh Automobiles Ltd
HUIL.BO,Hindusthan Urban Infrastructure Ltd
TITAANIUM.BO,Titaanium Ten Enterprise Ltd
COMSYN.BO,Commercial Syn Bags Ltd
CFEL.BO,Confidence Futuristic Energetech Ltd
LLOYDSENGG.BO,Lloyds Engineering Works Ltd
KPL.BO,Kwality Pharmaceuticals Ltd
LTIM.BO,LTIMindtree Ltd
EASTWEST.BO,East West Freight Carriers Ltd
BSLSENETFG.BO,Aditya Birla Sun Life BSE Sensex ETF
COLORCHIPS.BO,Colorchips New Media Ltd
ASHARI.BO,Ashari Agencies Ltd
ADVENZYMES.BO,Advanced Enzyme Technologies Ltd
LAHL.BO,Ladam Affordable Housing Ltd
PTIL.BO,Prabhat Technologies (India) Ltd
ADFBBPH.BO,ADFBBPH
DBL.BO,Dilip Buildcon Ltd
SPAL.BO,S.P. Apparels Ltd
BIGBLOC.BO,Bigbloc Construction Ltd
GOLDENCREST.BO,Golden Crest Education & Services Ltd
ECS.BO,ECS Biztech Ltd
FRETAIL.BO,Future Retail Ltd
RBLBANK.BO,RBL Bank Ltd
AMS.BO,AMS Polymers Ltd
CAMSONSEEDS.BO,Camson Seeds Ltd
SHIVAEXPO.BO,Shiva Granito Export Ltd
BLS.BO,BLS International Services Ltd
MITSU.BO,Mitsu Chem Plast Ltd
SPRAYKING.BO,Sprayking Ltd
DHATRE.BO,Dhatre Udyog Ltd
SABEVENTS.BO,SAB Events & Governance Now Media Ltd
RSTL.BO,Riddhi Steel and Tube Ltd
TVVISION.BO,TV Vision Ltd
SPICY.BO,Spicy Entertainment and Media Ltd
GAMCO.BO,Gamco Ltd
BSLRIFS1RG.BO,Aditya Birla Sun Life RESURGENT INDIA FUND  SERIES 1 REGULAR GROWTH
BSLRIFS1RD.BO,Aditya Birla Sun Life RESURGENT INDIA FUND  SERIES 1 REGULAR DIVIDEND
BSLRIFS1RS.BO,BIRLA SUN LIFE RESURGENT INDIA FUND SERIES - 1 - REGULAR PLAN - DIVIDEND SWEEP
BSLRIFS1DG.BO,BIRLA SUN LIFE RESURGENT INDIA FUND SERIES - 1 - DIRECT PLAN - GROWTH
BSLRIFS1DD.BO,BIRLA SUN LIFE RESURGENT INDIA FUND SERIES - 1 - DIRECT PLAN - DIVIDEND PAYOUT
BSLRIFS1DS.BO,BIRLA SUN LIFE RESURGENT INDIA FUND SERIES - 1 - DIRECT PLAN - DIVIDEND SWEEP
TIAANC.BO,Tiaan Consumer Ltd
LTTS.BO,L&T Technology Services Ltd
GNA.BO,G N A Axles Ltd
RADHIKAJWE.BO,Radhika Jeweltech Ltd
SIIL.BO,Sabrimala Industries India Ltd
ICICIPRULI.BO,ICICI Prudential Life Insurance Company Ltd
IISL.BO,Ishaan Infrastructures and Shelters Ltd
ARCFIN.BO,ARC Finance Ltd
HPL.BO,HPL Electric & Power Ltd
SAGARSOFT.BO,Sagarsoft (India) Ltd
DRA.BO,DRA Consultants Ltd
VALIANTORG.BO,Valiant Organics Ltd
ACML.BO,Aditya Consumer Marketing Ltd
SHASHIJIT.BO,Shashijit Infraprojects Ltd
BINDALEXPO.BO,Bindal Exports Ltd
TRANSPEBBPH.BO,TRANSPEBBPH
MHEL.BO,Mewar Hi-Tech Engineering Ltd
DIKSAT.BO,Diksat Transworld Ltd
IGRL.BO,India Green Reality Ltd
ENDURANCE.BO,Endurance Technologies Ltd
IDFSENSEXE.BO,Bandhan S&P BSE SENSEX ETF
PURPLE.BO,Purple Entertainment Ltd
SUPRAPFSL.BO,Supra Pacific Financial Services Ltd
PNBHOUSING.BO,PNB Housing Finance Ltd
SOUTHERNIN.BO,Southern Infosys Ltd
REGENCY.BO,Regency Fincorp Ltd
IPRU2880.BO,ICICI PRUDENTIAL VALUE FUND SERIES 9-CUMULATIVE
IPRU9082.BO,ICICI PRUDENTIAL VALUE FUND SERIES 9-DIRECT PLAN CUMULATIVE
IPRU9083.BO,ICICI PRUDENTIAL VALUE FUND SERIES 9-DIRECT PLAN DIVIDEND PAYOUT
IPRU2881.BO,ICICI PRUDENTIAL VALUE FUND SERIES 9-DIVIDEND PAYOUT
VBL.BO,Varun Beverages Ltd
SALEM.BO,Salem Erode Investments Ltd
UPROTECH.BO,Unipro Technologies Ltd
FRANKLININD.BO,Franklin Industries Ltd
FCLBBPH.BO,FCLBBPH
LKPSEC.BO,LKP Securities Ltd
AMBIKCOBBPH.BO,AMBIKCOBBPH
BSLRIFS2RG.BO,Aditya Birla Sun Life RESURGENT INDIA FUND – SERIES 2 REGULAR GROWTH
BSLRIFS2RN.BO,Aditya Birla Sun Life RESURGENT INDIA FUND – SERIES 2 REGULAR DIVIDEND
BSLRIFS2DG.BO,Aditya Birla Sun Life RESURGENT INDIA FUND – SERIES 2 DIRECT GROWTH
BSLRIFS2DN.BO,Aditya Birla Sun Life RESURGENT INDIA FUND SERIES 2 DIRECT DIVIDEND
OSIAJEE.BO,Osiajee Texfab Ltd
CMBL.BO,Corporate Merchant Bankers Ltd
SFL.BO,Sheela Foam Ltd
EIKO.BO,Eiko Lifesciences Ltd
AVL.BO,Aditya Vision Ltd
HEADSUP.BO,Heads UP Ventures Ltd
SIFL.BO,Sparkling (India) Finshares Ltd
TCIEXP.BO,TCI Express Ltd
SHASHANK.BO,Shashank Traders Ltd
LAURUSLABS.BO,Laurus Labs Ltd
NEWLIGHT.BO,New Light Apparels Ltd
AXISE1D1D.BO,AXIS EMERGING OPPORTUNITIES FUND-SERIES 1(1400 DAYS)DIRECT PLAN-DIVIDEND PAYOUT
AXISE1DGG.BO,AXIS EMERGING OPPORTUNITIES FUND-SERIES 1(1400 DAYS)DIRECT PLAN-GROWTH
AXISE1DPD.BO,AXIS EMERGING OPPORTUNITIES FUND-SERIES 1(1400 DAYS) REGULAR PLAN-DIVIDEND PAYOUT
AXISE1GPG.BO,AXIS EMERGING OPPORTUNITIES FUND-SERIES 1(1400 DAYS) REGULAR PLAN-GROWTH
VSL.BO,Veeram Securities Ltd
SNTCL.BO,Shree Nidhi Trading Co. Ltd
MTPL.BO,Marg Techno Projects Ltd
IPRU2894.BO,ICICI PRUDENTIAL VALUE FUND - SERIES 10- CUMULATIVE OPTION
IPRU2895.BO,ICICI PRUDENTIAL VALUE FUND - SERIES 10- DIVIDEND PAYOUT OPTION
IPRU9096.BO,ICICI PRUDENTIAL VALUE FUND - SERIES 10- DIRECT PLAN CUMULATIVE OPTION
IPRU9097.BO,ICICI PRUDENTIAL VALUE FUND - SERIES 10- DIRECT PLAN DIVIDEND PAYOUT OPTION
SHANGAR.BO,Shangar Decor Ltd
GLCL.BO,Globe Commercials Ltd
FLORACORP.BO,Flora Corporation Ltd
TRU.BO,TruCap Finance Ltd
SKL.BO,Super Fine Knitters Ltd
RAIDEEPIND.BO,Raideep Industries Ltd
IPRU2896.BO,ICICI Prudential Value fund Series 11 - Cumulative
IPRU2897.BO,ICICI Prudential Value fund Series 11 -  Dividend Payout
IPRU9098.BO,ICICI Prudential Value fund Series 11 -  Direct Plan Cumulative
IPRU9099.BO,ICICI Prudential Value fund Series 11 -  Direct Plan Dividend Payout
PRICOLLTD.BO,Pricol Ltd
GHCLBBPH.BO,GHCLBBPH
RAMCOBBPH.BO,RAMCOBBPH
CFL.BO,Classic Filaments Ltd
JITFINFRA.BO,JITF Infralogistics Ltd
SUERYAAKNI.BO,Sueryaa Knitwear Ltd
ICRABBPH.BO,ICRABBPH
TANVI.BO,Tanvi Foods (India) Ltd
AXISE2D1D.BO,Axis Emerging Opportunities Fund-SR 2 (1400 D)-Direct Plan-Dividend Payout
AXISE2DGG.BO,Axis Emerging Opportunities Fund-SR 2 (1400 D)-Direct Plan-Growth
AXISE2DPD.BO,Axis Emerging Opportunities Fund-SR 2 (1400 D)-Regular Plan-Dividend Payout
AXISE2GPG.BO,Axis Emerging Opportunities Fund-SR 2 (1400 D)-Regular Plan-Growth
RMC.BO,RMC Switchgears Ltd
PARMAX.BO,Parmax Pharma Ltd
LLFICL.BO,Leading Leasing Finance And Investment Company Ltd
DANUBE.BO,Danube Industries Ltd
RADIOCITY.BO,Music Broadcast Ltd
DMART.BO,Avenue Supermarts Ltd
IFL.BO,IFL Enterprises Ltd
BSLRIFS3RG.BO,Aditya Birla Sun Life RESURGENT INDIA FUND – SERIES 3 REGULAR GROWTH
BSLRIFS3RD.BO,Aditya Birla Sun Life RESURGENT INDIA FUND – SERIES 3 REGULAR DIVIDEND
BSLRIFS3DG.BO,Aditya Birla Sun Life RESURGENT INDIA FUND – SERIES 3 DIRECT GROWTH
BSLRIFS3DD.BO,Aditya Birla Sun Life RESURGENT INDIA FUND – SERIES 3 DIRECT DIVIDEND
KDLL.BO,KD Leisures Ltd
ONTIC.BO,Ontic Finserve Ltd
SMLT.BO,Sarthak Metals Ltd
JDML.BO,Jash Dealmark Ltd
CHEMCRUX.BO,Chemcrux Enterprises Ltd
MANOMAY.BO,Manomay Tex India Ltd
MAXIMUS.BO,Maximus International Ltd
MANAS.BO,Manas Properties Ltd
CLEDUCATE.BO,CL Educate Ltd
PRIMEFRESH.BO,Prime Fresh Ltd
OCEANIC.BO,Oceanic Foods Ltd
OCTAWARE.BO,Octaware Technologies Ltd
CA50T.BO,HDFC Charity Fund for Cancer Cure - Arbitrage Plan 50% - Direct
CA10T.BO,HDFC Charity Fund for Cancer Cure - Arbitrage Plan 100% - Direct
CD50T.BO,HDFC Charity Fund for Cancer Cure - Debt Plan 50% - Direct
CD10T.BO,HDFC Charity Fund for Cancer Cure - Debt Plan 100% - Direct
CA50R.BO,HDFC Charity Fund for Cancer Cure - Arbitrage Plan50%  - Regular
CA10R.BO,HDFC Charity Fund for Cancer Cure - Arbitrage Plan 100% - Regular
CD50R.BO,HDFC Charity Fund for Cancer Cure - Debt Plan 50%  - Regular
CD10R.BO,HDFC Charity Fund for Cancer Cure - Debt Plan 100% - Regular
SHANKARA.BO,Shankara Building Products Ltd
RELSTRUCT.BO,Relstruct Buildcon Ltd
ESCORP.BO,Escorp Asset Management Ltd
PARMSILK.BO,Parmeshwari Silk Mills Ltd
KMSMEDI.BO,KMS Medisurgi Ltd
IPRU2933.BO,ICICI Prudential Value Fund Series 12 - Dividend Payout Option
IPRU9135.BO,ICICI Prudential Value Fund Series 12 - Direct Plan Dividend Payout Option
CLFL.BO,Classic Leasing & Finance Ltd
STARLENT.BO,Starlineps Enterprises Ltd
SCHAND.BO,S Chand and Company Ltd
KANUNGO.BO,Kanungo Financiers Ltd
MEERA.BO,Meera Industries Ltd
HUDCO.BO,Housing & Urban Development Corporation Ltd
IPRU2955.BO,ICICI Prudential Value Fund- Series 13- Dividend Payout Option
IPRU9157.BO,ICICI Prudential Value Fund Series- 13- Direct Plan Dividend Payout Option
PSPPROJECT.BO,PSP Projects Ltd
BGJL.BO,Bhakti Gems and Jewellery Ltd
YUG.BO,Yug Decor Ltd
AXISAEDGG.BO,Axis Equity Advantage Fund- Series 1 Direct Plan- Growth
AXISAEGPG.BO,Axis Equity Advantage Fund- Series 1 Regular Plan- Growth
VARIMAN.BO,Variman Global Enterprises Ltd
STARCEMENT.BO,Star Cement Ltd
IPRU2969.BO,ICICI Prudential Value Fund Series 14 - Cumulative
IPRU2970.BO,ICICI Prudential Value Fund Series 14 - Dividend Payout
IPRU9171.BO,ICICI Prudential Value Fund Series 14 - Direct Plan Cumulative
IPRU9172.BO,ICICI Prudential Value Fund Series 14 - Direct Plan Dividend Payout
RIDDHICORP.BO,Riddhi Corporate Services Ltd
HEOFDG1126.BO,HDFC EOF- II- 1126D May 2017(1)  plan under HDFC Equity Opportunities Fund- Series 2- Direct
HEOFDD1126.BO,HDFC EOF - II - 1126D May 2017(1)  plan under HDFC Equity Opportunities Fund - Series 2 - Direct
HEOFRG1126.BO,HDFC EOF- II - 1126D May 2017(1) plan under HDFC Equity Opportunities Fund - Series2 - Regular
HEOFRD1126.BO,HDFC EOF - II - 1126D May 2017(1)  plan under HDFC Equity Opportunities Fund - Series 2 - Regular
TEJASNET.BO,Tejas Networks Ltd
ERIS.BO,Eris Lifesciences Ltd
CONTAINER.BO,Containerway International Ltd
GTPL.BO,GTPL Hathway Ltd
AUBANK.BO,AU Small Finance Bank Ltd
LOWVOLIETF.BO,ICICI Prudential Nifty 100 Low Volatility 30 ETF
GEL.BO,Gautam Exim Ltd
GGENG.BO,G G Engineering Ltd
7NR.BO,7NR Retail Ltd
ARTEMIS.BO,Artemis Global Life Sciences Ltd
BSLRIFS4RG.BO,Aditya Birla Sun Life RESURGENT INDIA FUND – SERIES 4 REGULAR GROWTH
BSLRIFS4RD.BO,Aditya Birla Sun Life RESURGENT INDIA FUND – SERIES 4 REGULAR DIVIDEND
BSLRIFS4DG.BO,Aditya Birla Sun Life RESURGENT INDIA FUND – SERIES 4 DIRECT GROWTH
BSLRIFS4DD.BO,Aditya Birla Sun Life RESURGENT INDIA FUND – SERIES 4 DIRECT DIVIDEND
BHAGYAPROP.BO,Bhagyanagar Properties Ltd
IPRU2987.BO,ICICI PRUDENTIAL VALUE FUND-SERIES 15-CUMULATIVE
IPRU2988.BO,ICICI PRUDENTIAL VALUE FUND-SERIES 15-DIVIDEND PAYOUT
IPRU9189.BO,ICICI PRUDENTIAL VALUE FUND-SERIES 15-DIRECT PLAN CUMULATIVE
IPRU9190.BO,ICICI PRUDENTIAL VALUE FUND-SERIES 15-DIRECT PLAN DIVIDEND PAYOUT
HEOFDG1100.BO,HDFC EQUITY OPPORTUNITIES FUND-II-1100D JUNE 2017(1) SERIES 2-DIRECT OPTION-GROWTH OPTION
HEOFDD1100.BO,HDFC EQUITY OPPORTUNITIES FUND-II-1100D JUNE 2017(1) SERIES 2-DIRECT OPTION-DIVIDEND PAYOUT OPTION
HEOFRG1100.BO,HDFC EQUITY OPPORTUNITIES FUND-II-1100D JUNE 2017(1) SERIES 2-REGULAR OPTION-GROWTH OPTION
HEOFRD1100.BO,HDFC EQUITY OPPORTUNITIES FUND-II-1100D JUNE 2017(1) SERIES 2-REGULAR OPTION-DIVIDEND PAYOUT OPTION
SALASAR.BO,Salasar Techno Engineering Ltd
GANGESSECU.BO,Ganges Securities Ltd
PALASHSECU.BO,Palash Securities Ltd
AVADHSUGAR.BO,Avadh Sugar & Energy Ltd
MAGADSUGAR.BO,Magadh Sugar & Energy Ltd
JIGAR.BO,Jigar Cables Ltd
CTCL.BO,Captain Technocast Ltd
SPTL.BO,Sintex Plastics Technology Ltd
GSTL.BO,Globalspace Technologies Ltd
UTINEXT50.BO,UTI Nifty Next 50 ETF
JDBBPH.BO,JDBBPH
AXISAHDGG.BO,Axis Equity Advantage Fund - Series 2 Direct Plan - Growth
AXISAHGPG.BO,Axis Equity Advantage Fund - Series 2 Regular Plan - Growth
SIS.BO,SIS Ltd
COCHINSHIP.BO,Cochin Shipyard Ltd
SMSLIFE.BO,SMS Lifesciences India Ltd
KIOCL.BO,KIOCL Ltd
CHOTHANI.BO,Chothani Foods Ltd
IPRU2991.BO,ICICI Prudential Value Fund - Series 16 - Cumulative Option
IPRU2992.BO,ICICI Prudential Value Fund - Series 16 - Dividend Payout Option
IPRU9193.BO,ICICI Prudential Value Fund - Series 16 - Direct Plan Cumulative Option
IPRU9194.BO,ICICI Prudential Value Fund - Series 16 - Direct Plan Dividend Payout Option
SMRUTHIORG.BO,Smruthi Organics Ltd
ABCAPITAL.BO,Aditya Birla Capital Ltd
APEX.BO,Apex Frozen Foods Ltd
SHISHIND.BO,Shish Industries Ltd
ANG.BO,ANG Lifesciences India Ltd
DWL.BO,Dhruv Wellness Ltd
KCDGROUP.BO,KCD Industries India Ltd
AMFL.BO,A & M Febcon Ltd
NEL.BO,Nouritrans Exim Ltd
DIXON.BO,Dixon Technologies (India) Ltd
BRNL.BO,Bharat Road Network Ltd
DCAL.BO,Dishman Carbogen Amcis Ltd
LASA.BO,Lasa Supergenerics Ltd
PROCLB.BO,Pro Clb Global Ltd
MATRIMONY.BO,Matrimony.com Ltd
RHFL.BO,Reliance Home Finance Ltd
CAPACITE.BO,Capacite Infraprojects Ltd
IPRU3003.BO,ICICI PRUDENTIAL VALUE FUND SERIES 17 - CUMULATIVE OPTION
IPRU3004.BO,ICICI PRUDENTIAL VALUE FUND SERIES 17 - DIVIDEND OPTION
IPRU9205.BO,ICICI PRUDENTIAL VALUE FUND SERIES 17 - DIRECT PLAN CUMULATIVE OPTION
IPRU9206.BO,ICICI PRUDENTIAL VALUE FUND SERIES 17 - DIRECT PLAN DIVIDEND OPTION
SAGAR.BO,Sagar Diamonds Ltd
ICICIGI.BO,ICICI Lombard General Insurance Company Ltd
PQIF.BO,Polo Queen Industrial and Fintech Ltd
AAYUSHBULL.BO,Aayush Art And Bullion Ltd
SBILIFE.BO,SBI Life Insurance Company Ltd
DIAMONDYD.BO,Prataap Snacks Ltd
SHAREINDIA.BO,Share India Securities Ltd
TTFL.BO,Trident Texofab Ltd
POOJA.BO,Poojawestern Metaliks Ltd
SAYAJIIND.BO,Sayaji Industries Ltd
VANTABIO.BO,Vanta Bioscience Ltd
MEHAI.BO,Mehai Technology Ltd
IRIS.BO,IRIS Business Services Ltd
SIDDH.BO,Siddharth Education Services Ltd
SGRL.BO,Shree Ganesh Remedies Ltd
STL.BO,Shreeji Translogistics Ltd
ABSLRIF5RG.BO,Aditya Birla Sun Life Resurgent India Fund - Series 5 - Regular Plan Growth
ABSLRIF5RD.BO,Aditya Birla Sun Life Resurgent India Fund - Series 5 - Regular Plan Dividend Payout
ABSLRIF5DG.BO,Aditya Birla Sun Life Resurgent India Fund - Series 5 - Direct Plan Growth
ABSLRIF5DD.BO,Aditya Birla Sun Life Resurgent India Fund - Series 5 - Direct Plan Dividend Payout
GODREJAGRO.BO,Godrej Agrovet Ltd
MESCON.BO,Mideast Integrated Steels Ltd
MASFIN.BO,MAS Financial Services Ltd
IEX.BO,Indian Energy Exchange Ltd
GICRE.BO,General Insurance Corporation of India
KAARYAFSL.BO,Kaarya Facilities and Services Ltd
SCPL.BO,Sheetal Cool Products Ltd
NCBFIVADD.BO,NIPPON INDIA MUTUAL FUND  CAPITAL BUILDER FD-IV SR A DR DVP 22OT20
NCBFIVADG.BO,NIPPON INDIA MUTUAL FUND  CAPITAL BUILDER FD-IV SR A DR GWTH 22OT20
NCBFIVAD.BO,NIPPON INDIA MUTUAL FUND  CAPITAL BUILDER FD-IV SR A REG DVP 22OT20
NCBFIVAG.BO,NIPPON INDIA MUTUAL FUND  CAPITAL BUILDER FD-IV SR A REG GWTH 22OT20
TIINDIA.BO,Tube Investments of India Ltd
IPRU3013.BO,ICICI Prudential Value Fund Series 18 - Cumulative Option
IPRU3014.BO,ICICI Prudential Value Fund Series 18 - Dividend Payout Option
IPRU9215.BO,ICICI Prudential Value Fund Series 18 - Direct Plan Cumulative Option
IPRU9216.BO,ICICI Prudential Value Fund Series 18 - Direct Plan Dividend Payout Option
NAM-INDIA.BO,Nippon Life India Asset Management Ltd
MAHLOG.BO,Mahindra Logistics Ltd
NIACL.BO,The New India Assurance Company Ltd
IFGLEXPOR.BO,IFGL Refractories Ltd
KHADIM.BO,Khadim India Ltd
5PAISA.BO,5paisa Capital Ltd
HDFCLIFE.BO,HDFC Life Insurance Company Ltd
NIVBDDP.BO,NIPPON INDIA MUTUAL FUND  CAPITAL BUILDER FD SR B DR DVP 06JN21
NIVBDGP.BO,NIPPON INDIA MUTUAL FUND  CAPITAL BUILDER FD SR B DR GWTH 06JN21
NIVBDP.BO,NIPPON INDIA MUTUAL FUND  CAPITAL BUILDER FD SR B RG DVP 06JN21
NIVBGP.BO,NIPPON INDIA MUTUAL FUND  CAPITAL BUILDER FD SR B RG GWTH 06JN21
SBRANDS.BO,Sanghvi Brands Ltd
VRLLOGBBPH.BO,VRLLOGBBPH
SHARIKA.BO,Sharika Enterprises Ltd
ICICIB22.BO,BHARAT 22 ETF - ICICI Prudential AMC
ASPIRA.BO,Aspira Pathlab & Diagnostics Ltd
DNAMEDIA.BO,Diligent Media Corporation Ltd
EASTERNGAS.BO,Eastern Gases Ltd
HHOF1140DG.BO,HDFC HOF-I-1140D November 2017(1) - Direct Option - Growth Option
HHOF1140DD.BO,HDFC HOF-I-1140D November 2017(1) - Direct Option - Dividend Payout Option
HHOF1140RG.BO,HDFC HOF-I-1140D November 2017(1) - Regular Option - Growth Option
HHOF1140RD.BO,HDFC HOF-I-1140D November 2017(1) - Regular  Option - Dividend Payout Option
DYCL.BO,Dynamic Cables Ltd
RATNABHUMI.BO,Ratnabhumi Developers Ltd
SHALBY.BO,Shalby Ltd
FSC.BO,Future Supply Chain Solutions Ltd
DACEFRG.BO,DSP BLACKROCK A.C.E. Fund Series 1 - Regular Growth
DACEFRDP.BO,DSP BLACKROCK A.C.E. Fund Series 1 - Regular-Dividend Payout
DACEFDG.BO,DSP BLACKROCK A.C.E. Fund Series 1 - Direct Growth
DACEFDDP.BO,DSP BLACKROCK A.C.E. Fund Series 1 - Direct - Dividend Payout
MRCAGRO.BO,MRC Agrotech Ltd
SREELBBPH.BO,SREELBBPH
DML.BO,Diggi Multitrade Ltd
KMSL.BO,Kids Medical Systems Ltd
SADHNA.BO,Sadhna Broadcast Ltd
SANTOSHIND.BO,Santosh Industries Ltd
VITESSE.BO,Vitesse Agro Ltd
ASTRON.BO,Astron Paper & Board Mill Ltd
NCBFIVBCD.BO,NIPPON INDIA MUTUAL FUND  CAPITAL BUILDER FD IV SR C DR DVP 20MR21
NCBFIVCG.BO,NIPPON INDIA MUTUAL FUND  CAPITAL BUILDER FD IV SR C RG GWTH 20MR21
NCBFIVBCG.BO,NIPPON INDIA MUTUAL FUND  CAPITAL BUILDER FD IV SR C DR GWTH 20MR21
NCBFIVCD.BO,NIPPON INDIA MUTUAL FUND  CAPITAL BUILDER FD IV SR C RG DVP 20MR21
CHANDRIMA.BO,Chandrima Mercantiles Ltd
RITHWIKFMS.BO,Rithwik Facility Management Services Ltd
JFL.BO,Jhandewalas Foods Ltd
IPRU3018.BO,ICICI PRUDENTIAL VALUE FUND - SERIES 19 - CUMULATIVE OPTION
IPRU3019.BO,ICICI PRUDENTIAL VALUE FUND - SERIES 19  - DIVIDEND PAYOUT OPTION
IPRU9220.BO,ICICI PRUDENTIAL VALUE FUND - SERIES 19  - DIRECT PLAN CUMULATIVE OPTION
IPRU9221.BO,ICICI PRUDENTIAL VALUE FUND - SERIES 19  -DIRECT PLAN DIVIDEND PAYOUT OPTION
7SEASL.BO,7Seas Entertainment Ltd
APOLLO.BO,Apollo Micro Systems Ltd
NCBFIVDDD.BO,NIPPON INDIA MUTUAL FUND  CAPITAL BUILDER FD IV SRD DR DVP 18JN21
NCBFIVDG.BO,NIPPON INDIA MUTUAL FUND  CAPITAL BUILDER FD IV SRD RG GWTH 18JN21
NCBFIVDDG.BO,NIPPON INDIA MUTUAL FUND  CAPITAL BUILDER FD IV SRD DR GWTH 18JN21
NCBFIVDD.BO,NIPPON INDIA MUTUAL FUND  CAPITAL BUILDER FD IV SRD RG DVP 18JN21
NEWGEN.BO,Newgen Software Technologies Ltd
PRAXIS.BO,Praxis Home Retail Ltd
AMBER.BO,Amber Enterprises India Ltd
CRPRISK.BO,CRP Risk Management Ltd
TIRUFOAM.BO,Tirupati Foam Ltd
SRUSTEELS.BO,SRU Steels Ltd
ASHOKAMET.BO,Ashoka Metcast Ltd
GALAXYSURF.BO,Galaxy Surfactants Ltd
GGL.BO,Gautam Gems Ltd
MEDICO.BO,Medico Remedies Ltd
GUJHYSPIN.BO,Gujarat Hy-Spin Ltd
FSSPL.BO,Focus Suites Solutions & Services Ltd
IPRU3034.BO,ICICI Prudential Value Fund - Series 20 - Cumulative Option
IPRU3035.BO,ICICI Prudential Value Fund - Series 20 - Dividend Option
IPRU9236.BO,ICICI Prudential Value Fund - Series 20 - Direct Plan Cumulative Option
IPRU9237.BO,ICICI Prudential Value Fund - Series 20 - Direct Plan Dividend Option
LAL.BO,Lorenzini Apparels Ltd
KENVI.BO,Kenvi Jewels Ltd
IWP.BO,The Indian Wood Products Company Ltd
TDSL.BO,Tasty Dairy Specialities Ltd
BHATIA.BO,Bhatia Communications & Retail (India) Ltd
SHIVAMILLS.BO,Shiva Mills Ltd
ASTERDM.BO,Aster DM Healthcare Ltd
YSL.BO,The Yamuna Syndicate Ltd
KTINDF4RG.BO,Kotak India Growth Fund   Series 4 - Regular Plan Growth Option
KTINDF4RD.BO,Kotak India Growth Fund   Series 4 - Regular Plan Dividend Option
KTINDF4DG.BO,KOTAK INDIA GROWTH FUND SERIES 4 DIRECT PLAN DIVIDEND OPTION
KTINDF4DD.BO,Kotak India Growth Fund   Series 4 - Direct Plan Growth Option
KANCOTEA.BO,Kanco Tea & Industries Ltd
ANGEL.BO,Angel Fibers Ltd
HGINFRA.BO,H.G. Infra Engineering Ltd
EIS.BO,East India Securities Ltd
AXISCBD1D.BO,Axis Capital Builder Fund - Series 1 (1540 Days) - Direct Plan  - Dividend Payout
AXISCBDGG.BO,Axis Capital Builder Fund - Series 1 (1540 Days) - Direct Plan  - Growth
AXISCBDPD.BO,Axis Capital Builder Fund - Series 1 (1540 Days) - Regular Plan  - Dividend Payout
AXISCBGPG.BO,Axis Capital Builder Fund - Series 1 (1540 Days) - Regular Plan  - Growth
INFLAME.BO,Inflame Appliances Ltd
DACE2RG.BO,DSP ACE Fund Series 2 Reg Growth Mat Dt 28 Jun 2021
DACE2RDP.BO,DSP A.C.E. Fund - Series 2 - Reg - IDCW - Reg Pay Mat Dt.28-Jun-2021
DACE2DG.BO,DSP A.C.E. Fund - Series 2 - Dir - Growth Mat Dt.28-Jun-2021
DACE2DDP.BO,DSP A.C.E. Fund - Series 2 - Dir - IDCW - Reg Pay Mat Dt.28-Jun-2021
ABSLRIF6RG.BO,ADITYA BIRLA SUN LIFE RESURGENT INDIA FUND - SERIES 6- REGULAR PLAN- GROWTH
ABSLRIF6RD.BO,ADITYA BIRLA SUN LIFE RESURGENT INDIA FUND - SERIES 6- REGULAR PLAN- DIVIDEND PAYOUT
ABSLRIF6DG.BO,ADITYA BIRLA SUN LIFE RESURGENT INDIA FUND - SERIES 6- DIRECT PLAN- GROWTH
ABSLRIF6DD.BO,ADITYA BIRLA SUN LIFE RESURGENT INDIA FUND - SERIES 6- DIRECT PLAN- DIVIDEND PAYOUT
BPLPHARMA.BO,Bharat Parenterals Ltd
SHREESHAY.BO,Shreeshay Engineers Ltd
ACFL.BO,Apex Capital And Finance Ltd
BDL.BO,Bharat Dynamics Ltd
ACTIVE.BO,Active Clothing Co Ltd
RIDINGS.BO,Ridings Consulting Engineers India Ltd
GOYALALUM.BO,Goyal Aluminiums Ltd
BANDHANBNK.BO,Bandhan Bank Ltd
HAL.BO,Hindustan Aeronautics Ltd
KBCGLOBAL.BO,KBC Global Ltd
SANDHAR.BO,Sandhar Technologies Ltd
YASHO.BO,Yasho Industries Ltd
BENARA.BO,Benara Bearings and Pistons Ltd
ISEC.BO,ICICI Securities Ltd
MIDHANI.BO,Mishra Dhatu Nigam Ltd
LEX.BO,Lex Nimble Solutions Ltd
OBCL.BO,Orissa Bengal Carrier Ltd
TRL.BO,Taylormade Renewables Ltd
LEMONTREE.BO,Lemon Tree Hotels Ltd
ABSLRIF7RG.BO,Aditya Birla Sun Life Resurgent India Fund - Series 7 - Regular Plan - Growth Option
ABSLRIF7RD.BO,Aditya Birla Sun Life Resurgent India Fund - Series 7 - Regular Plan - Dividend Payout
ABSLRIF7DG.BO,Aditya Birla Sun Life Resurgent India Fund - Series 7 - Direct Plan - Growth Option
ABSLRIF7DD.BO,Aditya Birla Sun Life Resurgent India Fund - Series 7 - Direct Plan - Dividend Payout
CHEMFAB.BO,Chemfab Alkalis Ltd
HARDWYN.BO,Hardwyn India Ltd
DLCL.BO,Dr Lalchandani Labs Ltd
ORIENTELEC.BO,Orient Electric Ltd
DHRUV.BO,Dhruv Consultancy Services Ltd
AKSHAR.BO,Akshar Spintex Ltd
INDOUS.BO,Indo Us Bio-Tech Ltd
IPRU3095.BO,ICICI Prudential Bharat Consumption Fund - Series 2 - Cumulative Option
IPRU3096.BO,ICICI Prudential Bharat Consumption Fund - Series 2 - Dividend Option
IPRU9297.BO,ICICI Prudential Bharat Consumption Fund - Series 2 - Direct Plan Cumulative Option
IPRU9298.BO,ICICI Prudential Bharat Consumption Fund - Series 2 - Direct Plan Dividend Option
BSE500IETF.BO,ICICI Prudential BSE 500 ETF
INDOSTAR.BO,Indostar Capital Finance Ltd
MILEFUR.BO,Milestone Furniture Ltd
UHZAVERI.BO,U. H. Zaveri Ltd
KTKIND5RG.BO,Kotak India Growth Fund Series 5 - Regular Plan - Growth Option
KTKIND5RD.BO,Kotak India Growth Fund Series 5 - Regular Plan - Dividend Option
KTKIND5DG.BO,Kotak India Growth Fund Series 5 - Direct Plan - Growth Option
KTKIND5DD.BO,Kotak India Growth Fund Series 5 - Direct Plan - Dividend Option
PARVATI.BO,Parvati Sweetners and Power Ltd
MEGASTAR.BO,Megastar Foods Ltd
INNOVATORS.BO,Innovators Facade Systems Ltd
UCIL.BO,Unifinz Capital India Ltd
ZIMLAB.BO,Zim Laboratories Ltd
ARIHANTINS.BO,Arihant Institute Ltd
AFFORDABLE.BO,Affordable Robotic & Automation Ltd
DOLLAR.BO,Dollar Industries Ltd
NGIL.BO,Nakoda Group of Industries Ltd
PALMJEWELS.BO,Palm Jewels Ltd
WAA.BO,Waa Solar Ltd
ADANIGREEN.BO,Adani Green Energy Ltd
MCLEODBBPH.BO,MCLEODBBPH
UNICK.BO,Unick Fix-A-Form And Printers Ltd
SOLARA.BO,Solara Active Pharma Sciences Ltd
TALWGYM.BO,Talwalkars Healthclubs Ltd
GAYAHWS.BO,Gayatri Highways Ltd
RITES.BO,RITES Ltd
FINEORG.BO,Fine Organic Industries Ltd
VARROC.BO,Varroc Engineering Ltd
RAJNISH.BO,Rajnish Wellness Ltd
GUJWIND.BO,Gujarat Winding Systems Ltd
STRAEXPO.BO,Sophia Traexpo Ltd
RAWEDGE.BO,Raw Edge Industrial Solutions Ltd
IPRU3143.BO,ICICI Prudential Bharat Consumption Fund  - Series 3 - Cumulative Option
IPRU3144.BO,ICICI Prudential Bharat Consumption Fund  - Series 3 - Dividend Payout Option
IPRU9345.BO,ICICI Prudential Bharat Consumption Fund  - Series 3 -  Direct Plan - Cumulative Option
IPRU9346.BO,ICICI Prudential Bharat Consumption Fund  - Series 3 - Direct Plan - Dividend Payout Option
TVF1D.BO,Tata Vaue Fund Series 1 - Regular Plan - Dividend Payout Option
TVF1DZ.BO,Tata Vaue Fund Series 1 - Direct Plan - Dividend Payout Option
TVF1G.BO,Tata Vaue Fund Series 1 - Regular Plan - Growth Option
TVF1GZ.BO,Tata Vaue Fund Series 1 - Direct Plan - Growth Option
TCNSBRANDS.BO,TCNS Clothing Co. Ltd
SUPERSHAKT.BO,Supershakti Metaliks Ltd
ASHNI.BO,Ashnisha Industries Ltd
RACONTEUR.BO,Raconteur Global Resources Ltd
IDFCEOS6RG.BO,IDFC Equity Opportunity - Series 6 - Regular Plan - Growth Option
IDFCEOS6RD.BO,IDFC Equity Opportunity - Series 6 - Regular Plan - Dividend Payout  Option
IDFCEOS6DG.BO,IDFC Equity Opportunity - Series 6 - Direct Plan - Growth Option
IDFCEOS6DD.BO,IDFC Equity Opportunity - Series 6 - Direct Plan - Dividend Payout Option
HDFCAMC.BO,HDFC Asset Management Company Ltd
RADIOCITYPH.BO,RADIOCITYPH
VIVANTA.BO,Vivanta Industries Ltd
FRATELLI.BO,Fratelli Vineyards Ltd
TVF2D.BO,TATA Value Fund Series  2 - Regular Plan  - Dividend Payout Option
TVF2DZ.BO,TATA Value Fund Series  2 - Direct Plan  - Dividend Payout Option
TVF2G.BO,TATA Value Fund Series  2 - Regular  Plan  - Growth Option
TVF2GZ.BO,TATA Value Fund Series  2 - Direct Plan  - Growth Option
CREDITACC.BO,CreditAccess Grameen Ltd
AMINTAN.BO,Amin Tannery Ltd
DEEP.BO,Deep Polymers Ltd
SMEL.BO,Sungold Media and Entertainment Ltd
IPRU3168.BO,ICICI PRU Bharat Consumption Fund - Sr 4 - Cumulative
IPRU3169.BO,ICICI PRU Bharat Consumption Fund - Sr 4 - Dividend Payout Option
IPRU9370.BO,ICICI PRU Bharat Consumption Fund - Sr 4 - Direct Plan Cumulative
IPRU9371.BO,ICICI PRU Bharat Consumption Fund - Sr 4 - Direct Plan Dividend Payout
NEXT50IETF.BO,ICICI Prudential Nifty Next 50 ETF
ASRL.BO,Add-Shop ERetail Ltd
KTKIND7RG.BO,Kotak India Growth Fund Series 7 - Regular Plan - Growth Option
KTKIND7RD.BO,Kotak India Growth Fund Series 7 - Regular Plan - Dividend Option
KTKIND7DG.BO,Kotak India Growth Fund Series 7 - Direct Plan - Growth Option
KTKIND7DD.BO,Kotak India Growth Fund Series 7 - Direct Plan - Dividend Option
SPACEINCUBA.BO,Space Incubatrics Technologies Ltd
SGIL.BO,Synergy Green Industries Ltd
THYROBBPH.BO,THYROBBPH
RANJEET.BO,Ranjeet Mechatronics Ltd
IRCON.BO,IRCON International Ltd
SKYGOLD.BO,Sky Gold Ltd
SETFSN50.BO,SBI - ETF - SENSEX NEXT 50
MACH.BO,Mac Hotels Ltd
MANORAMA.BO,Manorama Industries Ltd
INNOVATIVE.BO,Innovative Ideals and Services (India) Ltd
NIOSAG.BO,NIPPON INDIA MUTUAL FUND  INDIA OPPT FD  SR A RG GWTH31JN22
NIOSAD.BO,NIPPON INDIA MUTUAL FUND  INDIA OPPT FD  SR A RG DVP31JN22
NIOSADG.BO,NIPPON INDIA MUTUAL FUND  INDIA OPPT FD  SR A DR GWTH31JN22
NIOSADD.BO,NIPPON INDIA MUTUAL FUND  INDIA OPPT FD  SR A DR DVP31JN22
AAVAS.BO,AAVAS Financiers Ltd
GENERAAGRI.BO,Genera Agri Corp Ltd
DCL.BO,Devoted Construction Ltd
GRSE.BO,Garden Reach Shipbuilders & Engineers Ltd
A1L.BO,A-1 Ltd
DOLFIN.BO,Dolfin Rubbers Ltd
TDPOWBBPH.BO,TDPOWBBPH
SHUBHAM.BO,Shubham Polyspin Ltd
AKI.BO,AKI India Ltd
SUNRETAIL.BO,Sun Retail Ltd
SMGOLD.BO,S. M. Gold Ltd
VIVIDM.BO,Vivid Mercantile Ltd
BCPL.BO,BCPL Railway Infrastructure Ltd
ATGL.BO,Adani Total Gas Ltd
LAXMIBBPH.BO,LAXMIBBPH
NETRIPPLES.BO,Netripples Software Ltd
PHOSPHATE.BO,The Phosphate Company Ltd
NIFTYETF.BO,MIRAE ASSET NIFTY 50 ETF (MAN50ETF)
TECHNOE.BO,Techno Electric & Engineering Company Ltd
RONI.BO,Roni Households Ltd
SKIFL.BO,Shree Krishna Infrastructure Ltd
DGL.BO,Diksha Greens Ltd
IPRU3218.BO,ICICI Prudential Bharat Consumption Fund - Series 5 - Cumulative Option
IPRU3219.BO,ICICI Prudential Bharat Consumption Fund - Series 5 - Dividend Payout Option
IPRU9420.BO,ICICI Prudential Bharat Consumption Fund - Series 5 -  Direct Plan - Cumulative Option
IPRU9421.BO,ICICI Prudential Bharat Consumption Fund - Series 5 -  Direct Plan - Dividend Payout  Option
ORIENTBBPH.BO,ORIENTBBPH
ARYAN.BO,Aryan Share and Stock Brokers Ltd
NIVAKA.BO,Nivaka Fashions Ltd
DALBHARAT.BO,Dalmia Bharat Ltd
ABSLNN50ET.BO,Aditya Birla Sun Life Nifty Next 50 ETF
NILASPACES.BO,Nila Spaces Ltd
SRD.BO,Shankar Lal Rampal Dye-Chem Ltd
TREJHARA.BO,Trejhara Solutions Ltd
AXISCCDID.BO,Axis Capital Builder Fund - Series 4 (1582 days)
AXISCCDGG.BO,Axis Capital Builder Fund - Series 4 (1582 days) -Direct Plan - Growth Option
AXISCCDPD.BO,Axis Capital Builder Fund - Series 4 (1582 days) -Regular Plan - Dividend Payout Option
AXISCCGPG.BO,Axis Capital Builder Fund - Series 4 (1582 days) - Regular Plan - Growth Option
DECCAN.BO,Deccan Health Care Ltd
SETLBBPH.BO,SETLBBPH
AXITA.BO,Axita Cotton Ltd
KPIGREEN.BO,KPI Green Energy Ltd
HIKLASS.BO,Hi-Klass Trading and Investment Ltd
RPSGVENT.BO,RPSG Ventures Ltd
SPENCERS.BO,Spencers Retail Ltd
GLOSTERLTD.BO,Gloster Ltd
XELPMOC.BO,Xelpmoc Design and Tech Ltd
SPACAPS.BO,SPA Capital Services Ltd
AARSHYAM.BO,Aar Shyam India Investment Company Ltd
RITCO.BO,Ritco Logistics Ltd
CHALET.BO,Chalet Hotels Ltd
PSLBBPH.BO,PSLBBPH
CYIENTBBPH.BO,CYIENTBBPH
ANMOL.BO,Anmol India Ltd
JONJUA.BO,Jonjua Overseas Ltd
KRANTI.BO,Kranti Industries Ltd
ANUP.BO,The Anup Engineering Ltd
GLEAM.BO,Gleam Fabmat Ltd
ARVINDFASN.BO,Arvind Fashions Ltd
MAHIP.BO,Mahip Industries Ltd
UTISXN50.BO,UTI BSE Sensex Next 50 ETF
AIHL.BO,Ambassador Intra Holdings Ltd
MAZDALTDBP.BO,MAZDALTDBP
INFYBBPH.BO,INFYBBPH
JYOTIN.BO,Jyot International Marketing Ltd
AGOL.BO,Ashapuri Gold Ornament Ltd
AARTECH.BO,Aartech Solonics Ltd
HBEL.BO,Humming Bird Education Ltd
MSTCLTD.BO,MSTC Ltd
ROOPSHRI.BO,Roopshri Resorts Ltd
CHANDNIMACH.BO,Chandni Machines Ltd
NSL.BO,Northern Spirits Ltd
CKFSL.BO,Cox & Kings Financial Service Ltd
RVNL.BO,Rail Vikas Nigam Ltd
METROPOLIS.BO,Metropolis Healthcare Ltd
KPITTECH.BO,KPIT Technologies Ltd
POLYCAB.BO,Polycab India Ltd
JINAAM.BO,Jinaams Dress Ltd
VRFILMS.BO,V R Films & Studios Ltd
VIKASLIFE.BO,Vikas Lifecare Ltd
NEOGEN.BO,Neogen Chemicals Ltd
GKP.BO,G. K. P. Printing & Packaging Ltd
WORL.BO,White Organic Retail Ltd
EVANS.BO,Evans Electric Ltd
BMW.BO,BMW Industries Ltd
AEPL.BO,Artemis Electricals and Projects Ltd
MAHESH.BO,Mahesh Developers Ltd
CHCL.BO,Cian Healthcare Ltd
DEL.BO,Dhanashree Electronics Ltd
HARISH.BO,Harish Textile Engineers Ltd
SUICH.BO,Suich Industries Ltd
PPL.BO,Prakash Pipes Ltd
DGCONTENT.BO,Digicontent Ltd
PARSHVA.BO,Parshva Enterprises Ltd
ARL.BO,Anand Rayons Ltd
MURAE.BO,Murae Organisor Ltd
SBC.BO,SBC Exports Ltd
INDIAMART.BO,IndiaMART InterMESH Ltd
CPML.BO,City Pulse Multiplex Ltd
SKIEL.BO,SK International Export Ltd
DCMNVL.BO,DCM Nouvelle Ltd
BANKIETF.BO,ICICI Prudential Nifty Bank ETF
SNXT50BEES.BO,Nippon India ETF S&P BSE Sensex Next 50
AFFLE.BO,Affle (India) Ltd
SEACOAST.BO,Seacoast Shipping Services Ltd
PVTBANIETF.BO,ICICI Prudential Nifty Private Bank ETF
SPANDANA.BO,Spandana Sphoorty Financial Ltd
SWSOLAR.BO,Sterling and Wilson Renewable Energy Ltd
TRANSPACT.BO,Transpact Enterprises Ltd
ALPHALOGIC.BO,Alphalogic Techsys Ltd
NOVATEOR.BO,Novateor Research Laboratories Ltd
360ONE.BO,360 ONE WAM LTD
IIFLCAPS.BO,IIFL Capital Services Ltd
MUFIN.BO,Mufin Green Finance Ltd
MISQUITA.BO,Misquita Engineering Ltd
GALACTICO.BO,Galactico Corporate Services Ltd
VEL.BO,Vaxfab Enterprises Ltd
NIESSPJ.BO,NIPPON INDIA EQUITY SAVINGS FUND - SEGREGATED PORTFOLIO 1 - DIVIDEND PLANDIVIDEND PAYOUT
NIESSPI.BO,NIPPON INDIA EQUITY SAVINGS FUND - SEGREGATED PORTFOLIO 1 - DIRECT QUARTERLY DIVIDEND PLAN REINVESTMENT
NIESSPB.BO,NIPPON INDIA EQUITY SAVINGS FUND - SEGREGATED PORTFOLIO 1 - DIRECT BONUS PLAN BONUS
NIESSPO.BO,NIPPON INDIA EQUITY SAVINGS FUND - SEGREGATED PORTFOLIO 1 - QUARTERLY DIVIDEND PLANDIVIDEND PAYOUT
NIESSPC.BO,NIPPON INDIA EQUITY SAVINGS FUND - SEGREGATED PORTFOLIO 1 - DIRECT DIVIDEND PLAN DIVIDEND PAYOUT
NIESSPP.BO,NIPPON INDIA EQUITY SAVINGS FUND - SEGREGATED PORTFOLIO 1 - QUARTERLY DIVIDEND PLAN REINVESTMENT
NIESSPA.BO,NIPPON INDIA EQUITY SAVINGS FUND - SEGREGATED PORTFOLIO 1 - BONUS PLANBONUS
NIESSPG.BO,NIPPON INDIA EQUITY SAVINGS FUND - SEGREGATED PORTFOLIO 1 - DIRECT MONTHLY DIVIDEND PLAN REINVESTMENT
FLUOROCHEM.BO,Gujarat Fluorochemicals Ltd
NIEHSPA.BO,NIPPON INDIA EQUITY HYBRID FUND - SEGREGATED PORTFOLIO 1- DIRECT DIVIDEND PLAN REINVESTMENT
NIEHSPB.BO,NIPPON INDIA EQUITY HYBRID FUND - SEGREGATED PORTFOLIO 1 - DIRECT MONTHLY DIVIDEND PLAN DIVIDEND PAYOUT
NIEHSPC.BO,NIPPON INDIA EQUITY HYBRID FUND - SEGREGATED PORTFOLIO 1 - DIRECT MONTHLY DIVIDEND PLAN REINVESTMENT
NIEHSPF.BO,NIPPON INDIA EQUITY HYBRID FUND - SEGREGATED PORTFOLIO 1 - QUARTERLY DIVIDEND PLAN REINVESTMENT
NIEHSPI.BO,NIPPON INDIA EQUITY HYBRID FUND - SEGREGATED PORTFOLIO 1 - DIRECT QUARTERLY DIVIDEND PLAN DIVIDEND PAYOUT
NIEHSPK.BO,NIPPON INDIA EQUITY HYBRID FUND - SEGREGATED PORTFOLIO 1 - DIRECT QUARTERLY DIVIDEND PLAN REINVESTMENT
NIEHSPM.BO,NIPPON INDIA EQUITY HYBRID FUND - SEGREGATED PORTFOLIO 1 - DIRECT DIVIDEND PLAN DIVIDEND PAYOUT
NIEHSPN.BO,NIPPON INDIA EQUITY HYBRID FUND - SEGREGATED PORTFOLIO 1 - MONTHLY DIVIDEND PLAN REINVESTMENT
IRCTC.BO,Indian Railway Catering and Tourism Corporation Ltd
NIESSPD.BO,NIPPON INDIA EQUITY SAVINGS FUND - SEGREGATED PORTFOLIO 1 - DIRECT DIVIDEND PLAN REINVESTMENT
NIESSPE.BO,NIPPON INDIA EQUITY SAVINGS FUND - SEGREGATED PORTFOLIO 1 - DIRECT GROWTH PLAN GROWTH
NIESSPF.BO,NIPPON INDIA EQUITY SAVINGS FUND - SEGREGATED PORTFOLIO 1 - DIRECT MONTHLY DIVIDEND PLAN DIVIDEND PAYOUT
NIEHSPD.BO,NIPPON INDIA EQUITY HYBRID FUND - SEGREGATED PORTFOLIO 1 - GROWTH PLAN GROWTH
NIESSPH.BO,NIPPON INDIA EQUITY SAVINGS FUND - SEGREGATED PORTFOLIO 1 - DIRECT QUARTERLY DIVIDEND PLAN DIVIDEND PAYOUT
NIEHSPE.BO,NIPPON INDIA EQUITY HYBRID FUND - SEGREGATED PORTFOLIO 1 - QUARTERLY DIVIDEND PLAN DIVIDEND PAYOUT
NIESSPK.BO,NIPPON INDIA EQUITY SAVINGS FUND - SEGREGATED PORTFOLIO 1 - DIVIDEND PLAN REINVESTMENT
NIEHSPG.BO,NIPPON INDIA EQUITY HYBRID FUND - SEGREGATED PORTFOLIO 1 - DIRECT GROWTH PLAN GROWTH
NIEHSPH.BO,NIPPON INDIA EQUITY HYBRID FUND - SEGREGATED PORTFOLIO 1 - DIVIDEND PLAN DIVIDEND PAYOUT
NIEHSPJ.BO,NIPPON INDIA EQUITY HYBRID FUND - SEGREGATED PORTFOLIO 1 - DIVIDEND PLAN REINVESTMENT
NIEHSPL.BO,NIPPON INDIA EQUITY HYBRID FUND - SEGREGATED PORTFOLIO 1 - MONTHLY DIVIDEND PLAN DIVIDEND PAYOUT
NIESSPL.BO,NIPPON INDIA EQUITY SAVINGS FUND - SEGREGATED PORTFOLIO 1 - GROWTH PLAN GROWTH
NIESSPM.BO,NIPPON INDIA EQUITY SAVINGS FUND - SEGREGATED PORTFOLIO 1 - MONTHLY DIVIDEND PLANDIVIDEND PAYOUT
NIESSPN.BO,NIPPON INDIA EQUITY SAVINGS FUND - SEGREGATED PORTFOLIO 1 - MONTHLY DIVIDEND PLAN REINVESTMENT
GOBLIN.BO,Goblin India Ltd
GENSOL.BO,Gensol Engineering Ltd
VISHWARAJ.BO,Vishwaraj Sugar Industries Ltd
GREENPANEL.BO,Greenpanel Industries Ltd
SHAHLON.BO,Shahlon Silk Industries Ltd
ABSLBANETF.BO,Aditya Birla Sun Life Nifty Bank ETF
MOUNT.BO,Mount Housing and Infrastructure Ltd
ANUROOP.BO,Anuroop Packaging Ltd
COLAB.BO,Colab Platforms Ltd
CSBBANK.BO,CSB Bank Ltd
UJJIVANSFB.BO,Ujjivan Small Finance Bank Ltd
HINDWAREAP.BO,Hindware Home Innovation Ltd
EASUN.BO,Easun Capital Markets Ltd
PRINCEPIPE.BO,Prince Pipes and Fittings Ltd
ASSAMENT.BO,Assam Entrade Ltd
GIANLIFE.BO,Gian Life Care Ltd
ARTEMISMED.BO,Artemis Medicare Services Ltd
SUMICHEM.BO,Sumitomo Chemical India Ltd
MIDCAPIETF.BO,ICICI Prudential Nifty Midcap 150 ETF
NEXT50.BO,Mirae Asset Nifty Next 50 ETF (MANXT50ETF)
JANUSCORP.BO,Janus Corporation Ltd
VARDHANCFL.BO,Vardhan Capital & Finance Ltd
BIRLATYRE.BO,Birla Tyres Ltd
UNIVPHOTO.BO,Universus Photo Imagings Ltd
CBPL.BO,Chandra Bhagat Pharma Ltd
ICLORGANIC.BO,ICL Organic Dairy Products Ltd
OCTAVIUSPL.BO,Octavius Plantations Ltd
SUVENPHAR.BO,Suven Pharmaceuticals Ltd
SMAUTO.BO,SM Auto Stamping Ltd
SBICARD.BO,SBI Cards and Payment Services Ltd
08MPD.BO,NIPPON INDIA EQUITY SAVINGS FUND -  SEGREGATED PORTFOLIO 2 - MONTHLY DIVIDEND PLAN(Issue Price: 0.01)
08ADR.BO,NIPPON INDIA EQUITY SAVINGS FUND -  SEGREGATED PORTFOLIO 2 - DIRECT DIVIDEND PLAN(Issue Price: 0.01)
08MPR.BO,NIPPON INDIA EQUITY SAVINGS FUND -  SEGREGATED PORTFOLIO 2 - MONTHLY DIVIDEND PLAN(Issue Price: 0.01)
08AMD.BO,NIPPON INDIA EQUITY SAVINGS FUND -  SEGREGATED PORTFOLIO 2 - DIRECT MONTHLY DIVIDEND PLAN(Issue Price: 0.01)
08AMR.BO,NIPPON INDIA EQUITY SAVINGS FUND -  SEGREGATED PORTFOLIO 2 - DIRECT MONTHLY DIVIDEND PLAN(Issue Price: 0.01)
08BPB.BO,NIPPON INDIA EQUITY SAVINGS FUND -  SEGREGATED PORTFOLIO 2 - BONUS PLAN(Issue Price: 0.01)
08GPG.BO,NIPPON INDIA EQUITY SAVINGS FUND -  SEGREGATED PORTFOLIO 2 - GROWTH PLAN(Issue Price: 0.01)
08ABB.BO,NIPPON INDIA EQUITY SAVINGS FUND -  SEGREGATED PORTFOLIO 2 - DIRECT BONUS PLAN(Issue Price: 0.01)
08QPD.BO,NIPPON INDIA EQUITY SAVINGS FUND -  SEGREGATED PORTFOLIO 2 - QUARTERLY DIVIDEND PLAN(Issue Price: 0.01)
08AGG.BO,NIPPON INDIA EQUITY SAVINGS FUND -  SEGREGATED PORTFOLIO 2 - DIRECT GROWTH PLAN(Issue Price: 0.01)
08QPR.BO,NIPPON INDIA EQUITY SAVINGS FUND -  SEGREGATED PORTFOLIO 2 - QUARTERLY DIVIDEND PLAN(Issue Price: 0.01)
08AQD.BO,NIPPON INDIA EQUITY SAVINGS FUND -  SEGREGATED PORTFOLIO 2 - DIRECT QUARTERLY DIVIDEND PLAN(Issue Price: 0.01)
08DPD.BO,NIPPON INDIA EQUITY SAVINGS FUND -  SEGREGATED PORTFOLIO 2 - DIVIDEND PLAN(Issue Price: 0.01)
08AQR.BO,NIPPON INDIA EQUITY SAVINGS FUND -  SEGREGATED PORTFOLIO 2 - DIRECT QUARTERLY DIVIDEND PLAN(Issue Price: 0.01)
08DPR.BO,NIPPON INDIA EQUITY SAVINGS FUND -  SEGREGATED PORTFOLIO 2 - DIVIDEND PLAN(Issue Price: 0.01)
08ADD.BO,NIPPON INDIA EQUITY SAVINGS FUND -  SEGREGATED PORTFOLIO 2 - DIRECT DIVIDEND PLAN(Issue Price: 0.01)
ROJL.BO,RO Jewels Ltd
COSPOWER.BO,Cospower Engineering Ltd
11DPR.BO,NIPPON INDIA EQUITY HYBRID FUND -  SEGREGATED PORTFOLIO 2DIVIDEND PLANDIVIDEND REINVESTMENT
11GPG.BO,NIPPON INDIA EQUITY HYBRID FUND -  SEGREGATED PORTFOLIO 2GROWTH PLAN GROWTH OPTIONGROWTH
11MPD.BO,NIPPON INDIA EQUITY HYBRID FUND -  SEGREGATED PORTFOLIO 2MONTHLY DIVIDEND PLANDIVIDEND PAYOUT
11MPR.BO,NIPPON INDIA EQUITY HYBRID FUND -  SEGREGATED PORTFOLIO 2MONTHLY DIVIDEND PLANREINVESTMENT
11QPD.BO,NIPPON INDIA EQUITY HYBRID FUND -  SEGREGATED PORTFOLIO 2QUARTERLY DIVIDEND PLANDIVIDEND PAYOUT
11QPR.BO,NIPPON INDIA EQUITY HYBRID FUND -  SEGREGATED PORTFOLIO 2QUARTERLY DIVIDEND PLANREINVESTMENT
11ADD.BO,NIPPON INDIA EQUITY HYBRID FUND -  SEGREGATED PORTFOLIO 2DIRECT PLAN DIVIDEND PLANDIVIDEND PAYOUT
11ADR.BO,NIPPON INDIA EQUITY HYBRID FUND -  SEGREGATED PORTFOLIO 2DIRECT PLAN DIVIDEND PLANDIVIDEND REINVESTMENT
11AGG.BO,NIPPON INDIA EQUITY HYBRID FUND -  SEGREGATED PORTFOLIO 2DIRECT GROWTH PLAN GROWTH OPTIONGROWTH
11AMD.BO,NIPPON INDIA EQUITY HYBRID FUND -  SEGREGATED PORTFOLIO 2DIRECT MONTHLY DIVIDEND PLANDIVIDEND PAYOUT
11AMR.BO,NIPPON INDIA EQUITY HYBRID FUND -  SEGREGATED PORTFOLIO 2DIRECT MONTHLY DIVIDEND PLANREINVESTMENT
11AQD.BO,NIPPON INDIA EQUITY HYBRID FUND -  SEGREGATED PORTFOLIO 2DIRECT QUARTERLY DIVIDEND PLANDIVIDEND PAYOUT
11AQR.BO,NIPPON INDIA EQUITY HYBRID FUND -  SEGREGATED PORTFOLIO 2DIRECT QUARTERLY DIVIDEND PLANREINVESTMENT
11DPD.BO,NIPPON INDIA EQUITY HYBRID FUND -  SEGREGATED PORTFOLIO 2DIVIDEND PLANDIVIDEND PAYOUT
POWERINDIA.BO,Hitachi Energy India Ltd
DJML.BO,DJ Mediaprint & Logistics Ltd
NIRMITEE.BO,Nirmitee Robotics India Ltd
NATURAL.BO,Natural Biocon (India) Ltd
REGIS.BO,Regis Industries Ltd
BILLWIN.BO,Billwin Industries Ltd
AARTISURF.BO,Aarti Surfactants Ltd
BONLON.BO,Bonlon Industries Ltd
BOROLTD.BO,Borosil Ltd
ROSSARI.BO,Rossari Biotech Ltd
NDRAUTO.BO,NDR Auto Components Ltd
SBGLP.BO,Suratwwala Business Group Ltd
ALPL30IETF.BO,ICICI Prudential Nifty Alpha Low- Volatility 30 ETF
MAXHEALTH.BO,Max Healthcare Institute Ltd
ITIETF.BO,ICICI Prudential Nifty IT ETF
MAXIND.BO,Max India Ltd
HDFCNIFBAN.BO,HDFC Nifty Banking ETF
UTIBANKETF.BO,UTI NIFTY BANK ETF
HAPPSTMNDS.BO,Happiest Minds Technologies Ltd
ROUTE.BO,Route Mobile Ltd
SAMRATFORG.BO,Samrat Forgings Ltd
ADVAIT.BO,Advait Energy Transitions Ltd
ADL.BO,Archidply Decor Ltd
CAMS.BO,Computer Age Management Services Ltd
CHEMCON.BO,Chemcon Speciality Chemicals Ltd
SECMARK.BO,SecMark Consultancy Ltd
ANGELONE.BO,Angel One Ltd
ATAM.BO,Atam Valves Ltd
MAZDOCK.BO,Mazagon Dock Shipbuilders Ltd
UTIAMC.BO,UTI Asset Management Company Ltd
GMPL.BO,G M Polyplast Ltd
LIKHITHA.BO,Likhitha Infrastructure Ltd
VGIL.BO,Veer Global Infraconstruction Ltd
HEMIPROP.BO,Hemisphere Properties India Ltd
EQUITASBNK.BO,Equitas Small Finance Bank Ltd
SHINEFASH.BO,Shine Fashions (India) Ltd
GLAND.BO,Gland Pharma Ltd
ESG.BO,Mirae Asset Nifty 100 ESG Sector Leaders ETF
NETPIX.BO,Net Pix Shorts Digital Media Ltd
RBA.BO,Restaurant Brands Asia Ltd
TARC.BO,Tarc Ltd
RVHL.BO,Ravinder Heights Ltd
FAIRCHEMOR.BO,Fairchem Organics Ltd
BECTORFOOD.BO,Mrs. Bectors Food Specialities Ltd
AWHCL.BO,Antony Waste Handling Cell Ltd
INFRABEES.BO,Nippon India ETF Nifty Infrastructure BeES
RFLL.BO,Rita Finance and Leasing Ltd
IRFC.BO,Indian Railway Finance Corporation Ltd
INDIGOPNTS.BO,Indigo Paints Ltd
HOMEFIRST.BO,Home First Finance Company India Ltd
STOVEKRAFT.BO,Stove Kraft Ltd
MRP.BO,MRP Agro Ltd
SMCGLOBAL.BO,SMC Global Securities Ltd
NURECA.BO,Nureca Ltd
RAILTEL.BO,RailTel Corporation of India Ltd
HERANBA.BO,Heranba Industries Ltd
DAVANGERE.BO,Davangere Sugar Company Ltd
DRCSYSTEMS.BO,DRC Systems India Ltd
ADJIA.BO,Adjia Technologies Ltd
MTARTECH.BO,MTAR Technologies Ltd
JUBLINGREA.BO,Jubilant Ingrevia Ltd
EASEMYTRIP.BO,Easy Trip Planners Ltd
KMEW.BO,Knowledge Marine & Engineering Works Ltd
SUUMAYA.BO,Suumaya Corporation Ltd
ANURAS.BO,Anupam Rasayan India Ltd
CRAFTSMAN.BO,Craftsman Automation Ltd
LXCHEM.BO,Laxmi Organic Industries Ltd
KALYANKJIL.BO,Kalyan Jewellers India Ltd
SURYODAY.BO,Suryoday Small Finance Bank Ltd
NAZARA.BO,Nazara Technologies Ltd
SUVIDHAA.BO,Suvidhaa Infoserve Ltd
NIKSTECH.BO,Niks Technology Ltd
BARBEQUE.BO,Barbeque-Nation Hospitality Ltd
EKI.BO,EKI Energy Services Ltd
RCAN.BO,Rajeshwari Cans Ltd
JETMALL.BO,Jetmall Spices and Masala Ltd
LODHA.BO,Macrotech Developers Ltd
DEEPINDS.BO,Deep Industries Ltd
KGES.BO,Kuberan Global Edu Solutions Ltd
MAFANG.BO,Mirae Asset NYSE FANG+ ETF
HEALTHIETF.BO,ICICI Prudential Nifty Healthcare ETF
IWEL.BO,Inox Wind Energy Ltd
VINEETLAB.BO,Vineet Laboratories Ltd
SHYAMMETL.BO,Shyam Metalics and Energy Ltd
SONACOMS.BO,Sona BLW Precision Forgings Ltd
NAVODAYENT.BO,Navoday Enterprises Ltd
DODLA.BO,Dodla Dairy Ltd
KIMS.BO,Krishna Institute of Medical Sciences Ltd
ADESHWAR.BO,Adeshwar Meditex Ltd
TIMESGREEN.BO,Times Green Energy (India) Ltd
IPL.BO,India Pesticides Ltd
FOCUS.BO,Focus Business Solution Ltd
GRINFRA.BO,G R Infraprojects Ltd
CLEAN.BO,Clean Science and Technology Ltd
AAPLUSTRAD.BO,AA Plus Tradelink Ltd
ZOMATO.BO,Zomato Ltd
TATVA.BO,Tatva Chintan Pharma Chem Ltd
ALIVUS.BO,Alivus Life Sciences Ltd
BFSI.BO,Mirae Asset Nifty Financial Services ETF
GCSL.BO,Gretex Corporate Services Ltd
ROLEXRINGS.BO,Rolex Rings Ltd
FMCGIETF.BO,ICICI Prudential Nifty FMCG ETF
EXXARO.BO,Exxaro Tiles Ltd
KRSNAA.BO,Krsnaa Diagnostics Ltd
WINDLAS.BO,Windlas Biotech Ltd
DEVYANI.BO,Devyani International Ltd
MOL.BO,Meghmani Organics Ltd
EPIGRAL.BO,Epigral Ltd
CARTRADE.BO,CarTrade Tech Ltd
NUVOCO.BO,Nuvoco Vistas Corporation Ltd
APTUS.BO,Aptus Value Housing Finance India Ltd
CHEMPLASTS.BO,Chemplast Sanmar Ltd
SHARPLINE.BO,Sharpline Broadcast Ltd
AASHKA.BO,Aashka Hospitals Ltd
AXISTECETF.BO,Axis NIFTY IT ETF
AXISHCETF.BO,Axis NIFTY Healthcare ETF
AMIORG.BO,Ami Organics Ltd
VIJAYA.BO,Vijaya Diagnostic Centre Ltd
NBL.BO,Naapbooks Ltd
POBS.BO,PlatinumOne Business Services Ltd
AXISCETF.BO,Axis NIFTY India Consumption ETF
SANSERA.BO,Sansera Engineering Ltd
PREVEST.BO,Prevest Denpro Ltd
MARKOLINES.BO,Markolines Pavement Technologies Ltd
MASPTOP50.BO,Mirae Asset S&P 500 Top 50 ETF
SBLI.BO,SBL Infratech Ltd
PARAS.BO,Paras Defence and Space Technologies Ltd
GETALONG.BO,Getalong Enterprise Ltd
SVRL.BO,Shri Venkatesh Refineries Ltd
ABSLAMC.BO,Aditya Birla Sun Life AMC Ltd
PROMAX.BO,Promax Power Ltd
SAMOR.BO,Samor Reality Ltd
ADISHAKTI.BO,Adishakti Loha and Ispat Ltd
CWD.BO,CWD Ltd
CONSUMIETF.BO,ICICI Prudential Nifty India Consumption ETF
NYKAA.BO,FSN E-Commerce Ventures Ltd
FINOPB.BO,Fino Payments Bank Ltd
SJS.BO,S.J.S. Enterprises Ltd
EQUAL50ADD.BO,DSP Nifty 50 Equal Weight ETF
SIGACHI.BO,Sigachi Industries Ltd
POLICYBZR.BO,PB Fintech Ltd
SGFRL.BO,Suyog Gurbaxani Funicular Ropeways Ltd
PAYTM.BO,One 97 Communications Ltd
SAPPHIRE.BO,Sapphire Foods India Ltd
LATENTVIEW.BO,Latent View Analytics Ltd
TARSONS.BO,Tarsons Products Ltd
OMNIPOTENT.BO,Omnipotent Industries Ltd
GOCOLORS.BO,Go Fashion (India) Ltd
DMR.BO,DMR Hydroengineering & Infrastructures Ltd
HITECH.BO,Hi-Tech Pipes Ltd
STARHEALTH.BO,Star Health and Allied Insurance Company Ltd
TEGA.BO,Tega Industries Ltd
MAHKTECH.BO,Mirae Asset Hang Seng TECH ETF
ANANDRATHI.BO,Anand Rathi Wealth Ltd
ZODIAC.BO,Zodiac Energy Ltd
RATEGAIN.BO,RateGain Travel Technologies Ltd
SHRIRAMPPS.BO,Shriram Properties Ltd
JETFREIGHT.BO,Jet Freight Logistics Ltd
MAPMYINDIA.BO,C.E. Info Systems Ltd
METROBRAND.BO,Metro Brands Ltd
MEDPLUS.BO,Medplus Health Services Ltd
DATAPATTNS.BO,Data Patterns (India) Ltd
HPAL.BO,HP Adhesives Ltd
SUPRIYA.BO,Supriya Lifescience Ltd
CLARA.BO,Clara Industries Ltd
WITS.BO,Wherrelz IT Solutions Ltd
MONQ50.BO,Motilal Oswal Nasdaq Q 50 ETF
MIDQ50ADD.BO,DSP Nifty Midcap 150 Quality 50 ETF
BRANDBUCKT.BO,Brandbucket Media & Technology Ltd
NIFTY50ADD.BO,DSP Nifty 50 ETF
CMSINFO.BO,CMS Info Systems Ltd
BCONCEPTS.BO,Brand Concepts Ltd
FABINO.BO,Fabino Enterprises Ltd
WEL.BO,Wonder Electricals Ltd
AUTOIETF.BO,ICICI Prudential Nifty Auto ETF
AGSTRA.BO,AGS Transact Technologies Ltd
ALKOSIGN.BO,Alkosign Ltd
MAKEINDIA.BO,Mirae Asset Nifty India Manufacturing ETF
AWL.BO,Adani Wilmar Ltd
QRIL.BO,Quality RO Industries Ltd
SSTL.BO,Safa Systems & Technologies Ltd
DEVIT.BO,Dev Information Technology Ltd
MANYAVAR.BO,Vedant Fashions Ltd
SPITZE.BO,Maruti Interior Products Ltd
MOMOMENTUM.BO,Motilal Oswal Nifty 200 Momentum 30 ETF
SOFTTECH.BO,Softtech Engineers Ltd
TECH.BO,Aditya Birla Sunlife Nifty IT ETF
HEALTHY.BO,Aditya Birla Sun Life Nifty Healthcare ETF
BSLNIFTY.BO,Aditya Birla Sun Life Nifty 50 ETF
EKENNIS.BO,Ekennis Software Service Ltd
MIDCAPETF.BO,Mirae Asset Nifty Midcap 150 ETF
EUREKAFORB.BO,Eureka Forbes Ltd
GATEWAY.BO,Gateway Distriparks Ltd
GMRP&UI.BO,GMR Power and Urban Infra Ltd
BCCL.BO,Bhatia Colour Chem Ltd
MSUMI.BO,Motherson Sumi Wiring India Ltd
ACHYUT.BO,Achyut Healthcare Ltd
EVOQ.BO,Evoq Remedies Ltd
MOLOWVOL.BO,Motilal Oswal S&P BSE Low Volatility ETF
AVROIND.BO,Avro India Ltd
UMAEXPORTS.BO,Uma Exports Ltd
VERANDA.BO,Veranda Learning Solutions Ltd
SEML.BO,Sunrise Efficient Marketing Ltd
DHYAANITR.BO,Dhyaani Tradeventtures Ltd
HARIOMPIPE.BO,Hariom Pipe Industries Ltd
EIGHTY.BO,Eighty Jewellers Ltd
SFSL.BO,Shashwat Furnishing Solutions Ltd
GLHRL.BO,Global Longlife Hospital and Research Ltd
FONE4.BO,Fone4 Communications (India) Ltd
NVENTURES.BO,Nanavati Ventures Ltd
CAMPUS.BO,Campus Activewear Ltd
RAINBOW.BO,Rainbow Children's Medicare Ltd
SILVERTUC.BO,Silver Touch Technologies Ltd
LICI.BO,Life Insurance Corporation of India
PRUDENT.BO,Prudent Corporate Advisory Services Ltd
VENUSPIPES.BO,Venus Pipes & Tubes Ltd
DELHIVERY.BO,Delhivery Ltd
PARADEEP.BO,Paradeep Phosphates Ltd
TIERRA.BO,Tierra Agrotech Ltd
ETHOSLTD.BO,Ethos Ltd
EMUDHRA.BO,eMudhra Ltd
AETHER.BO,Aether Industries Ltd
WEWIN.BO,We Win Ltd
SILVERPRL.BO,Silver Pearl Hospitality & Luxury Spaces Ltd
SCARNOSE.BO,Scarnose International Ltd
GOEL.BO,Goel Food Products Ltd
MODIS.BO,Modis Navnirman Ltd
PGCRL.BO,Pearl Green Clubs and Resorts Ltd
SAILANI.BO,Sailani Tours N Travels Ltd
KESAR.BO,Kesar India Ltd
BRRL.BO,B-Right Realestate Ltd
JAYANT.BO,Jayant Infratech Ltd
VEERKRUPA.BO,Veerkrupa Jewellers Ltd
HEALTHYLIFE.BO,Healthy Life Agritec Ltd
DDEVPLSTIK.BO,Ddev Plastiks Industries Ltd
MOHEALTH.BO,Motilal Oswal S&P BSE Healthcare ETF
MOM30IETF.BO,ICICI Prudential Nifty 200 Momentum 30 ETF
HDFCNIF100.BO,HDFC NIFTY 100 ETF
HDFCNEXT50.BO,HDFC Mutual Fund
INFRAIETF.BO,ICICI Prudential Nifty Infrastructure ETF
SYRMA.BO,Syrma SGS Technology Ltd
NIFTYQLITY.BO,Aditya Birla Sun Life Nifty 200 Quality 30 ETF
MOMENTUM.BO,Aditya Birla Sun Life Nifty 200 Momentum 30 ETF
MOVALUE.BO,Motilal Oswal S&P BSE Enhanced Value ETF
MOQUALITY.BO,Motilal Oswal S&P BSE Quality ETF
OLATECH.BO,Olatech Solutions Ltd
NATURO.BO,Naturo Indiabull Ltd
RHETAN.BO,Rhetan TMT Ltd
DREAMFOLKS.BO,Dreamfolks Services Ltd
DBOL.BO,Dhampur Bio Organics Ltd
DPL.BO,Dipna Pharmachem Ltd
EPBIO.BO,EP Biocomposites Ltd
TMB.BO,Tamilnad Mercantile Bank Ltd
VOEPL.BO,Virtuoso Optoelectronics Ltd
SISL.BO,Shantidoot Infra Services Ltd
KSOLVES.BO,Ksolves India Ltd
HARSHA.BO,Harsha Engineers International Ltd
HDFCQUAL.BO,HDFC NIFTY100 Quality 30 ETF
CONTAINE.BO,Containe Technologies Ltd
HDFCGROWTH.BO,HDFC NIFTY Growth Sectors 15 ETF
HDFCVALUE.BO,HDFC NIFTY50 Value 20 ETF
MAFIA.BO,Mafia Trends Ltd
TIPSFILMS.BO,Tips Films Ltd
SRSOLTD.BO,Silicon Rental Solutions Ltd
TLL.BO,Trident Lifeline Ltd
REETECH.BO,Reetech International Cargo and Courier Ltd
CARGOTRANS.BO,Cargotrans Maritime Ltd
CNCRD.BO,Concord Control Systems Ltd
INA.BO,Insolation Energy Ltd
CARGOSOL.BO,Cargosol Logistics Ltd
STML.BO,Steelman Telecom Ltd
VEDANTASSET.BO,Vedant Asset Ltd
MAAGHADV.BO,Maagh Advertising and Marketing Services Ltd
SECURCRED.BO,SecUR Credentials Ltd
EMIL.BO,Electronics Mart India Ltd
HDFCLOWVOL.BO,HDFC NIFTY100 Low Volatility 30 ETF
HDFCMOMENT.BO,HDFC NIFTY200 Momentum 30 ETF
PPLPHARMA.BO,Piramal Pharma Ltd
DCI.BO,Dc Infotech and Communication Ltd
PACE.BO,Pace E-Commerce Ventures Ltd
TRACXN.BO,Tracxn Technologies Ltd
NARMADA.BO,Narmada Agrobase Ltd
INFOBEAN.BO,Infobeans Technologies Ltd
HPIL.BO,Hindprakash Industries Ltd
DCXINDIA.BO,DCX Systems Ltd
DAPS.BO,DAPS Advertising Ltd
FUSION.BO,Fusion Finance Ltd
BIKAJI.BO,Bikaji Foods International Ltd
MEDANTA.BO,Global Health Ltd
TECHNOPACK.BO,Technopack Polymers Ltd
ACI.BO,Archean Chemical Industries Ltd
FIVESTAR.BO,Five-Star Business Finance Ltd
KAYNES.BO,Kaynes Technology India Ltd
HDFCNIFIT.BO,HDFC NIFTY IT ETF
HDFCPVTBAN.BO,HDFC NIFTY Private Bank ETF
INOXGREEN.BO,Inox Green Energy Services Ltd
BBTCL.BO,B&B Triplewall Containers Ltd
RUSTOMJEE.BO,Keystone Realtors Ltd
VINNY.BO,Vinny Overseas Ltd
AAATECH.BO,AAA Technologies Ltd
FINIETF.BO,ICICI Prudential Nifty Financial Services Ex-Bank ETF
AMBOAGRI.BO,Ambo Agritec Ltd
SIRCA.BO,Sirca Paints India Ltd
DHARMAJ.BO,Dharmaj Crop Guard Ltd
SARVESHWAR.BO,Sarveshwar Foods Ltd
UNIPARTS.BO,Uniparts India Ltd
GARGI.BO,PNGS Gargi Fashion Jewellery Ltd
COMMOIETF.BO,ICICI Prudential Nifty Commodities ETF
SULA.BO,Sula Vineyards Ltd
AFSL.BO,Abans Holdings Ltd
DRONACHRYA.BO,Droneacharya Aerial Innovations Ltd
LANDMARK.BO,Landmark Cars Ltd
IEL.BO,Indiabulls Enterprises Ltd
KFINTECH.BO,KFin Technologies Ltd
ELIN.BO,Elin Electronics Ltd
RADIANTCMS.BO,Radiant Cash Management Services Ltd
AVEER.BO,Aveer Foods Ltd
BANKETFADD.BO,DSP Nifty Bank ETF
SAH.BO,Sah Polymers Ltd
REXSEAL.BO,Rex Sealing and Packing Industries Ltd
SVS.BO,SVS Ventures Ltd
LOGICA.BO,Logica Infoway Ltd
KAMOPAINTS.BO,Kamdhenu Ventures Ltd
AARTIPHARM.BO,Aarti Pharmalabs Ltd
DHARNI.BO,Dharni Capital Services Ltd
TRANSVOY.BO,Transvoy Logistics India Ltd
BB1TEST7.BO,Hira Automobiles Ltd
BB2TEST7.BO,Oswal Leasing Ltd
EARTH.BO,Earthstahl & Alloys Ltd
ASHIKA.BO,Ashika Credit Capital Ltd
BTML.BO,Bodhi Tree Multimedia Ltd
NSLNISP.BO,NMDC Steel Ltd
INDONG.BO,Indong Tea Company Ltd
HDFCBSE500.BO,HDFC S&P BSE 500 ETF
HDFCSML250.BO,HDFC NIFTY Smallcap 250 ETF
HDFCMID150.BO,HDFC NIFTY Midcap 150 ETF
SEALMATIC.BO,Sealmatic India Ltd
ROBU.BO,Macfos Ltd
PATRON.BO,Patron Exim Ltd
SVJ.BO,S. V. J. ENTERPRISES Ltd
AMANAYA.BO,Amanaya Ventures Ltd
RESGEN.BO,Resgen Ltd
ITCONS.BO,ITCONS E-Solutions Ltd
AIRAN.BO,Airan Ltd
DIVGIITTS.BO,DIVGI TORQTRANSFER SYSTEMS Ltd
PCL.BO,Prospect Consumer Products Ltd
PSUBNKIETF.BO,ICICI Prudential Nifty PSU Bank ETF
SUDARSHAN.BO,Sudarshan Pharma Industries Ltd
GSLSU.BO,Global Surfaces Ltd
LABELKRAFT.BO,Labelkraft Technologies Ltd
BRIGHT.BO,Bright Outdoor Media Ltd
COMMAND.BO,Command Polymers Ltd
DEVLAB.BO,Dev Labtech Venture Ltd
AXSENSEX.BO,AXIS S&P BSE SENSEX ETF
LOWVOL.BO,Mirae Asset Nifty 100 Low Volatility 30 ETF
JAFINANCE.BO,J.A. Finance Ltd
USK.BO,Udayshivakumar Infra Ltd
BB3TEST7.BO,Hira Automobiles Ltd
BB4TEST7.BO,Oswal Leasing Ltd
MAIDEN.BO,Maiden Forgings Ltd
EMAMILTD7.BO,Emami Ltd
EXHICON.BO,Exhicon Events Media Solutions Ltd
AVALON.BO,Avalon Technologies Ltd
SANCODE.BO,Sancode Technologies Ltd
BLAL.BO,BEML Land Assets Ltd
RHL.BO,Robust Hotels Ltd
RETINA.BO,Retina Paints Ltd
MANKIND.BO,Mankind Pharma Ltd
INNOKAIZ.BO,Innokaiz India Ltd
AVG.BO,AVG Logistics Ltd
ATALREAL.BO,Atal Realtech Ltd
PIGL.BO,Power and Instrumentation (Gujarat) Ltd
SWATIPRO.BO,Swati Projects Ltd
PAVNAIND.BO,Pavna Industries Ltd
HSIL.BO,Hemant Surgical Industries Ltd
SIGMA.BO,Sigma Solve Ltd
GHCLTEXTIL.BO,GHCL Textiles Ltd
MKPL.BO,M. K. Proteins Ltd
CFF.BO,CFF Fluid Control Ltd
COMRADE.BO,Comrade Appliances Ltd
IKIO.BO,IKIO Lighting Ltd
SONALIS.BO,Sonalis Consumer Products Ltd
BIZOTIC.BO,Bizotic Commercial Ltd
ASIAN.BO,Asian Warehousing Ltd
COSMICCRF.BO,Cosmic CRF Ltd
HMAAGRO.BO,HMA Agro Industries Ltd
URAVIDEF.BO,Uravi Defence and Technology Ltd
VEEFIN.BO,Veefin Solutions Ltd
IDEAFORGE.BO,Ideaforge Technology Ltd
CYIENTDLM.BO,Cyient DLM Ltd
MACIND.BO,Machhar Industries Ltd
ITETFADD.BO,DSP Nifty IT ETF
SENCO.BO,Senco Gold Ltd
ALPHAIND.BO,Alphalogic Industries Ltd
ACCELERATE.BO,Acceleratebs India Ltd
KAKA.BO,Kaka Industries Ltd
JIOFIN.BO,Jio Financial Services Ltd
AHASOLAR.BO,Ahasolar Technologies Ltd
UTKARSHBNK.BO,Utkarsh Small Finance Bank Ltd
ASARFI.BO,Asarfi Hospital Ltd
BANKETF.BO,Mirae Asset Nifty Bank ETF
NETWEB.BO,Netweb Technologies India Ltd
SENSEXADD.BO,DSP BSE Sensex ETF
PSUBANKADD.BO,DSP Nifty PSU Bank ETF
PVTBANKADD.BO,DSP Private Bank ETF
YATHARTH.BO,Yatharth Hospital & Trauma Care Services Ltd
INNOVATUS.BO,Innovatus Entertainment Networks Ltd
NIITMTS.BO,NIIT Learning Systems Ltd
KHAZANCHI.BO,Khazanchi Jewellers Ltd
ATL.BO,Allcargo Terminals Ltd
TREL.BO,Transindia Real Estate Ltd
QUAL30IETF.BO,ICICI Prudential Nifty 200 Quality 30 ETF
REDTAPE.BO,Redtape Ltd
VLEGOV.BO,VL E-Governance & IT Solutions Ltd
SBFC.BO,SBFC Finance Ltd
CONCORDBIO.BO,Concord Biotech Ltd
CLEDUCATE7.BO,CL Educate Ltd
DPWIRES.BO,D.P. Wires Ltd
SHELTER.BO,Shelter Pharma Ltd
TVSSCS.BO,TVS Supply Chain Solutions Ltd
PYRAMID.BO,Pyramid Technoplast Ltd
SHOORA.BO,Shoora Designs Ltd
BONDADA.BO,Bondada Engineering Ltd
AEROFLEX.BO,Aeroflex Industries Ltd
VPRPL.BO,Vishnu Prakash R Punglia Ltd
NIFMID150.BO,UTI NIFTY MIDCAP 150 ETF
SHRAAITECH.BO,Shradha AI Technologies Ltd
RISHABH.BO,Rishabh Instruments Ltd
RATNAVEER.BO,Ratnaveer Precision Engineering Ltd
KAHAN.BO,Kahan Packaging Ltd
JLHL.BO,Jupiter Life Line Hospitals Ltd
RRKABEL.BO,R R Kabel Ltd
MESON.BO,Meson Valves India Ltd
EMSLIMITED.BO,EMS Ltd
SAMHI.BO,Samhi Hotels Ltd
ZAGGLE.BO,Zaggle Prepaid Ocean Services Ltd
SOUTHWEST.BO,South West Pinnacle Exploration Ltd
NAVINIFTY.BO,NAVI NIFTY 50 ETF
NUVAMA.BO,Nuvama Wealth Management Ltd
KALAMANDIR.BO,Sai Silks (Kalamandir) Ltd
SIGNATURE.BO,Signatureglobal (India) Ltd
TECHKGREEN.BO,Techknowgreen Solutions Ltd
YATRA.BO,Yatra Online Ltd
ARCL.BO,ARCL Organics Ltd
JSWINFRA.BO,JSW Infrastructure Ltd
MVGJL.BO,Manoj Vaibhav Gems N Jewellers Ltd
UDS.BO,Updater Services Ltd
ORGANICREC.BO,Organic Recycling Systems Ltd
VALIANTLAB.BO,Valiant Laboratories Ltd
SENSEXETF.BO,Mirae Asset S&P BSE Sensex ETF
CCAL.BO,City Crops Agro Ltd
SUNITATOOL.BO,Sunita Tools Ltd
VIVAA.BO,Vivaa Tradecom Ltd
PLAZACABLE.BO,Plaza Wires Ltd
IRMENERGY.BO,IRM Energy Ltd
ITETF.BO,Mirae Asset Nifty IT ETF
ALPHAETF.BO,Mirae Asset Nifty 200 Alpha 30 ETF
MAXESTATES.BO,Max Estates Ltd
BLUEJET.BO,Blue Jet Healthcare Ltd
VPL.BO,Vrundavan Plantation Ltd
CELLO.BO,Cello World Ltd
KKSHL.BO,KK Shah Hospitals Ltd
HONASA.BO,Honasa Consumer Ltd
MISHDESIGN.BO,Mish Designs Ltd
ESAFSFB.BO,ESAF Small Finance Bank Ltd
PROTEAN.BO,Protean eGov Technologies Ltd
ASKAUTOLTD.BO,ASK Automotive Ltd
KALYANI.BO,Kalyani Cast-Tech Ltd
ATUL7.BO,Atul Ltd
ARROWHEAD.BO,Arrowhead Seperation Engineering Ltd
IREDA.BO,Indian Renewable Energy Development Agency Ltd
FEDFINA.BO,Fedbank Financial Services Ltd
TATATECH.BO,Tata Technologies Ltd
GANDHAR.BO,Gandhar Oil Refinery (India) Ltd
FLAIR.BO,Flair Writing Industries Ltd
SPL.BO,Swashthik Plascon Ltd
DEEPAKCHEM.BO,Deepak Chemtex Ltd
AMIC.BO,Amic Forging Ltd
BAJEL.BO,Bajel Projects Ltd
INDIASHLTR.BO,India Shelter Finance Corporation Ltd
DOMS.BO,DOMS Industries Ltd
INOXINDIA.BO,INOX India Ltd
SIYARAM.BO,Siyaram Recycling Industries Ltd
BENCHMARK.BO,Benchmark Computer Solutions Ltd
MOTISONS.BO,Motisons Jewellers Ltd
SURAJEST.BO,Suraj Estate Developers Ltd
MUTHOOTMF.BO,Muthoot Microfin Ltd
SMARITIME.BO,Sahara Maritime Ltd
HAPPYFORGE.BO,Happy Forgings Ltd
MUFTI.BO,Credo Brands Marketing Ltd
SHANTIDENM.BO,Shanti Spintex Ltd
RBZJEWEL.BO,RBZ Jewellers Ltd
AZAD.BO,Azad Engineering Ltd
SUNCLAY.BO,Sundaram-Clayton Ltd
INNOVACAP.BO,Innova Captab Ltd
AIKPIPES.BO,AIK Pipes and Polymers Ltd
MCPL.BO,Manoj Ceramic Ltd
SBVCL.BO,Shri Balaji Valve Components Ltd
DIGIDRIVE.BO,Digidrive Distributors Ltd
SHILINDORE.BO,Sayaji Hotels (Indore) Ltd
JYOTICNC.BO,Jyoti CNC Automation Ltd
SWANAGRO.BO,New Swan Multitech Ltd
SHREE.BO,Shree Marutinandan Tubes Ltd
MEDIASSIST.BO,Medi Assist Healthcare Services Ltd
SHPLPUNE.BO,Sayaji Hotels (Pune) Ltd
QLL.BO,Qualitek Labs Ltd
NIFTYBETF.BO,Bajaj Finserv Nifty 50 ETF
BANKBETF.BO,Bajaj Finserv Nifty Bank ETF
EUPHORIAIT.BO,Euphoria Infotech (India) Ltd
EPACK.BO,EPACK Durable Ltd
NOVAAGRI.BO,Nova Agritech Ltd
BRISK.BO,Brisk Technovision Ltd
NIFITETF.BO,UTI NIFTY IT ETF
HARSHDEEP.BO,Harshdeep Hortico Ltd
MCFL.BO,Mayank Cattle Food Ltd
BLSE.BO,BLS E-Services Ltd
GPSL.BO,Gabriel Pet Straps Ltd
HEALTHADD.BO,DSP Nifty Healthcare ETF
HDFCPSUBK.BO,HDFC Nifty PSU Bank ETF
PARKHOTELS.BO,Apeejay Surrendra Park Hotels Ltd
JGTL.BO,Jasch Gauging Technologies Ltd
SIGNPOST.BO,Signpost India Ltd
JSFB.BO,Jana Small Finance Bank Ltd
RPTECH.BO,Rashi Peripherals Ltd
CAPITALSFB.BO,Capital Small Finance Bank Ltd
RUDRAGAS.BO,Rudra Gas Enterprise Ltd
ENTERO.BO,Entero Healthcare Solutions Ltd
LICNMID100.BO,LIC MF Nifty Midcap 100 ETF
VSTL.BO,Vibhor Steel Tubes Ltd
JUNIPER.BO,Juniper Hotels Ltd
SMALLCAP.BO,Mirae Asset Nifty Smallcap 250 Momentum Quality 100 ETF
GPTHEALTH.BO,GPT Healthcare Ltd
EXICOM.BO,Exicom Tele-Systems Ltd
PLATIND.BO,Platinum Industries Ltd
MUKKA.BO,Mukka Proteins Ltd
RKSWAMY.BO,R K Swamy Ltd
JGCHEM.BO,J.G.Chemicals Ltd
KOURA.BO,Koura Fine Diamond Jewelry Ltd
GOPAL.BO,Gopal Snacks Ltd
PESB.BO,Pune E - Stock Broking Ltd
SCILAL.BO,Shipping Corporation of India Land and Assets Ltd
ROYAL.BO,Royal Sense Ltd
PVSL.BO,Popular Vehicles and Services Ltd
KRYSTAL.BO,Krystal Integrated Services Ltd
KPGEL.BO,KP Green Engineering Ltd
CHATHA.BO,Chatha Foods Ltd
GCONNECT.BO,Gconnect Logitech and Supply Chain Ltd
VRUDDHI.BO,Vruddhi Engineering Works Ltd
SRM.BO,SRM Contractors Ltd
JAYKAILASH.BO,Jay Kailash Namkeen Ltd
DPABHUSHAN.BO,D.P. Abhushan Ltd
BHARTIHEXA.BO,Bharti Hexacom Ltd
GVL.BO,Greenhitech Ventures Ltd
FAALCON.BO,Faalcon Concepts Ltd
SHIVAM.BO,Shivam Chemicals Ltd
EMMFORCE.BO,Emmforce Autotech Ltd
JNKINDIA.BO,JNK India Ltd
VARYAA.BO,Varyaa Creations Ltd
AMKAY.BO,Amkay Products Ltd
SAI.BO,Sai Swami Metals and Alloys Ltd
STAL.BO,Storage Technologies and Automation Ltd
INDGN.BO,Indegene Ltd
FTL.BO,Finelistings Technologies Ltd
TBOTEK.BO,TBO TEK Ltd
TGIF.BO,TGIF Agribusiness Ltd
AADHARHFC.BO,Aadhar Housing Finance Ltd
AZTEC.BO,Aztec Fluids & Machinery Ltd
PIOTEX.BO,Piotex Industries Ltd
GODIGIT.BO,Go Digit General Insurance Ltd
MIDSMALL.BO,Mirae Asset Nifty Midsmallcap400 Momentum Quality 100 ETF
AWFIS.BO,Awfis Space Solutions Ltd
ASSOCIATED.BO,Associated Coaters Ltd
BOROSCI.BO,Borosil Scientific Ltd
ADTECH.BO,Adtech Systems Ltd
TOTEM.BO,Forbes Precision Tools and Machine Parts Ltd
KRONOX.BO,Kronox Lab Sciences Ltd
MAGENTA.BO,Magenta Lifecare Ltd
SATTRIX.BO,Sattrix Information Security Ltd
3CIT.BO,3C IT Solutions and Telecoms (India) Ltd
PURPLEFIN.BO,Purple Finance Ltd
IXIGO.BO,Le Travenues Technology Ltd
MID150CASE.BO,ZERODHA NIFTY MIDCAP 150 ETF
TOP100CASE.BO,ZERODHA NIFTY 100 ETF
COTFAB.BO,United Cotfab Ltd
BBNPNBETF.BO,Baroda BNP Paribas Nifty Bank ETF
RETAIL.BO,JHS Svendgaard Retail Ventures Ltd
DEEDEV.BO,Dee Development Engineers Ltd
GEMENVIRO.BO,GEM Enviro Management Ltd
AFIL.BO,Akme Fintrade (India) Ltd
DFPL.BO,Dindigul Farm Product Ltd
STANLEY.BO,Stanley Lifestyles Ltd
ABDL.BO,Allied Blenders and Distillers Ltd
VRAJ.BO,Vraj Iron And Steel Ltd
NPL.BO,National Peroxide Ltd
RELIABLE.BO,Reliable Data Services Ltd
BANSALWIRE.BO,Bansal Wire Industries Ltd
EMCURE.BO,Emcure Pharmaceuticals Ltd
EVINDIA.BO,Mirae Asset Nifty EV and New Age Automotive ETF
ACLD.BO,Aelea Commodities Ltd
THREEMPAPE.BO,Three M Paper Boards Ltd
SBINEQWETF.BO,SBI NIFTY50 EQUAL WEIGHT ETF
OILIETF.BO,ICICI Prudential Nifty Oil & Gas ETF
SANSTAR.BO,Sanstar Ltd
ABSLPSE.BO,Aditya Birla Sun Life Nifty PSE ETF
VVIPIL.BO,VVIP Infratech Ltd
CTLLAB.BO,Clinitech Laboratory Ltd
KIZI.BO,Kizi Apparels Ltd
AKUMS.BO,Akums Drugs and Pharmaceuticals Ltd
CEIGALL.BO,Ceigall India Ltd
AFCOM.BO,Afcom Holdings Ltd
OLAELEC.BO,Ola Electric Mobility Ltd
FIRSTCRY.BO,Brainbees Solutions Ltd
UNIECOM.BO,Unicommerce Esolutions Ltd
METALIETF.BO,ICICI Prudential Nifty Metal ETF
SSDL.BO,Saraswati Saree Depot Ltd
BROACH.BO,Broach Lifecare Hospital Ltd
INTERARCH.BO,Interarch Building Products Ltd
MFML.BO,Mahalaxmi Fabric Mills Ltd
GLOBALE.BO,Globale Tessile Ltd
ORIENTTECH.BO,Orient Technologies Ltd
RAL.BO,Resourceful Automobile Ltd
RAPID.BO,Rapid Multimodal logistics Ltd
PREMIERENE.BO,Premier Energies Ltd
ECOSMOBLTY.BO,ECOS (India) Mobility & Hospitality Ltd
RAYMONDLSL.BO,Raymond Lifestyle Ltd
MULTICAP.BO,Mirae Asset Nifty500 Multicap 50:25:25 ETF
TRAVELS.BO,Travels & Rentals Ltd
STYLEBAAZA.BO,Baazar Style Retail Ltd
GALAPREC.BO,Gala Precision Engineering Ltd
NHL.BO,Naturewings Holidays Ltd
RVTH.BO,Revathi Equipment India Ltd
TOP10ADD.BO,DSP Nifty Top 10 Equal Weight ETF
MCEL.BO,Mach Conferences And Events Ltd
BALAJEE.BO,Shree Tirupati Balajee Agro Trading Company Ltd
SANOFICONR.BO,Sanofi Consumer Healthcare India Ltd
SSL.BO,Share Samadhan Ltd
BAJAJHFL.BO,Bajaj Housing Finance Ltd
KROSS.BO,Kross Ltd
TOLINS.BO,Tolins Tyres Ltd
PNGJL.BO,P N Gadgil Jewellers Ltd
SAFE.BO,Sodhani Academy of Fintech Enablers Ltd
WCIL.BO,Western Carriers (India) Ltd
PFL.BO,Popular Foundations Ltd
NORTHARC.BO,Northern Arc Capital Ltd
ARKADE.BO,Arkade Developers Ltd
MANBA.BO,Manba Finance Ltd
KRN.BO,KRN Heat Exchanger And Refrigeration Ltd
DIFFNKG.BO,Diffusion Engineers Ltd
NEXXUS.BO,Nexxus Petro Industries Ltd
BANKPSU.BO,Mirae Asset Nifty PSU Bank ETF
SUBAM.BO,Subam Papers Ltd
METAL.BO,Mirae Asset Nifty Metal ETF
NPFL.BO,Neopolitan Pizza And Foods Ltd
KGVL.BO,Khyati Global Ventures Ltd
GARUDA.BO,Garuda Construction and Engineering Ltd
SHIVTEXCHEM.BO,Shiv Texchem Ltd
MGEL.BO,Mangalam Global Enterprise Ltd
HYUNDAI.BO,Hyundai Motor India Ltd
VAL30IETF.BO,ICICI Prudential Nifty200 Value 30 ETF
DBEIL.BO,Deepak Builders and Engineers India Ltd
WAAREEENER.BO,Waaree Energies Ltd
OCCLLTD.BO,OCCL Ltd
GODAVARIB.BO,Godavari Biorefineries Ltd
AFCONS.BO,Afcons Infrastructure Ltd
ABINFRA.BO,A B Infrabuild Ltd
SAGILITY.BO,Sagility India Ltd
ACMESOLAR.BO,ACME Solar Holdings Ltd
SWIGGY.BO,Swiggy Ltd
NIVABUPA.BO,Niva Bupa Health Insurance Company Ltd
MANGALCOMP.BO,Mangal Compusolution Ltd
BLACKBUCK.BO,Zinka Logistics Solutions Ltd
NTPCGREEN.BO,NTPC Green Energy Ltd
EIEL.BO,Enviro Infra Engineers Ltd
RAJESH.BO,Rajesh Power Services Ltd
ONESOURCE.BO,Onesource Specialty Pharma Ltd
SURAKSHA.BO,Suraksha Diagnostic Ltd
ROSSTECH.BO,Rossell Techsys Ltd
NISUS.BO,Nisus Finance Services Co Ltd
ODIGMA.BO,Odigma Consultancy Solutions Ltd
INNOVANA.BO,Innovana Thinklabs Ltd
TTC.BO,Toss The Coin Ltd
JUNGLECAMP.BO,Jungle Camps India Ltd
MOBIKWIK.BO,One Mobikwik Systems Ltd
SAILIFE.BO,Sai Life Sciences Ltd
VMM.BO,Vishal Mega Mart Ltd
HILLTONE.BO,Hilltone Software and Gases Ltd
IKS.BO,Inventurus Knowledge Solutions Ltd
YASHHV.BO,Yash Highvoltage Ltd
IGIL.BO,International Gemmological Institute India Ltd
HAMPS.BO,Hamps Bio Ltd
NACDAC.BO,NACDAC Infrastructure Ltd
SANATHAN.BO,Sanathan Textiles Ltd
CEWATER.BO,Concord Enviro Systems Ltd
DAMCAPITAL.BO,DAM Capital Advisors Ltd
TRANSRAILL.BO,Transrail Lighting Ltd
MAMATA.BO,Mamata Machinery Ltd
SENORES.BO,Senores Pharmaceuticals Ltd
CARRARO.BO,Carraro India Ltd
VENTIVE.BO,Ventive Hospitality Ltd
UNIMECH.BO,Unimech Aerospace and Manufacturing Ltd
CONSUMER.BO,Mirae Asset Nifty India New Age Consumption ETF
CITICHEM.BO,Citichem India Ltd
ITCHOTELS.BO,ITC Hotels Ltd
ECAPINSURE.BO,Edelweiss BSE Capital Markets & Insurance ETF
TECHNICHEM.BO,Technichem Organics Ltd
INDOFARM.BO,Indo Farm Equipment Ltd
VANDU.BO,Leo Dryfruits & Spices Trading Ltd
PARMESHWAR.BO,Parmeshwar Metal Ltd
DAVIN.BO,Davin Sons Retail Ltd
FABCLEAN.BO,Fabtech Technologies Cleanrooms Ltd
SGLTL.BO,Standard Glass Lining Technology Ltd
INDOBELL.BO,Indobell Insulations Ltd
BRGIL.BO,B.R.Goyal Infrastructure Ltd
QUADFUTURE.BO,Quadrant Future Tek Ltd
AVAX.BO,Avax Apparels and Ornaments Ltd
LAXMIDENTL.BO,Laxmi Dental Ltd
RIKHAV.BO,Rikhav Securities Ltd
LICL.BO,Landmark Immigration Consultants Ltd
STALLION.BO,Stallion India Fluorochemicals Ltd
CNINFOTECH.BO,Capitalnumbers Infotech Ltd
SHRIPISTON.BO,Shriram Pistons & Rings Ltd
DENTA.BO,Denta Water and Infra Solutions Ltd
RRECL.BO,RDB Real Estate Constructions Ltd
CLN.BO,CLN Energy Ltd
GBLOGISTIC.BO,GB Logistics Commerce Ltd
HMEML.BO,H.M. Electro Mech Ltd
AGARWALEYE.BO,Dr. Agarwals Health Care Ltd
MALPANI.BO,Malpani Pipes And Fittings Ltd
NEXT30ADD.BO,DSP BSE Sensex Next 30 ETF
AMWILL.BO,Amwill Health Care Ltd
SOLARIUM.BO,Solarium Green Energy Ltd
JUBLCPL.BO,Jubilant Agri and Consumer Products Ltd
AJAXENGG.BO,AJAX Engineering Ltd
COVANCE.BO,Covance Softsol Ltd
HEXT.BO,Hexaware Technologies Ltd
BAJAJINDEF.BO,Indef Manufacturing Ltd
SHANMUGA.BO,Shanmuga Hospital Ltd
LKMEHTA.BO,L.K.Mehta Polymers Ltd
QPOWER.BO,Quality Power Electrical Equipments Ltd
SWASTH.BO,Swasth Foodtech India Ltd
BEEZAASAN.BO,Beezaasan Explotech Ltd
NUKLEUS.BO,Nukleus Office Solutions Ltd
VIKRAMAR.BO,Vikram Aroma Ltd
SHREENATH.BO,Shreenath Paper Products Ltd
NAPSGLOBAL.BO,NAPS Global India Ltd
SELECTIPO.BO,Mirae Asset BSE Select IPO ETF
EQUAL200.BO,Mirae Asset BSE 200 Equal Weight ETF
PSPL.BO,PDP Shipping & Projects Ltd
PRABHA.BO,Prabha Energy Ltd
SUPERIRON.BO,Super Iron Foundry Ltd
AXISVALUE.BO,Axis Nifty500 Value 50 ETF
PPARIVAH.BO,Paradeep Parivahan Ltd
SBIBPB.BO,SBI BSE PSU BANK ETF
SPECTRUM.BO,Spectrum Electrical Industries Ltd
DESCO.BO,Desco Infratech Ltd
SENSEXIETF.BO,ICICI Prudential BSE Sensex ETF
TATAMTRDVR.BO,Tata Motors  Ltd - DVR
FELDVR.BO,Future Enterprises Ltd_DVR
GUJNREDVR.BO,Gujarat NRE Coke  Ltd
JISLDVREQS.BO,Jain Irrigation Systems Ltd_DVR
GATECHDVR.BO,GACM Technologies Ltd
STAN.BO,Standard Chartered PLC
CHETTICE.BO,Chettinad Cement Corporation Ltd
KARURVYSYA.BO,Karur Vysya Bank Ltd
LOTTE.BO,Lotte India Corporation Ltd
VEEDOL.BO,Veedol Corporation Ltd
AMRUTANJAN.BO,Amrutanjan Health Care Ltd
GRABAL.BO,Grabal Alok Impex Ltd
MOVINGPI.BO,Moving Picture Company India Ltd
USHAINTL.BO,Usha International Ltd
XPROINDIA.BO,Xpro India Ltd
UTIUS64I10.BO,UTIUS64I10
UTIUS64I12.BO,UTIUS64I12
HISARMETAL.BO,Hisar Metal Industries Ltd
BHARATRAS.BO,Bharat Rasayan Ltd
EASTSILK.BO,Eastern Silk Industries Ltd
ELGIRUB.BO,Elgi Rubber Company Ltd
FACT.BO,Fertilizers and Chemicals Travancore Ltd
GINNIFILA.BO,Ginni Filaments Ltd
GODAVARIF.BO,Godavari Fertilisers & Chemicals Ltd
JAYPEE.BO,Jaypee Hotels Ltd
NICCO.BO,Nicco Corporation Ltd
RPGTRAN.BO,RPG Transmission Ltd
SPIC.BO,Southern Petrochemicals Industries Corporation Ltd
DENORA.BO,De Nora India Ltd
SEPSL.BO,Schneider Electric President Systems Ltd
TIRFOAM.BO,Tirupati Foam Ltd
KALPAPER.BO,Kalptaru Papers Ltd
STEELXIND1.BO,Steel Exchange India  Ltd
VISUINTL.BO,Visu International Ltd
KAVVERITEL.BO,Kavveri Telecom Products Ltd
HARITASEAT.BO,Harita Seating Systems Ltd
TEZPORE.BO,Tezpore Tea Company Ltd
SMRUTHI.BO,Smruthi Organics Ltd
CSSTECH2.BO,CSS Technergy  Ltd
SAKSOFT.BO,Saksoft Ltd
KARMOB.BO,Kar Mobiles Ltd
JEYPORE.BO,Jeypore Sugar Company Ltd
POLYSPIN1.BO,Polyspin Exports Ltd
SALONA.BO,Salona Cotspin Ltd
EQUIPPP.BO,Equippp Social Impact Technologies Ltd
BRUSHMAN.BO,Brushman India Ltd
ANDHRSUGAR.BO,Andhra Sugars Ltd
DUNCANSLTD.BO,Duncans Industries Ltd
IMPAL.BO,India Motor Parts & Accessories Ltd
KCP.BO,KCP Ltd
KHAITANLTD.BO,Khaitan (India) Ltd
RADAAN.BO,Radaan Mediaworks India Ltd
SUNDARMFIN.BO,Sundaram Finance Ltd
SUNDRMBRAK.BO,Sundaram Brake Linings Ltd
WHEELS.BO,Wheels India Ltd
ORTIN.BO,Ortin Laboratories    Ltd
LAMBODHARA.BO,Lambodhara Textile Ltd
CAMSONBIO2.BO,Camson Bio Technologies  Ltd
RANKLIN.BO,Ranklin Solutions Ltd
MAITHANALL.BO,Maithan Alloys Ltd
JOONKTOLL1.BO,Joonktollee Tea & Industries  Ltd
EASTERNGAS1.BO,Eastern Gases Ltd
BRAHMANAN.BO,Brahmanand Himghar Ltd
LOHIASEC.BO,Lohia Securities Ltd
MAVENSBIO.BO,Mavens Biotech Ltd
KANCOENT.BO,Kanco Enterprises Ltd
GLOSTER2.BO,Gloster  Ltd
ORISSAMINE.BO,Orissa Minerals Development Company Ltd
ELLENBARR.BO,Ellenbarrie Industrial Gases Ltd
ADINATHBI.BO,Adinath Bio-Labs Ltd
CIGNITI2.BO,Cigniti Technologies  Ltd
SWAGRO.BO,Swarnajyothi Agrotech & Power Ltd
TRINETHRA.BO,Trinethra Infra Ventures Ltd
TRIMURTHI1.BO,Trimurthi Drugs & Pharmaceuticals Ltd
FARMAXIND.BO,Farmax India Ltd
UTISUNDER.BO,UTI Mutual Fund - S&P CNX Nifty UTI Notional DEpository Receipt (SUNDER)
NIFTYBEES.BO,Nippon India ETF Nifty 50 BeES
JUNIORBEES.BO,Nippon India ETF Nifty Next 50 Junior BeES
BANKBEES.BO,Nippon India ETF Nifty Bank BeES
PSUBANK.BO,Kotak Nifty PSU Bank ETF
PSUBNKBEES.BO,Nippon India ETF Nifty PSU Bank BeES
SHARIABEES.BO,Nippon India ETF Nifty 50 Shariah BeES
QNIFTY.BO,Quantum Nifty 50 ETF
VAISHNAVI.BO,Vaishnavi Gold Ltd
KOTAKNIFTY2.BO,Kotak Mahindra Mutual Fund - Kotak Nifty ETF
TAAZAINT2.BO,Arunjyoti Enterprises Ltd
MOM50.BO,Motilal Oswal MOSt Shares M50 ETF
7SEAS.BO,7Seas Technologies Ltd
MAHAVEERINF.BO,Mahaveer       Infoway Ltd
INFRONICS1.BO,Infronics Systems  Ltd
PROVEST.BO,Provestment Services Ltd
PILANIINV.BO,Pilani Investment and Industries Corporation Ltd
ASHIKACR.BO,Ashika Credit Capital Ltd
DENORABBPH.BO,DENORABBPH
RUNEECHA.BO,Runeecha Textiles Ltd
GRADIENTE.BO,Gradiente Infotainment Ltd
SHREETULSI.BO,Shree Tulsi Online.Com Ltd
STARDELTA2.BO,Star Delta Transformers Ltd
OKANCOTEA.BO,Kanco Tea & Industries Ltd
SREEL2.BO,Sreeleathers  Ltd
JAYMAHESH.BO,Jay Mahesh Infraventures Ltd
GENERA.BO,Genera Agri Corp Ltd
MADRASFERT.BO,Madras Fertilizers Ltd
BANKNIFTY1.BO,Kotak Nifty Bank ETF
SETFNIFBK.BO,SBI-ETF NIFTY BANK
SETFNIF50.BO,SBI-ETF NIFTY 50
$SAKTI52.BO,SAKTHI SUG L
PRESYNT.BO,Premier Synthetics Ltd
BLBLEND.BO,Blue Blends (India) Ltd
BLBLNDS.BO,Blue Blends India Ltd
SAKSUGL.BO,SAKTH SVGAR
STELCORDM.BO,STELCO GUJ
SKUMSYN.BO,S. Kumars Nationwide Ltd
ICICICRP.BO,ICICI CRP
ICICR.BO,ICICI CRP2
SAKSUGR.BO,SHAKTISUGAR
BILINDS.BO,BIL Industries Ltd
BILINDT.BO,BIL Industries Ltd
BLUEBLN.BO,BLUEBLEND
BLEBLNI.BO,Blue Blends (India) Ltd
UMSPLST.BO,UMI SPL ST
CTRMFGR.BO,CTR MNFR IND
ICICORPO.BO,ICICORPORATI
ICIPFP2.BO,ICICORPORATE
RAJMECH.BO,RAJENDRA MEC
MANSCRP.BO,Mansarover Paper & Industries Ltd
ICICICRP4.BO,ICICI CRP4DM
AAMTOPR.BO,AAMCOL TL PR
SKSUGAR.BO,Sakthi Sugars Ltd
ICIP5.BO,ICICI CRP P5
ICICPR6.BO,ICICI CRP P6
ICICPR7.BO,ICICI CRP P7
ICICPR8.BO,ICICI CRP P8
ICIP9.BO,ICICI CRP P9
ICIPT.BO,ICIC CRP P10
ICICRPE.BO,ICIC CRP P11
ICICTWL.BO,ICIC CRP P12
ICICRTH.BO,ICIC CRP P13
ICICRPF.BO,ICIC CRP P14
SHBEARI.BO,Shriram Bearings Ltd
SAKTSUG.BO,SAKTI SUGARS
BINYLTD.BO,BINNYLIMITED
MIRCHTECHNO.BO,MIRCH TECHNL
SWRUBER.BO,Swastik Rubber Products Ltd
SWSTRUB.BO,Swastik Rubber Products Ltd
TATACNS.BO,TATACONSTRUS
PNYAMCM.BO,PANYAM CEMNT
ORENTAB.BO,ORIENT ABRES
SWSURFC.BO,Swastik Surfactants Ltd
FABWRT.BO,Uniworth Textiles Ltd
MAHESWR.BO,MAHESHWARI M
MCHFERT.BO,MANGLORCHFRT
MCFRTS.BO,MANGLORCHFRT
CITRIC.BO,CITRICINDIA
JKINVESTODM.BO,J K INVESTO
DERCOOL.BO,DERCO COLING
KIRTINV.BO,KIRTINVEST
NAVBHARDM.BO,NAV BHARAT
MEDICRTDM.BO,MEDI CORPTEK
APARI.BO,APAR IND
SKSYNFB.BO,S. Kumars Nationwide Ltd
SKSNFAB.BO,S. Kumars Nationwide Ltd
SKUMSNB.BO,S. Kumars Nationwide Ltd
SKUMARF.BO,S. Kumars Nationwide Ltd
SKUMSYF.BO,S. Kumars Nationwide Ltd
SRIMSPG.BO,Sri Malini Spinning Mills Ltd
MANTHCO.BO,MANTRI HOUSI
MANTRHS.BO,MANTRI HOUSI
GRESCDM.BO,GREAT EASCOL
GRAESDM.BO,GREAT EASTCO
GESPCDM.BO,GREAT ESTCOL
GRESHDM.BO,GREAT ESIPCO
UNIABEX.BO,UNI ABEX ALO
KDLBIOL.BO,KDL BIOTECHL
GRATEAC.BO,GREAT ESHCOL
GREATESTC.BO,GREAT EASTCL
GLENCRPC.BO,GLENMRK CRP
MARICOCRP.BO,MARICO INDUS
SUNPHCRP.BO,SUN PHARMA
ASHOKLEFCRP.BO,ASH LEYL FIN
MAHASEAMCRP.BO,MAHARSH SEAM
JAYAGCRP.BO,JAYAN AG OG
THRPRE.BO,THERMAX
UNITEDPHCRP.BO,UNITEDPHOCRP
ARROWPS.BO,ARROW PS
ESTERCRPS.BO,ESTER CRPS
TIMEXPS.BO,Timex Group India Ltd
ASAHIPS.BO,ASAHI CRPD
ALOKCRPS.BO,ALOK 10%CRPS
NICHOLASPS.BO,NICHOLAS CRP
NICHOPS.BO,NICHO CRPS
FEROALCRP.BO,FERROALL CRP
MERCATORCRP.BO,MERCALIN CRP
ESSARSTPS.BO,ESSAR ST PS
FACORALLPS.BO,FACOR ALL PS
FACORSTEPS.BO,FACOR STE PS
MARKSANPS.BO,MARKS PRFSH
MASLCRPS.BO,MAHIND CRPS
THOMASPSA.BO,THOMS RPSA
AMRITBNPS.BO,AMRITBNPS
PRUCORPDM.BO,PRUDENTIALSG
$SHENTCH.BO,Shentracon Chemicals Ltd
$PRECICT.BO,PRECI CONTNR
CLFMENT.BO,CLASS FILAME
SREINFN.BO,SREI INTERNA
SRINFIN.BO,SREI INTERNATIONAL FINANCE
SCHLENG.BO,SCHLAFHORST
GULOILI.BO,GULF OIL IND
PRSYNLT.BO,Parasrampuria Synthetics Ltd
CRDFINL.BO,Credential Finance Ltd
BALJHOT.BO,Balaji Hotels And Enterprises Ltd
SKUMSNF.BO,S. Kumars Nationwide Ltd
SKSYNFA.BO,S. Kumars Nationwide Ltd
NAGCCPSDM.BO,NAG AGR CCPS
SRAMASM.BO,SH RAM ASMGT
MANGALP.BO,MANGALAMCEME
TAFINANDM.BO,TATAFINANCE
MANTHSG.BO,MANTRI HOUSI
KOPDRLT.BO,KDL Biotech Ltd
ASLEFDM.BO,ASH LEYL FIN
MAHASEADM.BO,MAHARASH SEAM
TATFINCDM.BO,TATA FINANCE
FLEXOOCPS.BO,FLEXOFILM PS
UBROCPS.BO,UNITED BREWE
PIDRUGOCPS.BO,PI DRUGS PS
NETW18PCCPS.BO,NETW18PCCPS
TRENTCCCPSA.BO,TRENTCCCPSA
TRENTCCCPSB.BO,TRENTCCCPSB
TAINCOR.BO,TATA INV COR
SQLSRIN.BO,SQL STAR INT
JIKINDU.BO,JIK INDUSTRI
HITACHI.BO,HITACHI HOME
SANGIR.BO,SANGAM INDIA
ALEMBR.BO,ALEMBIC LTD
SAINTR.BO,SAINT-GOBAIN
DGOLDR.BO,DECCAN GOLD
TELDATAR.BO,TEL DATA IN
MUKANDR.BO,MUKAND
SPICENETR.BO,SPICE NET
VARUNSHIPLR.BO,VARUN SHIPNG
SCHENHELR.BO,SCHENECTADY
NEEMTEKLR.BO,NEEMTEK ORGA
DEWANHLR.BO,DEWAN HOU FI
KAIRALR.BO,KAIRA CAN CO
KTKBAKLR.BO,KARNATAKA B
SHALPRDLR.BO,SHALIMARPRD
INGVYSYALR.BO,ING VYSYA BK
SIRPURLR.BO,SIRPUR PAP
SAREGAMALR.BO,SAREGAMA IND
SOUTHIRLR.BO,SOUTH IRN ST
BALPHLR.BO,BAL PHARMA
OUDHLR.BO,OUDHSUGARLR
BATALR.BO,BATAINDLR
TRENTLR.BO,TRENT LR
JMCPROJLR.BO,JMCPROJETCLR
ENNOREFOULR.BO,ENNOREFOULR
APPAPERLR.BO,APPAPERLR
GATILR.BO,GATILR
NICPIRMALLR.BO,NICPIRAMALLR
GVFILMSLR.BO,GVFILMSLR
COMFINTELR.BO,COMFORINTLR
TILAKINDLR.BO,TILAKINDLR
COLORCHLR.BO,COLORCHIPSLR
SIMBALSLR.BO,SIMBALSLR
SOBTLR.BO,SOBTLR
CENTEXTRLR.BO,CENTEXTRLR
SHPRECOATLR.BO,SHPRECOATLR
LAKSHMIPRLR.BO,LAKSHMIPRLR
APWPRESLR.BO,APWPRESLR
HINDALCOLR.BO,HINDALCOLR
RAMCOSYSLR.BO,RAMCOSYSLR
DOLPHINMELR.BO,DOLPHINMEDLR
PRIYADSPLR.BO,PRIYASPINLR
PANTARETLR.BO,PANTARETLR
CEATLR.BO,CEATLR
AGRODUTCLR.BO,AGRODUTCHLR
BGWTATOLR.BO,BGWTATOLR
UNITWESBKLR.BO,UNITWESBKLR
KLBRENGLR.BO,KILBURNENGLR
DEEPAKNITLR.BO,DEEPAKNITLR
NCLINDLR.BO,NCLINDLR
TITANLR.BO,TITANLR
DSKULKARLR.BO,DSKULKARLR
MOHITINDLR.BO,MOHITINDLR
SHBHAWLR.BO,SHBHAWLR
GOACARBLR.BO,GOACARBLR
CALIFORLR.BO,CALIFORLR
KAYCEELR.BO,KAYCEELR
DIGVIJAYLR.BO,DIGVIJAYLR
VAMAINDLR.BO,Vama Industries Ltd
BHGEARSLR.BO,BHGEARSLR
HESTERLR.BO,HESTERLR
UPPERGANLR.BO,UPPERGANLR
HBLNIFELR.BO,HBLNIFELR
PONDYOXILR.BO,PONDYOXILR
BASAGROLR.BO,BASAGROLR
HINDOILEXLR.BO,HINDOILEXLR
MORARTEXTLR.BO,MORARTEXTLR
GRUHFINLR.BO,GRUHFINLR
OCLINDLR.BO,OCLINDLR
TTLTDLR.BO,TTLTDLR
ITDCEMENLR.BO,ITDCEMENLR
GEELTDLR.BO,GEE LIMITED
JMCPROLR.BO,JMCPROLR
RSSOFTLR.BO,RSSOFTLR
SUNSHIELDLR.BO,SUNSHIELDLR
TATACOFFELR.BO,TATACOFFELR
TATATELELR.BO,TATATELELR
BIRLAVXLLR.BO,BIRLAVXLLR
SPICELR.BO,SPICELR
BAJAJFINLR.BO,BAJAJFINLR
BAJFINNCDLR.BO,BAJFINNCDLR
ABNUVOLTDLR.BO,ABNUVOLTDLR
DUTRONPOLR.BO,DUTRONPOLR
KIRLOFERRLR.BO,KIRLOFERRLR
ENNOREEQLR.BO,ENNOREEQLR
ENNOREWRTLR.BO,ENNOREWRTLR
BENGALTEALR.BO,BENGALTEALR
LGBALALR.BO,LGBALALR
VIMALOILLR.BO,VIMALOILLR
UNIPRDCTLR.BO,UNIPRDCTLR
ACGLLR.BO,ACGLLR
TRENTLTDLR.BO,TRENTLTDLR
INFODRIVELR.BO,INFODRIVELR
SRINISHIPLR.BO,SRINISHIPLR
ORIENTPAPLR.BO,ORIENTPAPLR
SHALIMARLR.BO,SHALIMARLR
DAGGERFORLR.BO,DAGGERFORLR
KANPURPLALR.BO,KANPURPLALR
GTLINFRALR.BO,GTLINFRALR
FORTISFSLR.BO,FORTISFSLR
CHOLAMDBSLR.BO,CHOLAMDBSLR
ORBITEXPOLR.BO,ORBITEXPOLR
FEDMOGULLR.BO,FEDMOGULLR
ITDCEMENTLR.BO,ITDCEMENTLR
DICINDIALR.BO,DICINDIALR
SAKTHIFINLR.BO,SAKTHIFINLR
TATASTLEQLR.BO,TATASTLEQLR
TATACCPSLR.BO,TATACCPSLR
HINDUSOILLR.BO,HINDUSOILLR
FEDERALBKLR.BO,FEDERALBKLR
EXIDEINDLR.BO,EXIDEINDLR
KHAITANWELR.BO,KHAITANWELR
NANDANEXILR.BO,NANDANEXILR
UBENGINELR.BO,UBENGINELR
STATEBNKLR.BO,STATEBNKLR
DLAKSHMILR.BO,DLAKSHMILR
MUKESHSTLR.BO,MUKESHSTLR
INDHOTEQLR.BO,INDHOTEQLR
INDHOTNCDLR.BO,INDHOTNCDLR
BODALCHELR.BO,BODALCHELR
NETWORK18LR.BO,NETWORK18LR
GODREJCONLR.BO,GODREJCONLR
VISAGARPOLR.BO,VISAGARPOLR
FILMCITYMLR.BO,FILMCITYMLR
UNITDBREWLR.BO,UNITDBREWLR
CENTURYEXLR.BO,CENTURYEXLR
SANGMEDIALR.BO,SANGMEDIALR
ENTEGRALR.BO,ENTEGRALR
OUDHSUGARLR.BO,OUDHSUGARLR
JKTYRELR.BO,JKTYRELR
FACTENTLR.BO,FACTENTLR
HINDALINDLR.BO,HINDALINDLR
DAMODARLR.BO,DAMODARLR
TATAMOEQLR.BO,TATAMOEQLR
TATAMOAEQLR.BO,TATAMOAEQLR
SADHANALR.BO,SADHANALR
TATAINVLR.BO,TATAINVLR
TAYOROLLSLR.BO,TAYOROLLSLR
RESTILELR.BO,RESTILELR
UGARSUGARLR.BO,UGARSUGARLR
FEDEMOGULLR.BO,FEDEMOGULLR
SUMEETINDLR.BO,SUMEETINDLR
DISHTVLR.BO,DISHTVLR
THOMASCKLR.BO,THOMASCKLR
MULTIPLUSLR.BO,MULTIPLUSLR
MONEYMATTLR.BO,MONEYMATTLR
CHEMPLASTLR.BO,CHEMPLASTLR
GANGOTRILR.BO,GANGOTRILR
ALOKINDLR.BO,ALOKINDLR
HIGHENERGLR.BO,HIGHENERGLR
SYNCOMFORLR.BO,SYNCOMFORLR
NOUVEAULR.BO,NOUVEAULR
PIRGLASSLR.BO,PIRGLASSLR
JMCLR.BO,JMCLR
TINPLATEQLR.BO,TINPLATEQLR
TINPLATEFCD.BO,TINPLATEFCD
GREENPLYLR.BO,GREENPLYLR
PERFECTLR.BO,PERFECTLR
TELE18LR.BO,TELE18LR
GREYCELLSLR.BO,GREYCELLSLR
WIRELR.BO,WIRELR
FORTISLR.BO,FORTISLR
MORARJEELR.BO,MORARJEELR
IMPEXLR.BO,IMPEXLR
CITYUNIONLR.BO,CITYUNIONLR
INFOMEDIALR.BO,INFOMEDIALR
RELIGARELR.BO,RELIGARELR
JAYSHREELR.BO,JAYSHREELR
SWARAJLR.BO,SWARAJLR
APPMILLSLR.BO,APPMILLSLR
ARIHANTLR.BO,ARIHANTLR
IBN18LR.BO,IBN18LR
INTELLCAPLR.BO,INTELLCAPLR
TULIVEDEVLR.BO,TULIVEDEVLR
HINDUJAFOLR.BO,HINDUJAFOLR
VIDEOCONLR.BO,VIDEOCONLR
ADANIENTLR.BO,ADANIENTLR
PREMIERLR.BO,PREMIERLR
SUZLONLR.BO,SUZLONLR
COMFORTLR.BO,COMFORTLR
REIAGROLR.BO,REIAGROLR
ECEINDLR.BO,ECEINDLR
TRENTRLR.BO,TRENTRLR
GULFOILLR.BO,GULFOILLR
CAMFINELR.BO,CAMFINELR
SADBHAVLR.BO,SADBHAVLR
SBMLR.BO,SBMLR
ROHITLR.BO,ROHITLR
RAMKASHLR.BO,RAMKASHLR
MURUDCELR.BO,MURUDCELR
JYOTISTLR.BO,JYOTISTLR
KMCSHILLR.BO,KMCSHILLR
EIHLR.BO,EIHLR
KARBANKLR.BO,KARBANKLR
ARROWTEXLR.BO,ARROWTEXLR
CBILR.BO,CBILR
TULSYANLR.BO,TULSYANLR
SBBJLR.BO,SBBJLR
KRYPTONLR.BO,KRYPTONLR
ASALLR.BO,ASALLR
BAMPSLLR.BO,BAMPSLLR
MUTHTFNLR.BO,MUTHTFNLR
ELFORGELR.BO,ELFORGELR
JKPPRLR.BO,JKPPRLR
ARVINDLR.BO,ARVINDLR
VELHOLR.BO,VELHOLR
ATULAUTOLR.BO,ATULAUTOLR
BAJAJHINDLR.BO,BAJAJHINDLR
VELJANDENLR.BO,VELJANDENLR
FAMEINDIALR.BO,FAMEINDIALR
AAREYDRUGLR.BO,AAREYDRUGLR
ARCPRLR.BO,ARCPRLR
GAYATRIPRLR.BO,GAYATRIPRLR
LGBFORGELR.BO,LGBFORGELR
NEULANDLR.BO,NEULANDLR
ARIHANTSLR.BO,ARIHANTSLR
EPCINLR.BO,EPCINLR
NATIONALOXY.BO,NATIONAL OXY
SUNPARMALR.BO,SUN PARMALR
NETWORK18R.BO,NETWORK18LR
UTTAMSUGRLR.BO,UTTAMSUGRLR
SUDITILR.BO,SUDITILR
BAJAJFINSLR.BO,BAJAJFINSLR
TV18BRDCSTR.BO,TV18BRDCSTR
EIHASSOLR.BO,EIHASSOLR
CITYUNIBKLR.BO,CITYUNIBKLR
BHUSHANSTLR.BO,BHUSHANSTLR
BAJFINANCER.BO,Bajaj Finance Ltd
HITACHILR.BO,HITACHILR
MEDIAMATLR.BO,MEDIAMATLR
ALOKINDSLR.BO,ALOKINDSLR
KESORAMLR.BO,Kesoram Industries Ltd
DALALSTLR.BO,Dalal Street Investments Ltd
RELMEDIALR.BO,Reliance MediaWorks Ltd
KOKUYOLR.BO,Kokuyo Camlin Ltd
ASAHILR.BO,Asahi India Glass Ltd
GODREJPROLR.BO,Godrej Properties Ltd
WATERBASELR.BO,Waterbase Ltd
UNIPHOSLR.BO,Uniphos Enterprises Ltd
COROENGLR.BO,Coromandel Engineering Company Ltd
MUKANDLR.BO,Mukand Ltd
WHEELSLR.BO,WHEELS INDIA LTD
TATAPOWERLR.BO,Tata Power Co Ltd
GOLDENGOLR.BO,Golden Goenka Fincorp Ltd
EASUNREYRLR.BO,EASUN REYROLLE LTD
ECOFRIENDLR.BO,Eco Friendly Food Processing Park Ltd
ILFSTNLLR.BO,IL&FS Transportation Networks Ltd
RAMCOSYLR.BO,Ramco Systems  Ltd
DENISCHEMLR.BO,Denis Chem Lab Ltd
INDHOTELLR.BO,Indian Hotels Co Ltd
LAKVILBKLR.BO,LAKSHMI VILAS BANK LTD
MIRCELELR.BO,Mirc Electronics Ltd
NEULABLR.BO,Neuland Laboratories Ltd
NCCLTDLR.BO,NCC Ltd
ESTBIOLR.BO,Esteem Bio Organic Food Processing Ltd
CHANNINELR.BO,Channel Nine Entertainment Ltd
FUTURERELR.BO,Future Enterprises Ltd
FUTUREDVRLR.BO,Future Enterprises Ltd
CANFINHOMLR.BO,Can Fin Homes Ltd
STBKOFTRALR.BO,State Bank of Travancore
GMRINFRASLR.BO,GMR Infrastructure Ltd
ZEEMEDIALR.BO,Zee Media Corporation Ltd
TATAMOTORLR.BO,Tata Motors Ltd
TATAMODVRLR.BO,Tata Motors Ltd
MCKTRCOLDLR.BO,Mack Trading Co Ltd
VASCONEQLR.BO,Vascon Engineers Ltd
UNICABLR.BO,Universal Cables Ltd.
DECNGOLDLR.BO,Deccan Gold Mines Ltd.
ILFSTRNLLR.BO,IL&FS Transportation Networks Ltd
ASHIMALR.BO,Ashima Ltd
JMCPROJEQLR.BO,JMC Projects (india) Ltd
BNRATHILR.BO,BNRathi Securities Ltd
SPARCLR.BO,Sun Pharma Advanced Research Company Ltd
THEINVESTR.BO,Fortune Financial Services (India)
POLSONLR.BO,Polson Ltd
SINTEXLR.BO,Sintex Industries Ltd
CRESTLR.BO,CREST VENTURES Ltd
KARNATAKALR.BO,Karnataka Bank Ltd
CNOVAPETRLR.BO,CIL Nova Petrochemicals Ltd
ORIENTPPRLR.BO,Orient Paper & Industries Ltd
IPRINGLTDLR.BO,IP Rings Ltd
CANBKLR.BO,Canara Bank
SOUTHBANKLR.BO,South Indian Bank Ltd
ARCHITORGLR.BO,Archit Organosys Ltd
VISHALLR.BO,Vishal Fabrics Ltd
KINGFALR.BO,Kingfa Science & Technology (India) Ltd
MAHLIFELR.BO,Mahindra Lifespace Developers Ltd
VSSLLR.BO,Vardhman Special Steels Ltd
ZENOTECHLR.BO,Zenotech Laboratories Ltd
INTELLECTLR.BO,INTELLECT DESIGN ARENA Ltd
DENISLR.BO,Denis Chem Lab Ltd
BRPLLR.BO,Bansal Roofing Products Ltd
INDHOTELR.BO,Indian Hotels Co Ltd
KARURVYSYLR.BO,Karur Vysya Bank Ltd
HIRECTLR.BO,Hind Rectifiers Ltd
HCL-INSYSLR.BO,HCL Infosystems Ltd
JOSTSLR.BO,Josts Engineering Co Ltd
VIPCLOTHLR.BO,VIP Clothing Ltd
LAKSHVILALR.BO,LAKSHVILALR
SUMEETINDLR.BO,Sumeet Industries Ltd
KANPRPLALR.BO,Kanpur Plastipack Ltd
PELLR.BO,Piramal Enterprises Ltd
TATASTFPLR.BO,TATA STEEL Ltd
TATASTPPLR.BO,TATA STEEL Ltd
IBVENTURELR.BO,Indiabulls Ventures Ltd
SCANPGEOMLR.BO,Scanpoint Geomatics Ltd
ELPROINTLLR.BO,Elpro International Ltd
SHALPAINTLR.BO,Shalimar Paints Ltd
HATSUNLR.BO,Hatsun Agro Products Ltd
MAXVILLR.BO,Max Ventures and Industries Ltd
SHALIMALR.BO,Shalimar Paints Ltd
HCCLR.BO,Hindustan Construction Co Ltd
CIFLR.BO,CAPITAL INDIA FINANCE Ltd
LGBFORGLR.BO,LGB Forge Ltd
KREBSBIOLR.BO,Krebs Biochemicals & Industries Ltd
IDEALR.BO,VODAFONE IDEA Ltd
BHARATGRLR.BO,Bharat Gears Ltd
AIRTELLR.BO,Bharti Airtel  Ltd
SCANPOINTLR.BO,Scanpoint Geomatics Ltd
TATASTLLPR.BO,Tata Sponge Iron Ltd
RELCHEMQLR.BO,Reliance Chemotex Industries Ltd
ISHANCHLR.BO,Ishan Dyes & Chemicals Ltd
5PAISALR.BO,5paisa Capital Ltd
PACIFICILR.BO,Pacific Industries ltd
PATELENGLR.BO,Patel Engineering Ltd
SKCILLR.BO,Shri Keshav Cements and Infra Ltd
PELTDLR.BO,Piramal Enterprises Limited
BAJAJELECLR.BO,Bajaj Electricals Ltd
BROOKSLABLR.BO,BROOKS LABORATORIES Ltd
RELIANCELR.BO,Reliance Industries Ltd
ARVINDF-RE.BO,Arvind Fashions Ltd
ABFRL-RE.BO,Aditya Birla Fashion and Retail Ltd
SFL-RE.BO,Shriram Transport Finance Company Ltd
PVRINOX-RE.BO,PVR Ltd
REFEX-RE.BO,Refex Industries Ltd
M&MFIN-RE.BO,Mahindra & Mahindra Financial Services Ltd
GDL-RE.BO,Gateway Distriparks Ltd
SPENCER-RE.BO,Spencer's Retail Ltd
SATIN-RE.BO,Satin Creditcare Network Ltd
UNOMINDA-RE.BO,Minda Industries Ltd
RUSHIL-RE.BO,Rushil Decor Ltd
DEEPAK-RE.BO,Deepak Fertilizers &Petrochemicals
EIH-RE.BO,EIH Ltd
MOLDTEK-RE.BO,Mold-Tek Packaging Ltd
SHOPER-RE.BO,Shoppers Stop Ltd
PRICOL-RE.BO,Pricol Ltd
URJA-RE.BO,Urja Global Ltd
LTF-RE.BO,L&T FINANCE HOLDINGS Ltd
PATINT-RE.BO,Patel Integrated Logistics Ltd
AIIL-RE.BO,Authum Investment & Infrastructure Ltd
AFL-RE.BO,Arvind Fashions Ltd
RAJAPLM-RE.BO,Rajapalayam Mills Ltd
WEPSOLN-RE.BO,WEP Solutions Ltd
EMERALD-RE.BO,Emerald Leasing Finance & Investment Company Ltd
IGRID-RE.BO,India Grid Trust
KDDL-RE.BO,KDDL Ltd
VLIFE-RE.BO,VIKAS LIFECARE Ltd
VECO-RE.BO,Vikas EcoTech Ltd
APLAB-RE.BO,Aplab Ltd
MEGA-RE.BO,Megasoft Ltd
SGLRES-RE.BO,Scanpoint Geomatics Ltd
TEXELIN-RE.BO,Texel Industries Ltd
PRAXIS-RE.BO,Praxis Home Retail Ltd
BASML-RE.BO,Bannari Amman Spinning Mills Ltd
ASIAN-RE.BO,ASIAN GRANITO INDIA Ltd
KIL-RE.BO,Kesoram Industries Ltd
RPP-RE.BO,RPP INFRA PROJECTS Ltd
ARUNA-RE.BO,Aruna Hotels Ltd
AIRTEL-RE.BO,Bharti Airtel  Ltd
TRAIL-RE.BO,Texmaco Rail & Engineering Ltd
PATINT-RE1.BO,Patel Integrated Logistics Ltd
VLIFE-RE1.BO,VIKAS LIFECARE Ltd
NDLVEN-RE.BO,NXTDIGITAL Ltd
ASIAT-RE.BO,Asian Tea & Exports Ltd
ANUROOP-RE.BO,Anuroop Packaging Ltd
BGEAR-RE.BO,Bharat Gears Ltd
IHCL-RE.BO,Indian Hotels Co Ltd
SWISSMIL-RE.BO,SWISS MILITARY CONSUMER GOODS Ltd
URSUGAR-RE.BO,HKG Ltd
NATCAPS-RE.BO,Natural Capsules Ltd
VECO-RE1.BO,Vikas EcoTech Ltd
RIDHISYN-RE.BO,Ridhi Synthetics Ltd
VISVENL-RE.BO,VISHVPRABHA VENTURES Ltd
SHIVAM-RE.BO,SHIVAM AUTOTECH Ltd
BNRSEC-RE.BO,BNRathi Securities Ltd
BEARD-RE.BO,BEARDSELL Ltd
SDBL-RE.BO,Som Distilleries & Breweries Ltd
CHOICEIN-RE.BO,Choice International Ltd
VEERGIL-RE.BO,Veer Global Infraconstruction Ltd
VASUPR-RE.BO,Joonktollee Tea & Industries Ltd
VIDLI-RE.BO,Vidli Restaurants Ltd
WARDWIZ-RE.BO,WARDWIZARD INNOVATIONS AND MOBILITY Ltd
ALTIUS-RE.BO,Data Infrastructure Trust
TILAK-RE.BO,Tilak Ventures Ltd
PRISMX-RE.BO,PRISMX GLOBAL VENTURES Ltd
WOCKH-RE.BO,Wockhardt Ltd
ADVIKCA-RE.BO,Advik Capital Ltd
RAINBOWF-RE.BO,Rainbow Foundations Ltd
ASMTEC-RE.BO,ASM Technologies Ltd
SPVGLOB-RE.BO,SPV GLOBAL TRADING Ltd
HPBL-RE.BO,HCP PLASTENE BULKPACK Ltd
MAKERSL-RE.BO,Makers Laboratories Ltd
NGIL-RE.BO,NAKODA GROUP OF INDUSTRIES Ltd
BCIL-RE.BO,Bhagiradha Chemicals and Industries
ASIAN-RE1.BO,ASIAN GRANITO INDIA Ltd
AURUM-RE.BO,Aurum PropTech Ltd
TCM-RE.BO,TCM Ltd
NCLRESE-RE.BO,NCL Research And Financial Services
ESSEN-RE.BO,Integra Essentia Ltd
DYNPRO-RE.BO,Dynemic Products Ltd
DAVAN-RE.BO,Davangere Sugar Company Ltd
SATSILK-RE.BO,Satyam Silk Mills Ltd
KALLAM-RE.BO,KALLAM TEXTILES LTD
SABOOSOD-RE.BO,Saboo Sodium Chloro Ltd
BANASFN-RE.BO,Banas Finance Ltd
MAHACOP-RE.BO,Maharashtra Corporation Ltd
PTCIN-RE.BO,PTC Industries Ltd
GENNEX-RE.BO,Gennex Laboratories Ltd
SANDUMA-RE.BO,Sandur Manganese & Iron Ores Ltd
SWISSM-RE.BO,SWISS MILITARY CONSUMER GOODS Ltd
MERCURY-RE.BO,Mercury Metals Limited
ASRL-RE.BO,Add-Shop E-Retail Limited
KCLINF-RE.BO,KCL Infra Projects Ltd
GGENG-RE.BO,G G Engineering Ltd
7NR-RE.BO,7NR Retail Ltd
MIIL-RE.BO,Naysaa Securities Ltd
COAST-RE.BO,Coastal Corporation Ltd
SUDTIND-RE.BO,Suditi Industries Ltd
GGL-RE.BO,Gautam Gems Ltd
SUZLON-RE.BO,SUZLON ENERGY LTD
SUVEN-RE.BO,Suven Life Sciences Ltd
HILTON-RE.BO,HILTON METAL FORGING Ltd
TFL-RE.BO,Transwarranty Finance Ltd
COMP-RE.BO,Compuage Infocom Ltd
ESSEN-RE1.BO,Integra Essentia Ltd
SAMOR-RE.BO,Samor Reality Ltd
RUNGTA-RE.BO,Rungta Irrigation Ltd
RONI-RE.BO,Roni Households Ltd
SMCREDT-RE.BO,SMC Credits ltd
ADCON-RE.BO,Adcon Capital Services Ltd
HATSUN-RE.BO,Hatsun Agro Products Ltd
RSWM-RE.BO,RSWM Ltd
THAMBBI-RE.BO,Thambbi Modern Spinning Mills Ltd
APCL-RE.BO,Anjani Portland Cement Ltd
SHAH-RE.BO,GYSCOAL ALLOYS Ltd
QUINT-RE.BO,QUINT DIGITAL MEDIA Ltd
VISAGAR-RE.BO,Visagar Financial Services Ltd
RAJAPAL-RE.BO,Rajapalayam Mills Ltd
VEL-RE.BO,Vaxfab Enterprises Ltd
PACIFIC-RE.BO,Pacific Industries ltd
JETFRE-RE.BO,Jet Freight Logistics Ltd
FAMILY-RE.BO,FAMILY CARE HOSPITALS Ltd
AARTI-RE.BO,Aarti Surfactants Ltd
MARKO-RE.BO,Markolines Pavement Technologies Ltd
INDO-RE.BO,Indowind Energy Ltd
HERIT-RE.BO,Heritage Foods Ltd
HAZOOR-RE.BO,Hazoor Multi Projects Ltd
SGRL-RE.BO,Shree Ganesh Remedies Ltd
SPRAY-RE.BO,Sprayking Agro Equipment Ltd
PATEL-RE.BO,Patel Engineering Ltd
EDVEN-RE.BO,Edvenswa Enterprises Ltd
SHUKRA-RE.BO,Shukra Pharmaceuticals Ltd
ROML-RE.BO,RAJ OIL MILLS Ltd
PARVATI-RE.BO,Parvati Sweetners and Power Ltd
VEERGL-RE.BO,Veer Global Infraconstruction Ltd
CGCL-RE.BO,Capri Global Capital Ltd
AMAL-RE.BO,Amal Ltd
SHARE-RE.BO,Share India Securities Ltd
SPARC-RE.BO,SPARC ELECTREX Ltd
GOKUL-RE.BO,Gokul Agro Resources Ltd
AFEL-RE.BO,AF Enterprises Ltd
SEPC-RE.BO,SEPC Ltd
PNB-RE.BO,PNB Housing Finance Ltd
MKVEN-RE.BO,MKVENTURES CAPITAL Ltd
SDBL-RE1.BO,Som Distilleries & Breweries Ltd
TPHQ-RE.BO,GI ENGINEERING SOLUTIONS Ltd
PRERNA-RE.BO,Prerna Infrabuild Ltd
RUSHI-RE1.BO,Rushil Decor Ltd
MURAE -RE.BO,Murae Organisor Ltd
SAMOR-RE1.BO,Samor Reality Ltd
ENBEE-RE.BO,Enbee Trade & Finance Ltd
CLARA-RE.BO,CLARA INDUSTRIES Ltd
SIPTL-RE.BO,SHARANAM INFRAPROJECT AND TRADING Ltd
KCD-RE.BO,KCD INDUSTRIES INDIA Ltd
PRAXIS-RE1.BO,Praxis Home Retail Ltd
BGJL-RE.BO,Bhakti Gems And Jewellery Ltd
SHRERA-RE.BO,Shree Rama Multi-tech Ltd
NECLTD-RE.BO,North Eastern Carrying Corporation Ltd
UCWL-RE.BO,Udaipur Cement Works Ltd
CRSL-RE.BO,Cressanda Solutions Ltd
ALAN-RE.BO,Alan Scott Industries Ltd
VINCOFE -RE.BO,VINTAGE COFFEE AND BEVERAGES Ltd
SPPL-RE.BO,SHRADDHA PRIME PROJECTS LTD
BPPL-RE.BO,BANDARAM PHARMA PACKTECH Ltd
EIKO-RE.BO,EIKO LIFESCIENCES Ltd
GGENGL-RE.BO,G G Engineering Ltd
SEACO-RE.BO,SEACOAST SHIPPING SERVICES Ltd
CGFL-RE.BO,CREDENT GLOBAL FINANCE Ltd
BROOKS-RE.BO,BROOKS LABORATORIES Ltd
PLPHAR-RE.BO,PIRAMAL PHARMA Ltd
GREEN-RE.BO,Orient Green Power Company Ltd
GRETEX-RE.BO,Gretex Corporate Services Ltd
ADVIK-RE.BO,Advik Capital Ltd
NGIL-RE1.BO,NAKODA GROUP OF INDUSTRIES Ltd
BHANDA-RE.BO,Bhandari Hosiery Exports Ltd
SYSCHEM-RE.BO,Syschem (India) Ltd
GSTL-RE.BO,GlobalSpace Technologies Ltd
AERPACE-RE.BO,Aerpace Industries Ltd
SEPC-RE1.BO,SEPC Ltd
ASITC-RE.BO,Asit C Mehta Financial Services Ltd
LLOYDS-RE.BO,LLOYDS ENGINEERING WORKS Ltd
LATIM-RE.BO,La Tim Metal & Industries Ltd
INDREN-RE.BO,IND Renewable Energy Ltd
GRASIM-RE.BO,Grasim Industries Ltd
GENPHAR-RE.BO,GENPHARMASEC Ltd
SIPTL-RE1.BO,SHARANAM INFRAPROJECT AND TRADING Ltd
SAPPL-RE.BO,Shree Ajit Pulp And Paper Ltd
SKIPPER-RE.BO,Skipper Ltd
AMPVOLTSRE.BO,Ampvolts Ltd
YARNSYN-RE.BO,Yarn Syndicate Ltd
INDINFO-RE.BO,Indian Infotech And Software Ltd
ADRO-RE.BO,Adroit Infotech Ltd
SCL-RE.BO,Sammaan Capital Ltd
MAGNUM-RE.BO,MAGNUM VENTURES Ltd
MANGIND-RE.BO,Mangalam Industrial Finance Ltd
NAGREE-RE.BO,Nagreeka Exports Ltd
AFFORD-RE.BO,Affordable Robotic & Automation Ltd
DPL-RE.BO,DIPNA PHARMACHEM Ltd
MITSU-RE.BO,Mitsu Chem Plast Ltd
SGLRES-RE1.BO,Scanpoint Geomatics Ltd
SOUTH-RE.BO,South Indian Bank Ltd
MERCTRD-RE.BO,Mercury Trade Links Ltd
VALENC-RE.BO,Valencia Nutrition Ltd
ABVL-RE.BO,Arunjyoti Bio Ventures Ltd
HCC-RE.BO,Hindustan Construction Co Ltd
TIERRA-RE.BO,Tierra Agrotech Ltd
SAWACA-RE.BO,Sawaca Business Machines Ltd
BALKRI-RE.BO,Balkrishna Paper Mills Ltd
MISHTAN-RE.BO,Mishtann Foods Ltd
SPECFD-RE.BO,Spectrum Foods Ltd
JYOTI-RE.BO,Jyoti Structures Ltd
MARKOB-RE.BO,MARKOBENZ VENTURES Ltd
SHIVA-RE.BO,Shiva Cement Ltd
ATRADE-RE.BO,AA Plus Tradelink Ltd
IYKOT-RE.BO,Iykot Hitech Toolroom Ltd
SAKUMA-RE.BO,Sakuma Exports Ltd
TIL-RE.BO,TIL Ltd
SGLRES-RE2.BO,Scanpoint Geomatics Ltd
IIFL-RE.BO,IIFL FINANCE Ltd
VMS-RE.BO,VMS INDUSTRIES Ltd
SAVFI-RE.BO,Savani Financials Ltd
SOBME-RE.BO,Sobhagya Merchantile Ltd
YUG-RE.BO,Yug Decor Ltd
ASHNOOR-RE.BO,Ashnoor Textiles Mills Ltd
AGOL-RE.BO,Ashapuri Gold Ornament Ltd
BILLWIN-RE.BO,Billwin Industries Ltd
BANASF-RE1.BO,Banas Finance Ltd
KHOOBSU-RE.BO,Khoobsurat Ltd
FRANKIN-RE.BO,Franklin Industries Ltd
IFL-RE.BO,IFL ENTERPRISES Ltd
VIJIFI-RE.BO,VIJI FINANCE Ltd
SOLARA-RE.BO,SOLARA ACTIVE PHARMA SCIENCES Ltd
KEEPLN-RE.BO,DSJ KEEP LEARNING Ltd
VSFPROJ-RE.BO,VSF Projects Ltd
ESSEN-RE2.BO,Integra Essentia Ltd
NGIL-RE2.BO,NAKODA GROUP OF INDUSTRIES Ltd
GUJTLRM-RE.BO,Gujarat Toolroom Ltd
SPRIGHT-RE.BO,SPRIGHT AGRO Ltd
SOBHA-RE.BO,Sobha Ltd
SRESTHA-RE.BO,Srestha Finvest Ltd
SEPC-RE2.BO,SEPC Ltd
BHANDA-RE1.BO,Bhandari Hosiery Exports Ltd
INVENT-RE.BO,INVENTURE GROWTH & SECURITIES Ltd
SURJIND-RE.BO,Suraj Industries Ltd
LESHIND-RE.BO,Lesha Industries Ltd
SHINDL-RE.BO,Sharat Industries Ltd
INDO-RE1.BO,Indowind Energy Ltd
GATECH-RE.BO,GACM Technologies Ltd
GACMDVR-RE.BO,GACM Technologies Ltd
SHRIND-RE.BO,SHRYDUS INDUSTRIES Ltd
TATACON-RE.BO,TATA CONSUMER PRODUCTS Ltd
LUHARUK-RE.BO,Luharuka Media & Infra Ltd
VISVEN-RE.BO,VISHVPRABHA VENTURES Ltd
SWISSM-RE1.BO,SWISS MILITARY CONSUMER GOODS Ltd
AFEL-RE1.BO,AF Enterprises Ltd
JAYKAY-RE.BO,Jaykay Enterprises Ltd
GREEN-RE1.BO,Orient Green Power Company Ltd
VINNY-RE.BO,VINNY OVERSEAS Ltd
ATAL-RE.BO,Atal Realtech Ltd
DHATRA-RE.BO,DHYAANI TRADEVENTTURES Ltd
MODERN-RE.BO,MODERN ENGINEERING AND PROJECTS Ltd
AKSH-RE.BO,Akshar Spintex Ltd
SRUST-RE.BO,SRU Steels Ltd
VARDM-RE.BO,Vardhman Polytex Ltd
DUCON-RE.BO,Ducon Infratechnologies Ltd
EMELE-RE.BO,Emerald Leisures Ltd
PATINT-RE2.BO,Patel Integrated Logistics Ltd
ORIENT-RE.BO,Oriental Trimex Ltd
GANECO-RE.BO,GANESHA ECOVERSE Ltd
SADHNAN-RE.BO,Sadhana Nitrochem Ltd
SGIL-RE.BO,Synergy Green Industries Ltd
ADVCAP-RE.BO,Advik Capital Ltd
RAPINV-RE.BO,Rapid Investments Ltd
NARMA-RE.BO,Narmada Agrobase Ltd
TILAK-RE1.BO,Tilak Ventures Ltd
PURFIN-RE.BO,Purple Finance Ltd
GEOJIT-RE.BO,Geojit Financial Services Ltd
ARCFIN-RE.BO,ARC Finance Ltd
KRETTO-RE.BO,KRETTO SYSCON Ltd
EDVEN-RE1.BO,Edvenswa Enterprises Ltd
BELLA-RE.BO,Bella Casa Fashion & Retail Ltd
THINK-RE.BO,THINKINK PICTUREZ Ltd
IGCIND-RE.BO,IGC Industries Ltd
MERTRA-RE.BO,Mercury Trade Links Ltd
PMCFIN-RE.BO,PMC Fincorp Ltd
HINDWAR-RE.BO,Hindware Home Innovation Ltd
SHADEC-RE.BO,SHANGAR DECOR Ltd
DILIND-RE.BO,Diligent Industries Ltd
ASIANP-RE.BO,Asian Petroproducts & Exports Ltd
DMRHYD-RE.BO,DMR Hydroengineering & Infrastructures Ltd
PRADH-RE.BO,PRADHIN Ltd
NHCFO-RE.BO,NHC FOODS Ltd
SGLRES- RE3.BO,Scanpoint Geomatics Ltd
UPL-RE.BO,UPL Ltd
ENBEE-RE1.BO,Enbee Trade & Finance Ltd
MOONGI-RE.BO,Moongipa Capital Finance Ltd
GNRL-RE.BO,Gujarat Natural Resources Ltd
VHLTD-RE.BO,Viceroy Hotels Ltd
JONJUA-RE.BO,Jonjua Overseas Ltd
KNIT-RE.BO,LWS Knitwear Ltd
VISTA-RE.BO,Vistar Amar Ltd
ACES-RE.BO,Ace Software Exports ltd
QUASAR-RE.BO,Quasar India Ltd
AVON-RE.BO,Avonmore Capital & Management Services Ltd
AASTA-RE.BO,Aastamangalam Finance Ltd
MURAE-RE1.BO,Murae Organisor Ltd
MEGACO-RE.BO,Mega Corporation Ltd
DHAN-RE.BO,Dhanlaxmi Bank Ltd
PROFIN-RE.BO,Pro Fin Capital Services Ltd
ANUFIN-RE.BO,ANUPAM FINSERV Ltd
SIPTL-RE2.BO,SHARANAM INFRAPROJECT AND TRADING Ltd
NIBOR-RE.BO,Nibe Ordnance and Maritime Ltd
CAMLIN-RE.BO,Camlin Fine Sciences Ltd
CALSOFT-RE.BO,California Software Co Ltd
GTTDA-RE.BO,GTT DATA SOLUTIONS Ltd
INTFIN-RE.BO,INTERACTIVE FINANCIAL SERVICES Ltd
ULTACA-RE.BO,Ultracab (India) Ltd
INDXTR-RE.BO,IEL Ltd
GANHOLD-RE.BO,Ganesh Holding Ltd
JYOTI-RE1.BO,Jyoti Structures Ltd
HARSHIL-RE.BO,HARSHIL AGROTECH Ltd
VOLKAI-RE.BO,Kairosoft AI Solutions Ltd
ETT-RE.BO,ETT Ltd
THANG-RE.BO,Thangamayil Jewellery Ltd
RAJATH-RE.BO,Rajath Finance Ltd
SHRINI-RE.BO,Shri Niwas Leasing and Finance Ltd
WELSPL-RE.BO,WELSPUN SPECIALTY SOLUTIONS Ltd
BISIL-RE.BO,Bisil Plast Ltd
VIPUL-RE.BO,Vipul Organics Ltd
JDL.BO,Jaisukh Dealers Ltd
AUTUMN.BO,Autumn Builders Ltd
LEAP.BO,Learning Edge Academy of Professionals Ltd
DEKSON.BO,Dekson Castings Ltd
PCPL.BO,Premier Chennai Properties Ltd
SUPERNOVA.BO,Supernova Advertising Ltd
MCL.BO,Madhuban Constructions Ltd
KDTWL.BO,K D Trend Wear Ltd
RICHWAY.BO,Richway International Trade Ltd
GOKULSOL.BO,Gokul Solutions Ltd
CITYON.BO,Cityon Systems (India) Ltd
HASJUICE.BO,Has Lifestyle Ltd
SANASATECH.BO,Sanasa Tech Feb Ltd
WEBSL.BO,Web Element Solutions Ltd
ADHIRAJ.BO,Adhiraj Distributors Ltd
JIGYASA.BO,Jigyasa Infrastructure Ltd
PRITIKAST.BO,Pritika Autocast Ltd
AGDUTCF.BO,AGR DUTCH PP
PRSYNP1.BO,Parasrampuria Synthetics Ltd
WINCAPP.BO,WIN CAP MKPP
RAICAPP.BO,RAIN CACN PP
HPETRPP.BO,HIND PETR PP
SINTXPP.BO,SINTEX INDPP
CLUATPP.BO,CLUT AUTO PP
KRTXCPP.BO,KRT TX CA PP
ZENCMPP.BO,ZENIT COMPP
SHKPYPP.BO,SH KR PY PP
SELEXPP.BO,SALEN EXP PP
JAIPOPP.BO,JAIPUR POLPP
AMBCMPP.BO,AMBUJ CEM PP
SREINPP.BO,SREI PP7.5PD
SREENPP.BO,SREI PP5PD
SREINFRA1.BO,SREI Infrastructure Finance Ltd
J&KBN.BO,J&K BANK
UGSGWPP.BO,UGAR SG WKPP
ABNERPP.BO,ABNER PH PP
SQLPP.BO,SQL STAR PP5
SKSPP.BO,SKUMAR SYNPP
ICIPP.BO,ICICI PP3 DM
TOPCAPP.BO,Top Telemedia Ltd
SAUCMPP.BO,SAURA CEMEPP
KALPP.BO,KALE CON. PP
INPOFPP.BO,IND POLYFBPP
TASPHPP.BO,TASC PHAR PP
SYNPP.BO,SYNDICATE PP
STNPP.BO,Software Technology Group Intl Ltd
GLNPP.BO,GLENMARK PP
ISIPP.BO,ISIBARS LTPP
SHRPP.BO,SHREE RAM PP
CLINFPP.BO,CLIO INFO PP
INFRAQUESTP.BO,Infraquest International Ltd
TANUHPP.BO,TANU HEAL PP
TRAREPP.BO,TRACON RE PP
GUJSDPP.BO,GUJ SIDEE PP
CINPP.BO,CINEVISTA PP
YASHMPP.BO,YASH MNG& PP
POPEESPP.BO,Archana Software Ltd
OMSPP.BO,OMNI AX'S PP
BLWPP.BO,BALWAS E PP
SOFPP.BO,SOFTSOL I PP
AMBITPP.BO,AMBI PLAS PP
TEDPP.BO,TELE DATA PP
MUKPP.BO,Mukta Arts Ltd
DYNPP.BO,DYNACONS PP
KIFPP.BO,KANIKA IF PP
LAGPP.BO,LANCO GLO PP
MAXISYS.BO,MAXIMAA STSL
VIRPP.BO,Virinchi Technologies Ltd
TABPP.BO,TABASSUM PP
IQMPP.BO,IQMS SOFT PP
ADELVPP.BO,ADEL VISI PP
VISPP.BO,VISION ORGPP
SIRPP.BO,SIRIS SOFTPP
DCWPP.BO,DCW LTD PP
SKOLBPP.BO,SKOL BREW PP
NCJINPP.BO,Nimbus Projects Ltd
TARAIPP.BO,TARAI FOD PP
OPTPP.BO,OPTO CIR PP
JYOPP.BO,JYOTI STR PP
VKSPP.BO,USG Tech Solutions Ltd
FOGPP.BO,FOURTH GE PP
SATPP.BO,SAVEN TCH PP
CCSPP.BO,CCS INFO PP
IKFPP.BO,IKF SOFTW PP
ESTPP.BO,e Star Infotech Ltd
SEQPP.BO,Sequel Soft India Ltd
SIELLPP.BO,SIEL LTED PP
CESPP.BO,CESC LIMI PP
EMCPP.BO,EMCO LIMI PP
ELEPP.BO,ELGI EQUI PP
IOLBRODPP.BO,IOL BROADPP
SATHIPP.BO,SAKTHI SU PP
GMEYEPP.BO,GEM EYELT PP
GUJCCPP.BO,Gujarat Credit Corporation Ltd
KOATLPP.BO,KOA TOOLS PP
CESCLPP.BO,CESC LTD PP
EUPHAPP.BO,EUPHA LAB PP
ARVMIPP.BO,ARVIND MILLS
SQLSTARPP.BO,SQL STAR INT
ABANOFFSHPP.BO,ABAN OFFSHO
KOPRANPP.BO,KOPRAN LTD
VGRCONSPP.BO,VGR CONSTRPP
RECRONSYN.BO,RECRON SYNTH
BIHCCPPRI.BO,BIHAR CAUSC C
CYBMIPPRI.BO,CYBERMAT INF
BAGFILMSPP.BO,BAG FILMS
BSREPP.BO,B S REFRIGR
RAMCOSYPP.BO,RAMCO SYSTEM
DHAMSUP.BO,DHAMPUR SUGA
ALEMBICPP.BO,ALEMBICLTDPP
ICICIBANKPP.BO,ICICI BANK L
NAVINPP.BO,NAVIN FLUORI
MAWANPP.BO,MAWANA
SPANCOPP.BO,Spanco  Ltd
VARUNPP.BO,Varun Shipping Co Ltd
SIELPP.BO,SIEL LTD PP
SIRPURPP.BO,SIRPUR PP
BEEYUPP.BO,BEEYU OVERSE
FCSSOFTPP.BO,FCS SOFTPP
COMFORTINPP.BO,COMFORTINTPP
COLORCHIPPP.BO,COLORCHIPPP
HINDALCOPP.BO,HINDALCOPP
SGLPP.BO,SHIVALIK GBL
SHRBHAWNIPP.BO,SHRBHAWNIPP
BALASOREPP.BO,BALASOREPP
ICICIBNKPP.BO,ICICI BANKPP
ORIENTPAPP.BO,ORIENTPAPP
OUDHSUGARPP.BO,OUDH SUGAR MILLS LTD.
DISHTVPP.BO,DISHTVPP
ALOKINDPP.BO,ALOKIND PP
GANGOIRONPP.BO,GANGOIRONPP
TV18EQPP.BO,TV18EQPP
WWILPP.BO,WWILPP
CITYUNIONPP.BO,CITYUNIONPP
TELE18EQPP.BO,TELE18EQPP
IBN18PP.BO,IBN18PP
INTELLCAPPP.BO,INTELLCAPPP
VIDEOCONPP.BO,VIDEOCONPP
TULSYANPP.BO,TULSYAN NEC
TULSYANPP6.BO,TULSYAN NEC
SUNPHADVPP.BO,SUN PHADVPP
CITYUNIBKPP.BO,CITYUNIBKPP
BHUSHANSTPP.BO,BHUSHANSTPP
ARCHITORGPP.BO,Archit Organosys Ltd
KANPRPLAPP.BO,Kanpur Plastipack Ltd
TATASTEELPP.BO,Tata Steel Ltd
DHANIPP.BO,Dhani Services Ltd
HATSUNPP.BO,Hatsun Agro Products Ltd
RELIANCEPP.BO,Reliance Industries Ltd
ABFRLPP.BO,Aditya Birla Fashion and Retail Ltd
SATINPP.BO,Satin Creditcare Network Ltd
RUSHILPP.BO,Rushil Decor Ltd
MOLDTEKPP.BO,Mold-Tek Packaging Ltd
URJAPP.BO,Urja Global Ltd
AFLPP.BO,Arvind Fashions Ltd
SCANPGEOMPP.BO,Scanpoint Geomatics Ltd
TEXELINPP.BO,Texel Industries Ltd
KILPP.BO,Kesoram Industries Ltd
AIRTELPP.BO,Bharti Airtel  Ltd
RPPINFRPP.BO,RPP INFRA PROJECTS Ltd
PATINTPP.BO,Patel Integrated Logistics Ltd
VLIFEPP.BO,VIKAS LIFECARE Ltd
NATCAPSPP.BO,Natural Capsules Ltd
VECOPP.BO,Vikas EcoTech Ltd
VIDLIPP.BO,Vidli Restaurants Ltd
WARDWIZPP.BO,WARDWIZARD INNOVATIONS AND MOBILITY Ltd
TILAKPP.BO,Tilak Ventures Ltd
PRISMXPP.BO,PRISMX GLOBAL VENTURES Ltd
ASMTECPP.BO,ASM Technologies Ltd
AURUMPP.BO,Aurum PropTech Ltd
DYNPROPP.BO,Dynemic Products Ltd
SABOOSODPP.BO,Saboo Sodium Chloro Ltd.
GENNEXPP.BO,Gennex Laboratories Ltd
MAHACORPPP.BO,Maharashtra Corporation Ltd
KCLINFPP.BO,KCL Infra Projects Ltd
COASTPP.BO,Coastal Corporation Ltd
GGLPP.BO,Gautam Gems Ltd
SUZLONPP.BO,SUZLON ENERGY LTD
TFLPP.BO,Transwarranty Finance Ltd
RUNGTAPP.BO,Rungta Irrigation Ltd
ADCONPP.BO,Adcon Capital Services Ltd
AARTIPP.BO,Aarti Surfactants Ltd
SGRLPP.BO,Shree Ganesh Remedies Ltd
HAZOORPP.BO,Hazoor Multi Projects Ltd
SHUKRAPP.BO,Shukra Pharmaceuticals Ltd
SPARCPP.BO,SPARC ELECTREX Ltd
KCDPP.BO,KCD INDUSTRIES INDIA Ltd
NECCLTDPP.BO,North Eastern Carrying Corporation Ltd
CRESSANPP.BO,Cressanda Solutions Ltd
ALANPP.BO,Alan Scott Industries Ltd
EIKOPP.BO,EIKO LIFESCIENCES Ltd
GRASIMPP.BO,Grasim Industries Ltd
LATIMPP.BO,La Tim Metal & Industries Ltd
SCLPP.BO,Sammaan Capital Ltd
SKIPPERPP.BO,Skipper Ltd
AMPVOLTSPP.BO,Ampvolts Ltd
SAPPLPP.BO,Shree Ajit Pulp And Paper Ltd
ADROITPP.BO,Adroit Infotech Ltd
YARNPP.BO,Yarn Syndicate Ltd
MITSUPP.BO,Mitsu Chem Plast Ltd
SPECTPP.BO,Spectrum Foods Ltd
IYKOTPP.BO,Iykot Hitech Toolroom Ltd
SAVFIPP.BO,Savani Financials Ltd
SOLARAPP.BO,SOLARA ACTIVE PHARMA SCIENCES Ltd
VSFPROJPP.BO,VSF Projects Ltd
NGILPP.BO,NAKODA GROUP OF INDUSTRIES Ltd
SOBHAPP.BO,Sobha Ltd
SURAJPP.BO,Suraj Industries Ltd
SHARATPP.BO,Sharat Industries Ltd
AFELPP.BO,AF Enterprises Ltd
UPLPP.BO,UPL Ltd
ASEPP.BO,Ace Software Exports ltd
CALSOFTPP.BO,California Software Co Ltd
GTTDATAPP.BO,GTT DATA SOLUTIONS Ltd
