20MICRONS.NS,195.16000366210938,0.0,195.16000366210938,0.0,203.0,194.10000610351562,202.25999450683594,0.0,78073.0
21STCENMGM.NS,67.37000274658203,0.0,67.37000274658203,0.0,67.37999725341797,67.25,67.25,0.0,7187.0
3IINFOLTD.NS,21.670000076293945,0.0,21.670000076293945,0.0,22.989999771118164,21.540000915527344,22.989999771118164,0.0,1782278.0
3MINDIA.NS,27948.599609375,0.0,27948.599609375,0.0,28715.94921875,27897.0,28465.599609375,0.0,2591.0
3PLAND.NS,39.40999984741211,0.0,39.40999984741211,0.0,42.5,39.18000030517578,41.25,0.0,11373.0
3RDROCK.NS,64.5999984741211,0.0,64.5999984741211,0.0,64.5999984741211,64.5999984741211,64.5999984741211,0.0,0.0
5PAISA.NS,366.5,0.0,366.5,0.0,385.0,362.5,381.75,0.0,52847.0
63MOONS.NS,820.5999755859375,0.0,820.5999755859375,0.0,839.7000122070312,808.0499877929688,832.0,0.0,166481.0
A2ZINFRA.NS,14.850000381469727,0.0,14.850000381469727,0.0,15.970000267028809,14.829999923706055,15.949999809265137,0.0,369925.0
AAATECH.NS,76.19999694824219,0.0,76.19999694824219,0.0,80.69000244140625,75.76000213623047,79.98999786376953,0.0,46685.0
AADHARHFC.NS,403.25,0.0,403.25,0.0,409.29998779296875,399.3500061035156,406.8999938964844,0.0,409732.0
AAKASH.NS,8.079999923706055,0.0,8.079999923706055,0.0,8.460000038146973,8.0,8.329999923706055,0.0,225398.0
AAREYDRUGS.NS,35.7400016784668,0.0,35.7400016784668,0.0,38.5,34.95000076293945,36.16999816894531,0.0,136189.0
AARON.NS,332.70001220703125,0.0,332.70001220703125,0.0,345.0,331.0,338.1000061035156,0.0,9048.0
AARTECH.NS,56.63999938964844,0.0,56.63999938964844,0.0,57.25,53.65999984741211,56.0,0.0,78768.0
AARTIDRUGS.NS,333.6499938964844,0.0,333.6499938964844,0.0,348.04998779296875,332.20001220703125,345.79998779296875,0.0,393160.0
AARTIIND.NS,389.45001220703125,0.0,389.45001220703125,0.0,398.8999938964844,388.1499938964844,398.04998779296875,0.0,1190494.0
AARTIPHARM.NS,733.2000122070312,0.0,733.2000122070312,0.0,740.0,718.2999877929688,723.9500122070312,0.0,464761.0
AARTISURF.NS,408.79998779296875,0.0,408.79998779296875,0.0,427.0,406.5,426.0,0.0,33335.0
AARVEEDEN.NS,139.92999267578125,0.0,139.92999267578125,0.0,146.0,139.0,146.0,0.0,8805.0
AARVI.NS,102.68000030517578,0.0,102.68000030517578,0.0,103.88999938964844,101.0,103.30999755859375,0.0,7748.0
AATMAJ.NS,16.75,0.0,16.75,0.0,17.200000762939453,16.549999237060547,16.799999237060547,0.0,52000.0
AAVAS.NS,2013.5999755859375,0.0,2013.5999755859375,0.0,2047.1500244140625,1954.0999755859375,1957.199951171875,0.0,795573.0
ABAN.NS,36.790000915527344,0.0,36.790000915527344,0.0,38.849998474121094,36.599998474121094,38.099998474121094,0.0,228970.0
ABB.NS,5523.7001953125,0.0,5523.7001953125,0.0,5622.85009765625,5407.5498046875,5454.2001953125,0.0,729109.0
ABBOTINDIA.NS,30591.5,0.0,30591.5,0.0,31250.0,30500.0,31100.0,0.0,8589.0
ABCAPITAL.NS,181.42999267578125,0.0,181.42999267578125,0.0,185.19000244140625,180.0,181.5,0.0,2930920.0
ABCOTS.NS,465.54998779296875,0.0,465.54998779296875,0.0,469.0,451.1000061035156,452.0,0.0,30000.0
ABDL.NS,315.6000061035156,0.0,315.6000061035156,0.0,321.45001220703125,312.95001220703125,319.1000061035156,0.0,589554.0
ABFRL.NS,257.6499938964844,0.0,257.6499938964844,0.0,263.0,254.99000549316406,255.39999389648438,0.0,4146774.0
ABINFRA.NS,99.0999984741211,0.0,99.0999984741211,0.0,103.0,93.5,93.5,0.0,227224.0
ABMINTLLTD.NS,45.22999954223633,0.0,45.22999954223633,0.0,49.4900016784668,45.20000076293945,47.68000030517578,0.0,1110.0
ABREL.NS,1948.800048828125,0.0,1948.800048828125,0.0,2035.300048828125,1933.550048828125,1951.5,0.0,343653.0
ABSLAMC.NS,630.4500122070312,0.0,630.4500122070312,0.0,650.0,628.5999755859375,650.0,0.0,174857.0
ABSMARINE.NS,99.9000015258789,0.0,99.9000015258789,0.0,102.5,99.8499984741211,102.0,0.0,116000.0
ACC.NS,1933.699951171875,0.0,1933.699951171875,0.0,1954.0,1921.050048828125,1932.0,0.0,175947.0
ACCELYA.NS,1298.25,0.0,1298.25,0.0,1328.4000244140625,1290.0,1323.699951171875,0.0,17769.0
ACCENTMIC.NS,195.35000610351562,0.0,195.35000610351562,0.0,206.0,194.0500030517578,205.25,0.0,91000.0
ACCORD.NS,18.149999618530273,0.0,18.149999618530273,0.0,18.149999618530273,18.149999618530273,18.149999618530273,0.0,2000.0
ACCURACY.NS,7.710000038146973,0.0,7.710000038146973,0.0,8.3100004196167,7.599999904632568,8.199999809265137,0.0,468827.0
ACE.NS,1198.25,0.0,1198.25,0.0,1222.6500244140625,1195.0,1215.0,0.0,167253.0
ACEINTEG.NS,22.1200008392334,0.0,22.1200008392334,0.0,22.989999771118164,22.110000610351562,22.940000534057617,0.0,10237.0
ACI.NS,503.75,0.0,503.75,0.0,521.0,492.04998779296875,520.9000244140625,0.0,541636.0
ACL.NS,55.11000061035156,0.0,55.11000061035156,0.0,57.0099983215332,54.91999816894531,56.29999923706055,0.0,72549.0
ACMESOLAR.NS,190.47000122070312,0.0,190.47000122070312,0.0,198.0,190.0,196.0,0.0,977554.0
ADANIENSOL.NS,803.0,0.0,803.0,0.0,832.5999755859375,800.5,817.0499877929688,0.0,2042407.0
ADANIENT.NS,2312.60009765625,0.0,2312.60009765625,0.0,2359.85009765625,2308.050048828125,2324.89990234375,0.0,1078677.0
ADANIGREEN.NS,912.0999755859375,0.0,912.0999755859375,0.0,942.0,910.0,921.9500122070312,0.0,3191653.0
ADANIPORTS.NS,1181.5999755859375,0.0,1181.5999755859375,0.0,1202.199951171875,1173.050048828125,1183.0,0.0,1675999.0
ADANIPOWER.NS,497.8500061035156,0.0,497.8500061035156,0.0,515.7999877929688,496.0,509.0,0.0,3711706.0
ADFFOODS.NS,232.67999267578125,0.0,232.67999267578125,0.0,249.86000061035156,231.00999450683594,246.0,0.0,155560.0
ADL.NS,74.51000213623047,0.0,74.51000213623047,0.0,78.69000244140625,74.5,75.0,0.0,416.0
ADORWELD.NS,856.5,0.0,856.5,0.0,883.9000244140625,853.0,875.0,0.0,22553.0
ADROITINFO.NS,12.010000228881836,0.0,12.010000228881836,0.0,12.770000457763672,11.65999984741211,12.399999618530273,0.0,177023.0
ADSL.NS,187.17999267578125,0.0,187.17999267578125,0.0,196.1300048828125,185.0500030517578,192.3800048828125,0.0,381164.0
ADVANIHOTR.NS,58.11000061035156,0.0,58.11000061035156,0.0,60.20000076293945,58.0,59.20000076293945,0.0,61289.0
ADVENZYMES.NS,278.8999938964844,0.0,278.8999938964844,0.0,286.8500061035156,277.54998779296875,284.0,0.0,216296.0
AEGISLOG.NS,786.75,0.0,786.75,0.0,809.8499755859375,772.2000122070312,790.0,0.0,542410.0
AEROFLEX.NS,171.74000549316406,0.0,171.74000549316406,0.0,177.3000030517578,171.0,176.1999969482422,0.0,543665.0
AETHER.NS,845.7999877929688,0.0,845.7999877929688,0.0,859.0,842.2000122070312,859.0,0.0,50915.0
AFCONS.NS,468.45001220703125,0.0,468.45001220703125,0.0,485.0,466.0,479.0,0.0,548430.0
AFFLE.NS,1601.9000244140625,0.0,1601.9000244140625,0.0,1639.0999755859375,1560.0,1570.0,0.0,739830.0
AFFORDABLE.NS,393.75,0.0,393.75,0.0,408.95001220703125,391.0,402.1000061035156,0.0,16266.0
AFIL.NS,66.12000274658203,0.0,66.12000274658203,0.0,69.48999786376953,65.5,69.0,0.0,664612.0
AGARIND.NS,1012.7999877929688,0.0,1012.7999877929688,0.0,1060.0,996.9500122070312,1040.0,0.0,16392.0
AGARWALFT.NS,53.04999923706055,0.0,53.04999923706055,0.0,53.04999923706055,53.04999923706055,53.04999923706055,0.0,30000.0
AGIIL.NS,908.1500244140625,0.0,908.1500244140625,0.0,942.0,900.1500244140625,915.25,0.0,58381.0
AGNI.NS,20.350000381469727,0.0,20.350000381469727,0.0,22.200000762939453,20.299999237060547,22.200000762939453,0.0,120000.0
AGRITECH.NS,138.60000610351562,0.0,138.60000610351562,0.0,145.0,137.0,141.25,0.0,15774.0
AGROPHOS.NS,29.93000030517578,0.0,29.93000030517578,0.0,31.639999389648438,29.25,30.989999771118164,0.0,47589.0
AGSTRA.NS,9.15999984741211,0.0,9.15999984741211,0.0,9.15999984741211,9.15999984741211,9.15999984741211,0.0,160779.0
AGUL.NS,41.0,0.0,41.0,0.0,41.0,41.0,41.0,0.0,0.0
AHIMSA.NS,22.100000381469727,0.0,22.100000381469727,0.0,22.100000381469727,22.100000381469727,22.100000381469727,0.0,0.0
AHL.NS,180.0,0.0,180.0,0.0,180.0,180.0,180.0,0.0,160732.0
AHLADA.NS,59.59000015258789,0.0,59.59000015258789,0.0,62.349998474121094,59.13999938964844,61.13999938964844,0.0,89205.0
AHLEAST.NS,134.99000549316406,0.0,134.99000549316406,0.0,137.8000030517578,134.1999969482422,136.3300018310547,0.0,22667.0
AHLUCONT.NS,814.1500244140625,0.0,814.1500244140625,0.0,838.4000244140625,810.0,836.0999755859375,0.0,79030.0
AIAENG.NS,3343.199951171875,0.0,3343.199951171875,0.0,3435.60009765625,3320.550048828125,3410.0,0.0,41182.0
AIIL.NS,1536.0,0.0,1536.0,0.0,1588.25,1526.0,1560.449951171875,0.0,29042.0
AILIMITED.NS,53.5,0.0,53.5,0.0,53.5,53.5,53.5,0.0,9000.0
AIMTRON.NS,413.6000061035156,0.0,413.6000061035156,0.0,437.0,411.0,435.0,0.0,57200.0
AIRAN.NS,26.690000534057617,0.0,26.690000534057617,0.0,28.700000762939453,26.510000228881836,28.670000076293945,0.0,259398.0
AIROLAM.NS,89.81999969482422,0.0,89.81999969482422,0.0,93.55000305175781,89.36000061035156,90.01000213623047,0.0,17753.0
AISL.NS,114.8499984741211,0.0,114.8499984741211,0.0,117.0,114.8499984741211,116.0,0.0,2400.0
AJANTPHARM.NS,2728.800048828125,0.0,2728.800048828125,0.0,2765.949951171875,2704.5,2745.0,0.0,95614.0
AJMERA.NS,885.0,0.0,885.0,0.0,920.0,881.5,913.9000244140625,0.0,59177.0
AJOONI.NS,6.019999980926514,0.0,6.019999980926514,0.0,6.28000020980835,6.0,6.239999771118164,0.0,882719.0
AKASH.NS,26.1200008392334,0.0,26.1200008392334,0.0,27.75,25.600000381469727,27.75,0.0,20225.0
AKG.NS,13.949999809265137,0.0,13.949999809265137,0.0,14.489999771118164,13.550000190734863,14.489999771118164,0.0,201319.0
AKI.NS,8.289999961853027,0.0,8.289999961853027,0.0,9.140000343322754,8.270000457763672,9.140000343322754,0.0,465246.0
AKIKO.NS,84.44999694824219,0.0,84.44999694824219,0.0,84.94999694824219,82.9000015258789,83.0,0.0,16000.0
AKSHAR.NS,0.5199999809265137,0.0,0.5199999809265137,0.0,0.5600000023841858,0.5199999809265137,0.5600000023841858,0.0,5445785.0
AKSHARCHEM.NS,202.63999938964844,0.0,202.63999938964844,0.0,215.69000244140625,201.5,215.19000244140625,0.0,27822.0
AKSHOPTFBR.NS,7.840000152587891,0.0,7.840000152587891,0.0,8.140000343322754,7.730000019073486,7.760000228881836,0.0,1024214.0
AKUMS.NS,457.54998779296875,0.0,457.54998779296875,0.0,470.3500061035156,453.6499938964844,470.3500061035156,0.0,379087.0
AKZOINDIA.NS,3324.699951171875,0.0,3324.699951171875,0.0,3361.949951171875,3294.050048828125,3351.0,0.0,36894.0
ALANKIT.NS,14.819999694824219,0.0,14.819999694824219,0.0,15.25,14.770000457763672,15.069999694824219,0.0,583804.0
ALBERTDAVD.NS,840.7999877929688,0.0,840.7999877929688,0.0,884.0,835.7999877929688,866.3499755859375,0.0,17804.0
ALEMBICLTD.NS,98.80999755859375,0.0,98.80999755859375,0.0,103.9000015258789,98.1500015258789,102.0,0.0,693187.0
ALICON.NS,677.2999877929688,0.0,677.2999877929688,0.0,685.3499755859375,662.0499877929688,662.0499877929688,0.0,62590.0
ALKALI.NS,81.86000061035156,0.0,81.86000061035156,0.0,90.0,81.5999984741211,88.98999786376953,0.0,46949.0
ALKEM.NS,5003.2001953125,0.0,5003.2001953125,0.0,5080.0,4966.60009765625,5029.0,0.0,88764.0
ALKYLAMINE.NS,1679.199951171875,0.0,1679.199951171875,0.0,1740.0,1663.699951171875,1740.0,0.0,69582.0
ALLCARGO.NS,29.200000762939453,0.0,29.200000762939453,0.0,30.329999923706055,29.020000457763672,30.1299991607666,0.0,3650877.0
ALLDIGI.NS,929.2000122070312,0.0,929.2000122070312,0.0,966.9500122070312,916.0499877929688,948.75,0.0,22078.0
ALLETEC.NS,361.6499938964844,0.0,361.6499938964844,0.0,372.0,360.0,368.0,0.0,22800.0
ALMONDZ.NS,21.540000915527344,0.0,21.540000915527344,0.0,21.790000915527344,19.719999313354492,21.299999237060547,0.0,1503776.0
ALOKINDS.NS,15.390000343322754,0.0,15.390000343322754,0.0,16.290000915527344,15.25,16.110000610351562,0.0,8909574.0
ALPA.NS,105.30000305175781,0.0,105.30000305175781,0.0,112.81999969482422,105.0,109.0,0.0,33343.0
ALPEXSOLAR.NS,585.3499755859375,0.0,585.3499755859375,0.0,621.5,582.5999755859375,611.0,0.0,100600.0
ALPHAGEO.NS,231.17999267578125,0.0,231.17999267578125,0.0,242.0,230.25,240.0,0.0,17772.0
ALPSINDUS.NS,2.0899999141693115,0.0,2.0899999141693115,0.0,2.2799999713897705,2.069999933242798,2.0899999141693115,0.0,45697.0
ALUWIND.NS,56.5,0.0,56.5,0.0,56.5,55.0,55.0,0.0,12000.0
AMBER.NS,6857.14990234375,0.0,6857.14990234375,0.0,6992.4501953125,6741.85009765625,6900.0,0.0,295138.0
AMBEY.NS,41.54999923706055,0.0,41.54999923706055,0.0,43.95000076293945,40.95000076293945,43.0,0.0,210000.0
AMBICAAGAR.NS,26.530000686645508,0.0,26.530000686645508,0.0,27.950000762939453,26.450000762939453,27.950000762939453,0.0,36986.0
AMBIKCO.NS,1310.0999755859375,0.0,1310.0999755859375,0.0,1379.949951171875,1302.1500244140625,1373.800048828125,0.0,18968.0
AMBUJACEM.NS,532.4500122070312,0.0,532.4500122070312,0.0,537.7000122070312,519.5499877929688,522.0,0.0,4408117.0
AMDIND.NS,46.72999954223633,0.0,46.72999954223633,0.0,51.0,45.79999923706055,51.0,0.0,61613.0
AMEYA.NS,98.5,0.0,98.5,0.0,101.0,98.0,100.0,0.0,5000.0
AMIABLE.NS,81.6500015258789,0.0,81.6500015258789,0.0,81.6500015258789,81.6500015258789,81.6500015258789,0.0,0.0
AMIORG.NS,2381.449951171875,0.0,2381.449951171875,0.0,2467.449951171875,2370.60009765625,2430.800048828125,0.0,135655.0
AMJLAND.NS,47.189998626708984,0.0,47.189998626708984,0.0,49.15999984741211,46.970001220703125,48.560001373291016,0.0,59676.0
AMJUMBO.NS,8.0,0.0,8.0,0.0,8.0,8.0,8.0,0.0,16000.0
AMNPLST.NS,228.1300048828125,0.0,228.1300048828125,0.0,239.77999877929688,224.00999450683594,233.0,0.0,21530.0
AMRUTANJAN.NS,613.9000244140625,0.0,613.9000244140625,0.0,644.9500122070312,610.0,644.0999755859375,0.0,21971.0
ANANDRATHI.NS,1837.5,0.0,1837.5,0.0,1860.0,1796.9000244140625,1850.0,0.0,138519.0
ANANTRAJ.NS,498.25,0.0,498.25,0.0,526.8499755859375,496.6499938964844,521.9500122070312,0.0,2372258.0
ANDHRAPAP.NS,69.68000030517578,0.0,69.68000030517578,0.0,72.0,69.0,70.30999755859375,0.0,423160.0
ANDHRSUGAR.NS,69.08999633789062,0.0,69.08999633789062,0.0,71.0,68.36000061035156,70.01000213623047,0.0,542980.0
ANGELONE.NS,2324.64990234375,0.0,2324.64990234375,0.0,2337.199951171875,2267.5,2301.449951171875,0.0,1134538.0
ANIKINDS.NS,106.4000015258789,0.0,106.4000015258789,0.0,123.0,103.22000122070312,110.25,0.0,39429.0
ANLON.NS,274.8500061035156,0.0,274.8500061035156,0.0,299.0,261.04998779296875,261.04998779296875,0.0,37200.0
ANMOL.NS,15.670000076293945,0.0,15.670000076293945,0.0,16.049999237060547,15.3100004196167,15.789999961853027,0.0,380630.0
ANNAPURNA.NS,286.54998779296875,0.0,286.54998779296875,0.0,298.8500061035156,285.0,293.29998779296875,0.0,178250.0
ANTGRAPHIC.NS,1.0499999523162842,0.0,1.0499999523162842,0.0,1.1399999856948853,1.0299999713897705,1.059999942779541,0.0,730706.0
ANUHPHR.NS,150.3300018310547,0.0,150.3300018310547,0.0,158.0,150.02000427246094,158.0,0.0,56602.0
ANUP.NS,3363.89990234375,0.0,3363.89990234375,0.0,3392.0,3266.050048828125,3300.0,0.0,37397.0
ANURAS.NS,759.8499755859375,0.0,759.8499755859375,0.0,785.0,734.0999755859375,758.5,0.0,254739.0
APARINDS.NS,5789.5,0.0,5789.5,0.0,5951.7001953125,5770.0,5935.0,0.0,136274.0
APCL.NS,99.63999938964844,0.0,99.63999938964844,0.0,106.19000244140625,98.05000305175781,105.63999938964844,0.0,51424.0
APCOTEXIND.NS,313.25,0.0,313.25,0.0,324.04998779296875,307.0,320.8500061035156,0.0,208408.0
APEX.NS,221.19000244140625,0.0,221.19000244140625,0.0,230.60000610351562,220.0,230.25,0.0,105721.0
APLAPOLLO.NS,1498.050048828125,0.0,1498.050048828125,0.0,1523.800048828125,1488.3499755859375,1515.550048828125,0.0,344535.0
APLLTD.NS,904.9000244140625,0.0,904.9000244140625,0.0,936.0499877929688,901.5,931.9000244140625,0.0,116371.0
APOLLO.NS,122.94000244140625,0.0,122.94000244140625,0.0,124.5,118.3499984741211,119.5,0.0,8958341.0
APOLLOHOSP.NS,6519.7998046875,0.0,6519.7998046875,0.0,6680.0,6491.0498046875,6653.7998046875,0.0,281643.0
APOLLOPIPE.NS,372.20001220703125,0.0,372.20001220703125,0.0,378.3500061035156,363.79998779296875,374.0,0.0,197605.0
APOLLOTYRE.NS,429.6000061035156,0.0,429.6000061035156,0.0,435.29998779296875,426.1499938964844,431.45001220703125,0.0,1498850.0
APOLSINHOT.NS,1212.3499755859375,0.0,1212.3499755859375,0.0,1288.0,1205.0,1288.0,0.0,4077.0
APS.NS,391.1499938964844,0.0,391.1499938964844,0.0,402.79998779296875,382.25,397.6000061035156,0.0,138500.0
APTECHT.NS,116.54000091552734,0.0,116.54000091552734,0.0,123.44999694824219,115.87999725341797,122.4000015258789,0.0,443566.0
APTUS.NS,299.3500061035156,0.0,299.3500061035156,0.0,304.70001220703125,297.79998779296875,302.1000061035156,0.0,213973.0
ARABIAN.NS,67.25,0.0,67.25,0.0,68.0,67.25,67.25,0.0,32000.0
ARCHIDPLY.NS,86.86000061035156,0.0,86.86000061035156,0.0,88.0,80.61000061035156,85.0,0.0,52641.0
ARCHIES.NS,16.940000534057617,0.0,16.940000534057617,0.0,17.5,16.850000381469727,17.5,0.0,90294.0
ARE&M.NS,1039.9000244140625,0.0,1039.9000244140625,0.0,1109.0,1030.0,1062.0,0.0,2771558.0
ARENTERP.NS,53.630001068115234,0.0,53.630001068115234,0.0,55.880001068115234,47.0099983215332,52.9900016784668,0.0,29607.0
ARIES.NS,256.1300048828125,0.0,256.1300048828125,0.0,269.8599853515625,253.0,264.0199890136719,0.0,36207.0
ARIHANTACA.NS,301.0,0.0,301.0,0.0,301.0,290.0,290.0,0.0,1600.0
ARIHANTCAP.NS,68.58000183105469,0.0,68.58000183105469,0.0,73.44999694824219,68.12000274658203,69.75,0.0,815323.0
ARIHANTSUP.NS,403.8999938964844,0.0,403.8999938964844,0.0,410.6000061035156,395.0,407.0,0.0,31730.0
ARISTO.NS,92.0,0.0,92.0,0.0,92.0,92.0,92.0,0.0,1600.0
ARKADE.NS,151.2899932861328,0.0,151.2899932861328,0.0,157.10000610351562,150.22999572753906,151.60000610351562,0.0,1113439.0
ARMANFIN.NS,1326.8499755859375,0.0,1326.8499755859375,0.0,1374.050048828125,1315.8499755859375,1363.800048828125,0.0,39127.0
AROGRANITE.NS,34.84000015258789,0.0,34.84000015258789,0.0,38.0,34.310001373291016,37.810001373291016,0.0,40988.0
ARROWGREEN.NS,530.9000244140625,0.0,530.9000244140625,0.0,561.0,525.0,531.3499755859375,0.0,18882.0
ARSHIYA.NS,2.819999933242798,0.0,2.819999933242798,0.0,2.819999933242798,2.819999933242798,2.819999933242798,0.0,0.0
ARTEMISMED.NS,263.1700134277344,0.0,263.1700134277344,0.0,273.8699951171875,252.4199981689453,263.79998779296875,0.0,183395.0
ARTNIRMAN.NS,45.130001068115234,0.0,45.130001068115234,0.0,46.7400016784668,43.0099983215332,45.16999816894531,0.0,6674.0
ARVEE.NS,140.3800048828125,0.0,140.3800048828125,0.0,143.10000610351562,140.0,142.0,0.0,434.0
ARVIND.NS,321.29998779296875,0.0,321.29998779296875,0.0,333.0,320.3999938964844,333.0,0.0,430738.0
ARVINDFASN.NS,399.1499938964844,0.0,399.1499938964844,0.0,413.1000061035156,393.95001220703125,402.3999938964844,0.0,490039.0
ARVSMART.NS,704.0999755859375,0.0,704.0999755859375,0.0,718.7999877929688,696.25,710.0,0.0,156753.0
ASAHIINDIA.NS,612.8499755859375,0.0,612.8499755859375,0.0,630.0,610.0499877929688,630.0,0.0,51748.0
ASAHISONG.NS,330.20001220703125,0.0,330.20001220703125,0.0,346.0,326.25,342.1000061035156,0.0,12000.0
ASAL.NS,488.6000061035156,0.0,488.6000061035156,0.0,519.9000244140625,487.0,506.95001220703125,0.0,38851.0
ASALCBR.NS,1354.6500244140625,0.0,1354.6500244140625,0.0,1390.0,1352.0,1366.449951171875,0.0,17302.0
ASCOM.NS,104.0,0.0,104.0,0.0,104.0,104.0,104.0,0.0,0.0
ASHAPURMIN.NS,356.25,0.0,356.25,0.0,375.0,352.8999938964844,365.95001220703125,0.0,222737.0
ASHIANA.NS,299.75,0.0,299.75,0.0,304.0,297.3500061035156,300.0,0.0,64690.0
ASHIMASYN.NS,18.06999969482422,0.0,18.06999969482422,0.0,19.290000915527344,18.0,19.200000762939453,0.0,618689.0
ASHOKA.NS,190.63999938964844,0.0,190.63999938964844,0.0,199.64999389648438,188.85000610351562,195.0,0.0,2108500.0
ASHOKAMET.NS,16.709999084472656,0.0,16.709999084472656,0.0,17.239999771118164,16.6200008392334,17.0,0.0,46590.0
ASHOKLEY.NS,214.97999572753906,0.0,214.97999572753906,0.0,219.60000610351562,208.5500030517578,211.4499969482422,0.0,29414566.0
ASIANENE.NS,258.6199951171875,0.0,258.6199951171875,0.0,273.5899963378906,253.27000427246094,270.0,0.0,204915.0
ASIANHOTNR.NS,373.8500061035156,0.0,373.8500061035156,0.0,395.0,373.29998779296875,385.0,0.0,4479.0
ASIANPAINT.NS,2323.14990234375,0.0,2323.14990234375,0.0,2340.949951171875,2304.0,2340.0,0.0,1934248.0
ASIANTILES.NS,42.90999984741211,0.0,42.90999984741211,0.0,45.349998474121094,42.75,45.349998474121094,0.0,1610436.0
ASKAUTOLTD.NS,449.45001220703125,0.0,449.45001220703125,0.0,453.54998779296875,443.3500061035156,450.0,0.0,65518.0
ASLIND.NS,33.599998474121094,0.0,33.599998474121094,0.0,33.599998474121094,33.5,33.5,0.0,6000.0
ASMS.NS,14.130000114440918,0.0,14.130000114440918,0.0,15.300000190734863,14.020000457763672,14.970000267028809,0.0,625849.0
ASPINWALL.NS,241.6999969482422,0.0,241.6999969482422,0.0,252.0500030517578,237.35000610351562,252.0500030517578,0.0,17690.0
ASPIRE.NS,28.899999618530273,0.0,28.899999618530273,0.0,28.899999618530273,28.899999618530273,28.899999618530273,0.0,2000.0
ASTEC.NS,690.0999755859375,0.0,690.0999755859375,0.0,701.0499877929688,661.9000244140625,689.7999877929688,0.0,84844.0
ASTERDM.NS,440.29998779296875,0.0,440.29998779296875,0.0,448.1000061035156,435.0,445.1000061035156,0.0,406790.0
ASTRAL.NS,1278.8499755859375,0.0,1278.8499755859375,0.0,1296.75,1275.0,1291.0,0.0,458064.0
ASTRAMICRO.NS,671.0,0.0,671.0,0.0,704.9000244140625,666.0,698.4000244140625,0.0,251971.0
ASTRAZEN.NS,8386.5,0.0,8386.5,0.0,8478.599609375,8239.5498046875,8478.599609375,0.0,25080.0
ASTRON.NS,11.550000190734863,0.0,11.550000190734863,0.0,12.25,11.550000190734863,12.020000457763672,0.0,109000.0
ATALREAL.NS,13.3100004196167,0.0,13.3100004196167,0.0,13.59000015258789,12.770000457763672,13.3100004196167,0.0,1735975.0
ATAM.NS,79.83999633789062,0.0,79.83999633789062,0.0,84.33999633789062,79.0,83.0,0.0,79403.0
ATFL.NS,778.5999755859375,0.0,778.5999755859375,0.0,800.4000244140625,773.0,795.4500122070312,0.0,33900.0
ATGL.NS,598.0499877929688,0.0,598.0499877929688,0.0,618.75,596.7000122070312,607.75,0.0,1097731.0
ATL.NS,23.170000076293945,0.0,23.170000076293945,0.0,24.799999237060547,23.049999237060547,24.579999923706055,0.0,941020.0
ATLANTAA.NS,28.940000534057617,0.0,28.940000534057617,0.0,29.6299991607666,28.940000534057617,29.489999771118164,0.0,37252.0
ATLASCYCLE.NS,96.9800033569336,0.0,96.9800033569336,0.0,103.5,95.1500015258789,99.5,0.0,18070.0
ATMASTCO.NS,199.89999389648438,0.0,199.89999389648438,0.0,214.85000610351562,199.14999389648438,204.14999389648438,0.0,206000.0
ATUL.NS,5772.85009765625,0.0,5772.85009765625,0.0,5874.7001953125,5731.0,5852.39990234375,0.0,31754.0
ATULAUTO.NS,445.70001220703125,0.0,445.70001220703125,0.0,473.95001220703125,444.1499938964844,461.25,0.0,106421.0
AUBANK.NS,573.75,0.0,573.75,0.0,580.3499755859375,563.5499877929688,565.0,0.0,8030474.0
AURDIS.NS,156.89999389648438,0.0,156.89999389648438,0.0,160.10000610351562,156.89999389648438,156.89999389648438,0.0,4375.0
AURIONPRO.NS,1377.050048828125,0.0,1377.050048828125,0.0,1465.5,1364.0,1458.8499755859375,0.0,68309.0
AUROIMPEX.NS,49.79999923706055,0.0,49.79999923706055,0.0,51.5,49.54999923706055,51.5,0.0,44800.0
AUROPHARMA.NS,1157.449951171875,0.0,1157.449951171875,0.0,1208.9000244140625,1155.0,1191.0,0.0,811795.0
AUSOMENT.NS,78.48999786376953,0.0,78.48999786376953,0.0,83.5,78.2300033569336,82.76000213623047,0.0,4848.0
AUTOAXLES.NS,1699.550048828125,0.0,1699.550048828125,0.0,1715.8499755859375,1679.949951171875,1709.9000244140625,0.0,11315.0
AUTOIND.NS,67.86000061035156,0.0,67.86000061035156,0.0,73.0,67.0,71.25,0.0,184261.0
AVADHSUGAR.NS,439.29998779296875,0.0,439.29998779296875,0.0,462.6499938964844,433.20001220703125,454.0,0.0,93946.0
AVALON.NS,783.5999755859375,0.0,783.5999755859375,0.0,790.4000244140625,736.1500244140625,752.75,0.0,692734.0
AVANTEL.NS,111.01000213623047,0.0,111.01000213623047,0.0,115.63999938964844,110.01000213623047,114.45999908447266,0.0,835294.0
AVANTIFEED.NS,903.9500122070312,0.0,903.9500122070312,0.0,932.9500122070312,900.6500244140625,928.0,0.0,747119.0
AVG.NS,254.0,0.0,254.0,0.0,255.0,254.0,254.0,0.0,57733.0
AVL.NS,435.54998779296875,0.0,435.54998779296875,0.0,438.79998779296875,432.20001220703125,432.3500061035156,0.0,30004.0
AVONMORE.NS,17.329999923706055,0.0,17.329999923706055,0.0,18.149999618530273,17.309999465942383,18.149999618530273,0.0,269931.0
AVPINFRA.NS,144.35000610351562,0.0,144.35000610351562,0.0,154.85000610351562,144.0500030517578,154.5,0.0,80800.0
AVROIND.NS,145.60000610351562,0.0,145.60000610351562,0.0,155.0,145.55999755859375,150.0,0.0,45853.0
AVSL.NS,158.0,0.0,158.0,0.0,158.0,158.0,158.0,0.0,0.0
AVTNPL.NS,56.529998779296875,0.0,56.529998779296875,0.0,59.45000076293945,55.099998474121094,56.5,0.0,194032.0
AWFIS.NS,635.7000122070312,0.0,635.7000122070312,0.0,649.0499877929688,621.25,635.0,0.0,249963.0
AWHCL.NS,499.70001220703125,0.0,499.70001220703125,0.0,519.0,498.5,515.0,0.0,134659.0
AWL.NS,250.80999755859375,0.0,250.80999755859375,0.0,262.3999938964844,250.0,260.0,0.0,2048553.0
AXISBANK.NS,1096.25,0.0,1096.25,0.0,1118.8499755859375,1089.050048828125,1115.0,0.0,7126560.0
AXISCADES.NS,891.1500244140625,0.0,891.1500244140625,0.0,939.9000244140625,882.75,939.9000244140625,0.0,36694.0
AXITA.NS,10.0,0.0,10.0,0.0,10.0600004196167,10.0,10.0600004196167,0.0,1778473.0
AYMSYNTEX.NS,202.47999572753906,0.0,202.47999572753906,0.0,213.89999389648438,201.3699951171875,212.50999450683594,0.0,33684.0
AZAD.NS,1366.4000244140625,0.0,1366.4000244140625,0.0,1435.0999755859375,1360.0,1416.9000244140625,0.0,141472.0
BABAFP.NS,45.0,0.0,45.0,0.0,45.0,44.099998474121094,44.099998474121094,0.0,38400.0
BAFNAPH.NS,77.5999984741211,0.0,77.5999984741211,0.0,79.5,75.6500015258789,78.5,0.0,1826.0
BAGFILMS.NS,5.860000133514404,0.0,5.860000133514404,0.0,6.190000057220459,5.809999942779541,6.119999885559082,0.0,184382.0
BAHETI.NS,545.5499877929688,0.0,545.5499877929688,0.0,550.0,532.0,549.8499755859375,0.0,23250.0
BAIDFIN.NS,9.329999923706055,0.0,9.329999923706055,0.0,9.949999809265137,9.3100004196167,9.949999809265137,0.0,347358.0
BAJAJ-AUTO.NS,7977.10009765625,0.0,7977.10009765625,0.0,8047.4501953125,7910.0,8014.35009765625,0.0,391347.0
BAJAJCON.NS,159.07000732421875,0.0,159.07000732421875,0.0,165.5,158.1300048828125,164.58999633789062,0.0,351719.0
BAJAJELEC.NS,580.0999755859375,0.0,580.0999755859375,0.0,592.4000244140625,576.0,589.2999877929688,0.0,34962.0
BAJAJFINSV.NS,1943.4000244140625,0.0,1943.4000244140625,0.0,1978.0,1935.0,1951.0,0.0,2779558.0
BAJAJHCARE.NS,703.1500244140625,0.0,703.1500244140625,0.0,744.0,695.25,719.0,0.0,647923.0
BAJAJHFL.NS,115.98999786376953,0.0,115.98999786376953,0.0,120.06999969482422,115.6500015258789,119.62999725341797,0.0,11686833.0
BAJAJHIND.NS,19.559999465942383,0.0,19.559999465942383,0.0,20.229999542236328,19.450000762939453,20.100000381469727,0.0,11365085.0
BAJAJHLDNG.NS,12599.0498046875,0.0,12599.0498046875,0.0,12800.0,12460.099609375,12521.099609375,0.0,63984.0
BAJEL.NS,163.17999267578125,0.0,163.17999267578125,0.0,176.35000610351562,161.27000427246094,173.9499969482422,0.0,574514.0
BAJFINANCE.NS,8866.0498046875,0.0,8866.0498046875,0.0,9126.900390625,8849.9501953125,9102.0498046875,0.0,886045.0
BALAJEE.NS,46.13999938964844,0.0,46.13999938964844,0.0,52.790000915527344,45.2599983215332,49.20000076293945,0.0,2816841.0
BALAJITELE.NS,58.599998474121094,0.0,58.599998474121094,0.0,60.599998474121094,56.95000076293945,58.470001220703125,0.0,457995.0
BALAMINES.NS,1249.6500244140625,0.0,1249.6500244140625,0.0,1299.3499755859375,1243.0999755859375,1290.1500244140625,0.0,85114.0
BALAXI.NS,64.48999786376953,0.0,64.48999786376953,0.0,69.16999816894531,64.0,68.19000244140625,0.0,159930.0
BALKRISHNA.NS,17.010000228881836,0.0,17.010000228881836,0.0,18.149999618530273,16.600000381469727,18.149999618530273,0.0,94163.0
BALKRISIND.NS,2581.050048828125,0.0,2581.050048828125,0.0,2599.0,2555.0,2556.0,0.0,481572.0
BALMLAWRIE.NS,181.33999633789062,0.0,181.33999633789062,0.0,189.58999633789062,180.5,182.2899932861328,0.0,691711.0
BALPHARMA.NS,88.94999694824219,0.0,88.94999694824219,0.0,93.79000091552734,86.20999908447266,92.5,0.0,38320.0
BALRAMCHIN.NS,529.7000122070312,0.0,529.7000122070312,0.0,535.0,513.6500244140625,534.1500244140625,0.0,789498.0
BALUFORGE.NS,614.0499877929688,0.0,614.0499877929688,0.0,643.25,602.1500244140625,619.0499877929688,0.0,1001880.0
BANARBEADS.NS,126.5,0.0,126.5,0.0,131.99000549316406,123.3499984741211,131.1999969482422,0.0,15059.0
BANARISUG.NS,3819.449951171875,0.0,3819.449951171875,0.0,3912.0,3800.0,3824.949951171875,0.0,1162.0
BANCOINDIA.NS,345.45001220703125,0.0,345.45001220703125,0.0,352.95001220703125,344.0,352.95001220703125,0.0,130922.0
BANDHANBNK.NS,148.55999755859375,0.0,148.55999755859375,0.0,152.5,146.9600067138672,147.5500030517578,0.0,11536244.0
BANG.NS,47.88999938964844,0.0,47.88999938964844,0.0,49.97999954223633,47.36000061035156,49.779998779296875,0.0,11657.0
BANKA.NS,74.37000274658203,0.0,74.37000274658203,0.0,78.94000244140625,71.5199966430664,78.94000244140625,0.0,69063.0
BANKBARODA.NS,220.33999633789062,0.0,220.33999633789062,0.0,225.0,219.52999877929688,223.0,0.0,8824416.0
BANKINDIA.NS,105.41000366210938,0.0,105.41000366210938,0.0,107.41000366210938,105.0,105.91999816894531,0.0,7980547.0
BANSALWIRE.NS,364.79998779296875,0.0,364.79998779296875,0.0,379.6499938964844,360.5,372.25,0.0,77649.0
BANSWRAS.NS,123.69000244140625,0.0,123.69000244140625,0.0,130.0,123.11000061035156,129.0,0.0,83406.0
BARBEQUE.NS,266.3999938964844,0.0,266.3999938964844,0.0,277.79998779296875,263.25,276.0,0.0,129293.0
BASF.NS,4393.25,0.0,4393.25,0.0,4460.0,4380.10009765625,4434.10009765625,0.0,26765.0
BASILIC.NS,254.8000030517578,0.0,254.8000030517578,0.0,258.3500061035156,254.8000030517578,254.8000030517578,0.0,41100.0
BASML.NS,29.420000076293945,0.0,29.420000076293945,0.0,31.770000457763672,29.049999237060547,30.610000610351562,0.0,529014.0
BATAINDIA.NS,1213.0999755859375,0.0,1213.0999755859375,0.0,1241.300048828125,1210.0999755859375,1233.949951171875,0.0,111381.0
BAWEJA.NS,49.29999923706055,0.0,49.29999923706055,0.0,53.0,48.5,52.099998474121094,0.0,93600.0
BAYERCROP.NS,4855.35009765625,0.0,4855.35009765625,0.0,4894.7998046875,4849.0,4885.0,0.0,9928.0
BBL.NS,2932.75,0.0,2932.75,0.0,3007.75,2899.35009765625,2917.949951171875,0.0,88617.0
BBOX.NS,356.1499938964844,0.0,356.1499938964844,0.0,370.20001220703125,355.0,366.54998779296875,0.0,246313.0
BBTC.NS,1724.800048828125,0.0,1724.800048828125,0.0,1787.050048828125,1712.0999755859375,1774.949951171875,0.0,61972.0
BBTCL.NS,126.72000122070312,0.0,126.72000122070312,0.0,142.77999877929688,120.5999984741211,142.77999877929688,0.0,7687.0
BCLIND.NS,36.470001220703125,0.0,36.470001220703125,0.0,38.119998931884766,36.06999969482422,37.09000015258789,0.0,1566552.0
BCONCEPTS.NS,317.45001220703125,0.0,317.45001220703125,0.0,335.5,311.5,333.0,0.0,25184.0
BDL.NS,1326.75,0.0,1326.75,0.0,1357.699951171875,1304.75,1315.5999755859375,0.0,2418818.0
BEACON.NS,63.04999923706055,0.0,63.04999923706055,0.0,65.0,63.0,64.80000305175781,0.0,73000.0
BEARDSELL.NS,27.739999771118164,0.0,27.739999771118164,0.0,29.010000228881836,27.700000762939453,27.8799991607666,0.0,65125.0
BECTORFOOD.NS,1473.4000244140625,0.0,1473.4000244140625,0.0,1517.1500244140625,1470.0,1510.4000244140625,0.0,30377.0
BEDMUTHA.NS,168.0,0.0,168.0,0.0,174.39999389648438,167.5399932861328,169.1300048828125,0.0,35378.0
BEL.NS,299.5400085449219,0.0,299.5400085449219,0.0,305.5,298.489990234375,301.07000732421875,0.0,23859269.0
BEML.NS,2760.39990234375,0.0,2760.39990234375,0.0,2819.949951171875,2735.10009765625,2765.050048828125,0.0,375525.0
BEPL.NS,107.91999816894531,0.0,107.91999816894531,0.0,111.0999984741211,107.0,108.69999694824219,0.0,826391.0
BERGEPAINT.NS,501.45001220703125,0.0,501.45001220703125,0.0,509.25,499.04998779296875,502.8999938964844,0.0,494205.0
BESTAGRO.NS,254.0500030517578,0.0,254.0500030517578,0.0,254.0500030517578,244.14999389648438,244.14999389648438,0.0,90379.0
BETA.NS,nan,0.0,nan,0.0,nan,nan,nan,1.05,0.0
BEWLTD.NS,142.0500030517578,0.0,142.0500030517578,0.0,146.0,140.8000030517578,144.64999389648438,0.0,59000.0
BFINVEST.NS,466.3500061035156,0.0,466.3500061035156,0.0,500.0,462.25,489.79998779296875,0.0,75524.0
BFUTILITIE.NS,645.75,0.0,645.75,0.0,677.7000122070312,641.25,664.6500244140625,0.0,177223.0
BGRENERGY.NS,85.75,0.0,85.75,0.0,87.5,85.75,87.5,0.0,51548.0
BHAGCHEM.NS,281.70001220703125,0.0,281.70001220703125,0.0,288.70001220703125,275.5,288.70001220703125,0.0,138770.0
BHAGERIA.NS,151.97999572753906,0.0,151.97999572753906,0.0,159.8000030517578,150.35000610351562,157.35000610351562,0.0,37319.0
BHAGYANGR.NS,74.0999984741211,0.0,74.0999984741211,0.0,76.4000015258789,74.01000213623047,74.94999694824219,0.0,84727.0
BHANDARI.NS,4.730000019073486,0.0,4.730000019073486,0.0,5.0,4.650000095367432,5.0,0.0,676555.0
BHARATFORG.NS,1182.9000244140625,0.0,1182.9000244140625,0.0,1202.199951171875,1178.0,1186.25,0.0,812337.0
BHARATGEAR.NS,65.7300033569336,0.0,65.7300033569336,0.0,69.45999908447266,65.0,69.0,0.0,61417.0
BHARATRAS.NS,10922.599609375,0.0,10922.599609375,0.0,11219.9501953125,10799.900390625,10962.7001953125,0.0,4231.0
BHARATWIRE.NS,175.02000427246094,0.0,175.02000427246094,0.0,185.89999389648438,173.14999389648438,182.0,0.0,184105.0
BHARTIARTL.NS,1738.550048828125,0.0,1738.550048828125,0.0,1765.0,1726.1500244140625,1739.1500244140625,0.0,7142106.0
BHARTIHEXA.NS,1474.9000244140625,0.0,1474.9000244140625,0.0,1484.0,1430.050048828125,1450.0,0.0,485932.0
BHEL.NS,210.52000427246094,0.0,210.52000427246094,0.0,216.0399932861328,210.0,214.64999389648438,0.0,11765826.0
BIGBLOC.NS,63.27000045776367,0.0,63.27000045776367,0.0,67.55000305175781,63.0,67.5,0.0,326421.0
BIKAJI.NS,659.3499755859375,0.0,659.3499755859375,0.0,678.5999755859375,653.9500122070312,670.5,0.0,254113.0
BIL.NS,469.0,0.0,469.0,0.0,475.0,468.70001220703125,468.70001220703125,0.0,2574.0
BINANIIND.NS,10.220000267028809,0.0,10.220000267028809,0.0,11.100000381469727,10.010000228881836,11.100000381469727,0.0,38086.0
BIOCON.NS,348.29998779296875,0.0,348.29998779296875,0.0,352.6000061035156,345.79998779296875,348.0,0.0,1426518.0
BIOFILCHEM.NS,42.779998779296875,0.0,42.779998779296875,0.0,46.79999923706055,42.25,46.79999923706055,0.0,63475.0
BIRDYS.NS,99.0999984741211,0.0,99.0999984741211,0.0,99.0999984741211,99.0999984741211,99.0999984741211,0.0,6000.0
BIRET.NS,291.9800109863281,0.0,291.9800109863281,0.0,297.79998779296875,291.0,295.94000244140625,0.0,684674.0
BIRLACABLE.NS,140.14999389648438,0.0,140.14999389648438,0.0,147.89999389648438,140.0,147.5,0.0,92146.0
BIRLACORPN.NS,1059.050048828125,0.0,1059.050048828125,0.0,1103.6500244140625,1051.199951171875,1090.5999755859375,0.0,133941.0
BIRLAMONEY.NS,169.57000732421875,0.0,169.57000732421875,0.0,170.08999633789062,169.57000732421875,170.08999633789062,0.0,10480.0
BLACKBUCK.NS,418.75,0.0,418.75,0.0,419.5,404.8500061035156,415.0,0.0,99695.0
BLAL.NS,203.0500030517578,0.0,203.0500030517578,0.0,205.50999450683594,200.10000610351562,204.0,0.0,213537.0
BLBLIMITED.NS,15.029999732971191,0.0,15.029999732971191,0.0,17.59000015258789,14.619999885559082,17.59000015258789,0.0,121727.0
BLISSGVS.NS,121.16999816894531,0.0,121.16999816894531,0.0,124.9800033569336,120.0999984741211,124.0,0.0,414656.0
BLKASHYAP.NS,49.119998931884766,0.0,49.119998931884766,0.0,51.79999923706055,48.88999938964844,50.5,0.0,1040691.0
BLS.NS,396.70001220703125,0.0,396.70001220703125,0.0,414.75,395.0,405.95001220703125,0.0,3270938.0
BLSE.NS,155.0399932861328,0.0,155.0399932861328,0.0,163.0,154.0,160.99000549316406,0.0,271201.0
BLUECHIP.NS,7.420000076293945,0.0,7.420000076293945,0.0,7.489999771118164,7.25,7.349999904632568,0.0,36835.0
BLUECOAST.NS,39.7599983215332,0.0,39.7599983215332,0.0,39.7599983215332,39.7599983215332,39.7599983215332,0.0,23.0
BLUEDART.NS,6350.2001953125,0.0,6350.2001953125,0.0,6506.2001953125,6281.10009765625,6453.0,0.0,46558.0
BLUEJET.NS,854.4500122070312,0.0,854.4500122070312,0.0,892.0499877929688,846.9000244140625,888.75,0.0,231304.0
BLUEPEBBLE.NS,190.10000610351562,0.0,190.10000610351562,0.0,190.10000610351562,180.0,180.0,0.0,28800.0
BLUESTARCO.NS,2198.5,0.0,2198.5,0.0,2218.800048828125,2174.5,2210.0,0.0,263272.0
BMETRICS.NS,42.849998474121094,0.0,42.849998474121094,0.0,46.400001525878906,42.20000076293945,46.400001525878906,0.0,20800.0
BODALCHEM.NS,61.56999969482422,0.0,61.56999969482422,0.0,63.290000915527344,60.959999084472656,62.29999923706055,0.0,500633.0
BOMDYEING.NS,129.44000244140625,0.0,129.44000244140625,0.0,135.08999633789062,128.6999969482422,134.4499969482422,0.0,1282970.0
BOROLTD.NS,339.20001220703125,0.0,339.20001220703125,0.0,350.0,336.1000061035156,340.0,0.0,119374.0
BORORENEW.NS,495.8500061035156,0.0,495.8500061035156,0.0,517.5,494.0,510.04998779296875,0.0,194928.0
BOROSCI.NS,120.83999633789062,0.0,120.83999633789062,0.0,125.38999938964844,120.0,124.0,0.0,136465.0
BOSCHLTD.NS,28072.05078125,0.0,28072.05078125,0.0,28180.0,27390.30078125,27629.0,0.0,35116.0
BPCL.NS,273.010009765625,0.0,273.010009765625,0.0,283.3299865722656,272.1300048828125,278.0,0.0,9472011.0
BPL.NS,70.30999755859375,0.0,70.30999755859375,0.0,73.30000305175781,70.05000305175781,73.0,0.0,270248.0
BRIGADE.NS,976.0,0.0,976.0,0.0,1004.0,971.6500244140625,984.0,0.0,332385.0
BRITANNIA.NS,4849.7001953125,0.0,4849.7001953125,0.0,4876.60009765625,4794.0498046875,4846.89990234375,0.0,453222.0
BRNL.NS,31.420000076293945,0.0,31.420000076293945,0.0,34.13999938964844,31.059999465942383,33.900001525878906,0.0,160645.0
BROOKS.NS,111.58999633789062,0.0,111.58999633789062,0.0,125.0199966430664,110.0,110.0,0.0,124592.0
BSE.NS,4474.7001953125,0.0,4474.7001953125,0.0,4687.0,4453.0,4670.0,0.0,2959081.0
BSHSL.NS,124.3499984741211,0.0,124.3499984741211,0.0,131.58999633789062,123.16000366210938,126.0,0.0,53279.0
BSL.NS,170.27999877929688,0.0,170.27999877929688,0.0,175.0,170.0,170.88999938964844,0.0,2617.0
BSOFT.NS,393.8999938964844,0.0,393.8999938964844,0.0,404.95001220703125,392.8500061035156,403.70001220703125,0.0,1956390.0
BTML.NS,8.279999732971191,0.0,8.279999732971191,0.0,8.6899995803833,8.279999732971191,8.6899995803833,0.0,463328.0
BURNPUR.NS,33.0,0.0,33.0,0.0,33.0,33.0,33.0,0.0,0.0
BUTTERFLY.NS,592.0999755859375,0.0,592.0999755859375,0.0,614.75,590.2999877929688,608.6500244140625,0.0,15026.0
BVCL.NS,37.41999816894531,0.0,37.41999816894531,0.0,40.040000915527344,37.099998474121094,39.91999816894531,0.0,35872.0
BYKE.NS,64.93000030517578,0.0,64.93000030517578,0.0,66.3499984741211,63.630001068115234,65.0999984741211,0.0,59370.0
CADSYS.NS,73.5,0.0,73.5,0.0,74.0,73.5,73.5,0.0,1000.0
CALSOFT.NS,11.34000015258789,0.0,11.34000015258789,0.0,12.239999771118164,11.3100004196167,12.0,0.0,63898.0
CAMLINFINE.NS,170.3000030517578,0.0,170.3000030517578,0.0,173.5,163.52999877929688,169.27999877929688,0.0,1388323.0
CAMPUS.NS,227.0,0.0,227.0,0.0,238.35000610351562,226.5,237.10000610351562,0.0,635771.0
CAMS.NS,3684.550048828125,0.0,3684.550048828125,0.0,3733.0,3619.050048828125,3657.75,0.0,547771.0
CANARYS.NS,28.799999237060547,0.0,28.799999237060547,0.0,29.850000381469727,28.649999618530273,29.850000381469727,0.0,200000.0
CANBK.NS,87.23999786376953,0.0,87.23999786376953,0.0,89.31999969482422,87.0,88.30000305175781,0.0,21437779.0
CANFINHOME.NS,670.6500244140625,0.0,670.6500244140625,0.0,694.7000122070312,666.5499877929688,694.7000122070312,0.0,220785.0
CANTABIL.NS,264.7099914550781,0.0,264.7099914550781,0.0,272.6300048828125,263.6000061035156,266.20001220703125,0.0,139745.0
CAPACITE.NS,351.45001220703125,0.0,351.45001220703125,0.0,365.75,349.29998779296875,351.5,0.0,504645.0
CAPITALSFB.NS,276.29998779296875,0.0,276.29998779296875,0.0,282.3999938964844,275.0,277.54998779296875,0.0,46237.0
CAPLIPOINT.NS,1990.6500244140625,0.0,1990.6500244140625,0.0,2065.0,1985.0,2065.0,0.0,57822.0
CAPTRUST.NS,91.31999969482422,0.0,91.31999969482422,0.0,96.0,89.0999984741211,94.4000015258789,0.0,23554.0
CARBORUNIV.NS,977.9000244140625,0.0,977.9000244140625,0.0,1008.75,972.0,999.9500122070312,0.0,142229.0
CAREERP.NS,388.8500061035156,0.0,388.8500061035156,0.0,400.0,382.3999938964844,389.6499938964844,0.0,46741.0
CARERATING.NS,1114.6500244140625,0.0,1114.6500244140625,0.0,1142.5,1093.25,1130.050048828125,0.0,56513.0
CARRARO.NS,313.1000061035156,0.0,313.1000061035156,0.0,332.54998779296875,310.1000061035156,332.54998779296875,0.0,423217.0
CARTRADE.NS,1655.3499755859375,0.0,1655.3499755859375,0.0,1732.0,1646.050048828125,1699.449951171875,0.0,524996.0
CARYSIL.NS,635.4000244140625,0.0,635.4000244140625,0.0,670.0,631.0,635.0,0.0,207470.0
CASTROLIND.NS,205.67999267578125,0.0,205.67999267578125,0.0,210.19000244140625,204.8300018310547,210.0,0.0,3224515.0
CBAZAAR.NS,6.5,0.0,6.5,0.0,6.5,6.5,6.5,0.0,8000.0
CCCL.NS,13.789999961853027,0.0,13.789999961853027,0.0,13.789999961853027,13.789999961853027,13.789999961853027,0.0,90330.0
CCHHL.NS,15.380000114440918,0.0,15.380000114440918,0.0,16.110000610351562,15.289999961853027,15.600000381469727,0.0,103288.0
CCL.NS,553.25,0.0,553.25,0.0,579.5,551.0,576.0,0.0,165138.0
CDSL.NS,1181.199951171875,0.0,1181.199951171875,0.0,1222.0,1175.0,1215.0,0.0,3248028.0
CEATLTD.NS,2882.699951171875,0.0,2882.699951171875,0.0,2959.85009765625,2862.35009765625,2911.0,0.0,70156.0
CEIGALL.NS,257.75,0.0,257.75,0.0,270.0,256.1000061035156,270.0,0.0,352517.0
CELEBRITY.NS,10.800000190734863,0.0,10.800000190734863,0.0,11.430000305175781,10.760000228881836,11.029999732971191,0.0,146366.0
CELLECOR.NS,55.25,0.0,55.25,0.0,57.650001525878906,54.20000076293945,57.650001525878906,0.0,423000.0
CELLO.NS,557.75,0.0,557.75,0.0,561.75,547.2000122070312,555.8499755859375,0.0,281652.0
CELLPOINT.NS,17.100000381469727,0.0,17.100000381469727,0.0,17.799999237060547,16.950000762939453,17.450000762939453,0.0,49200.0
CENTENKA.NS,535.5999755859375,0.0,535.5999755859375,0.0,555.0,530.0,545.4000244140625,0.0,62637.0
CENTEXT.NS,17.18000030517578,0.0,17.18000030517578,0.0,18.889999389648438,16.739999771118164,18.270000457763672,0.0,336351.0
CENTRALBK.NS,43.130001068115234,0.0,43.130001068115234,0.0,45.18000030517578,43.0,44.650001525878906,0.0,6773495.0
CENTRUM.NS,23.520000457763672,0.0,23.520000457763672,0.0,25.690000534057617,23.15999984741211,25.18000030517578,0.0,798629.0
CENTUM.NS,1615.300048828125,0.0,1615.300048828125,0.0,1680.949951171875,1542.449951171875,1600.0,0.0,24743.0
CENTURYPLY.NS,706.8499755859375,0.0,706.8499755859375,0.0,720.0,697.5499877929688,720.0,0.0,64034.0
CERA.NS,5650.7998046875,0.0,5650.7998046875,0.0,5661.0,5530.7001953125,5635.5,0.0,21312.0
CEREBRAINT.NS,4.429999828338623,0.0,4.429999828338623,0.0,4.789999961853027,4.380000114440918,4.650000095367432,0.0,459655.0
CESC.NS,150.38999938964844,0.0,150.38999938964844,0.0,153.10000610351562,149.55999755859375,150.89999389648438,0.0,3195983.0
CEWATER.NS,504.6499938964844,0.0,504.6499938964844,0.0,526.5499877929688,497.5,513.7999877929688,0.0,143710.0
CGCL.NS,194.86000061035156,0.0,194.86000061035156,0.0,201.57000732421875,167.2100067138672,167.97999572753906,0.0,46706693.0
CGPOWER.NS,635.7999877929688,0.0,635.7999877929688,0.0,648.0,626.0499877929688,626.9000244140625,0.0,4273272.0
CGRAPHICS.NS,152.5,0.0,152.5,0.0,159.39999389648438,152.0,154.0,0.0,72800.0
CHALET.NS,845.0,0.0,845.0,0.0,877.5,837.7999877929688,873.1500244140625,0.0,130514.0
CHAMBLFERT.NS,618.0499877929688,0.0,618.0499877929688,0.0,626.0,609.5999755859375,614.0,0.0,1850552.0
CHAVDA.NS,137.75,0.0,137.75,0.0,143.9499969482422,136.10000610351562,140.85000610351562,0.0,69000.0
CHEMBOND.NS,520.0499877929688,0.0,520.0499877929688,0.0,543.0,512.2999877929688,517.2999877929688,0.0,24780.0
CHEMCON.NS,170.3800048828125,0.0,170.3800048828125,0.0,178.99000549316406,170.00999450683594,177.3000030517578,0.0,87141.0
CHEMFAB.NS,729.0,0.0,729.0,0.0,752.9000244140625,705.4500122070312,741.0,0.0,18102.0
CHEMPLASTS.NS,443.25,0.0,443.25,0.0,461.0,441.20001220703125,459.0,0.0,76407.0
CHENNPETRO.NS,630.5499877929688,0.0,630.5499877929688,0.0,664.5,613.0,614.25,0.0,13440542.0
CHEVIOT.NS,1020.4000244140625,0.0,1020.4000244140625,0.0,1041.0,1020.0,1030.0,0.0,5185.0
CHOICEIN.NS,491.79998779296875,0.0,491.79998779296875,0.0,503.8500061035156,487.04998779296875,502.5,0.0,509928.0
CHOLAFIN.NS,1522.25,0.0,1522.25,0.0,1551.0,1510.0,1534.699951171875,0.0,1863135.0
CHOLAHLDNG.NS,1712.9000244140625,0.0,1712.9000244140625,0.0,1838.949951171875,1692.550048828125,1829.0,0.0,474262.0
CIGNITITEC.NS,1452.0,0.0,1452.0,0.0,1469.9000244140625,1440.0,1440.0,0.0,131781.0
CINELINE.NS,78.5199966430664,0.0,78.5199966430664,0.0,79.0199966430664,76.11000061035156,77.0199966430664,0.0,61108.0
CINEVISTA.NS,14.15999984741211,0.0,14.15999984741211,0.0,14.5,14.020000457763672,14.149999618530273,0.0,48021.0
CIPLA.NS,1476.199951171875,0.0,1476.199951171875,0.0,1512.3499755859375,1472.300048828125,1507.0,0.0,1375475.0
CLEAN.NS,1200.5999755859375,0.0,1200.5999755859375,0.0,1219.9000244140625,1197.0,1219.9000244140625,0.0,81954.0
CLEDUCATE.NS,71.1500015258789,0.0,71.1500015258789,0.0,74.01000213623047,70.76000213623047,73.88999938964844,0.0,189569.0
CLOUD.NS,8.449999809265137,0.0,8.449999809265137,0.0,8.449999809265137,8.449999809265137,8.449999809265137,0.0,0.0
CLSEL.NS,302.75,0.0,302.75,0.0,318.29998779296875,301.95001220703125,313.25,0.0,27500.0
CLSL.NS,51.150001525878906,0.0,51.150001525878906,0.0,52.0,50.29999923706055,51.75,0.0,56000.0
CMMIPL.NS,1.7000000476837158,0.0,1.7000000476837158,0.0,1.7000000476837158,1.7000000476837158,1.7000000476837158,0.0,15000.0
CMNL.NS,149.0,0.0,149.0,0.0,151.39999389648438,144.0,148.39999389648438,0.0,37500.0
CMRSL.NS,73.3499984741211,0.0,73.3499984741211,0.0,74.0,72.6500015258789,72.6500015258789,0.0,3200.0
CMSINFO.NS,464.0,0.0,464.0,0.0,477.6499938964844,461.29998779296875,474.0,0.0,350396.0
COALINDIA.NS,394.79998779296875,0.0,394.79998779296875,0.0,402.45001220703125,393.1499938964844,398.5,0.0,5025160.0
COASTCORP.NS,36.2400016784668,0.0,36.2400016784668,0.0,40.349998474121094,35.79999923706055,38.529998779296875,0.0,233719.0
COCHINSHIP.NS,1451.8499755859375,0.0,1451.8499755859375,0.0,1498.9000244140625,1445.6500244140625,1457.449951171875,0.0,1522366.0
COFORGE.NS,8027.2001953125,0.0,8027.2001953125,0.0,8125.5,7958.2001953125,7992.35009765625,0.0,661953.0
COLPAL.NS,2392.85009765625,0.0,2392.85009765625,0.0,2405.0,2362.199951171875,2389.449951171875,0.0,508557.0
COMMITTED.NS,222.0,0.0,222.0,0.0,222.0,222.0,221.39999389648438,0.0,1600.0
COMPUSOFT.NS,18.299999237060547,0.0,18.299999237060547,0.0,19.020000457763672,18.200000762939453,19.020000457763672,0.0,91116.0
COMSYN.NS,72.5199966430664,0.0,72.5199966430664,0.0,72.5199966430664,72.5199966430664,72.5199966430664,0.0,13072.0
CONCOR.NS,686.8499755859375,0.0,686.8499755859375,0.0,713.9500122070312,684.0,712.0,0.0,1704033.0
CONCORDBIO.NS,1653.9000244140625,0.0,1653.9000244140625,0.0,1705.0,1642.199951171875,1705.0,0.0,93716.0
CONFIPET.NS,47.7599983215332,0.0,47.7599983215332,0.0,50.689998626708984,47.099998474121094,50.150001525878906,0.0,1384870.0
CONSOFINVT.NS,181.05999755859375,0.0,181.05999755859375,0.0,185.0,180.08999633789062,184.10000610351562,0.0,137989.0
CONTI.NS,29.0,0.0,29.0,0.0,29.0,29.0,29.0,0.0,0.0
CONTROLPR.NS,632.8499755859375,0.0,632.8499755859375,0.0,653.0499877929688,625.2999877929688,631.7000122070312,0.0,45103.0
COOLCAPS.NS,770.0,0.0,770.0,0.0,782.25,746.0,782.25,0.0,32000.0
CORALFINAC.NS,41.439998626708984,0.0,41.439998626708984,0.0,42.95000076293945,40.209999084472656,41.400001525878906,0.0,74933.0
CORDSCABLE.NS,167.61000061035156,0.0,167.61000061035156,0.0,174.47000122070312,166.5,173.0,0.0,35380.0
COROMANDEL.NS,1979.550048828125,0.0,1979.550048828125,0.0,2026.199951171875,1967.0,1981.0999755859375,0.0,621472.0
COSMOFIRST.NS,605.75,0.0,605.75,0.0,644.75,601.0499877929688,639.9500122070312,0.0,292367.0
COUNCODOS.NS,6.309999942779541,0.0,6.309999942779541,0.0,6.579999923706055,6.230000019073486,6.5,0.0,50940.0
CPS.NS,542.0499877929688,0.0,542.0499877929688,0.0,546.0,542.0499877929688,546.0,0.0,2400.0
CRAFTSMAN.NS,4887.89990234375,0.0,4887.89990234375,0.0,4964.0,4832.5,4883.0,0.0,48850.0
CRAYONS.NS,47.900001525878906,0.0,47.900001525878906,0.0,52.150001525878906,47.29999923706055,52.0,0.0,160000.0
CREATIVE.NS,713.2999877929688,0.0,713.2999877929688,0.0,729.0,658.0499877929688,662.5999755859375,0.0,155450.0
CREATIVEYE.NS,6.110000133514404,0.0,6.110000133514404,0.0,6.300000190734863,5.909999847412109,6.300000190734863,0.0,7351.0
CREDITACC.NS,921.5499877929688,0.0,921.5499877929688,0.0,974.3499755859375,917.0,973.7999877929688,0.0,1025305.0
CREST.NS,373.6499938964844,0.0,373.6499938964844,0.0,396.0,366.95001220703125,393.0,0.0,51440.0
CRISIL.NS,4169.64990234375,0.0,4169.64990234375,0.0,4209.5498046875,4141.5498046875,4185.0,0.0,46831.0
CROMPTON.NS,360.1000061035156,0.0,360.1000061035156,0.0,367.5,354.54998779296875,358.0,0.0,1492757.0
CROWN.NS,178.77000427246094,0.0,178.77000427246094,0.0,187.19000244140625,178.77000427246094,187.0,0.0,12485.0
CSBBANK.NS,298.04998779296875,0.0,298.04998779296875,0.0,304.95001220703125,296.04998779296875,299.8999938964844,0.0,158260.0
CSLFINANCE.NS,265.79998779296875,0.0,265.79998779296875,0.0,281.29998779296875,265.0,268.8999938964844,0.0,95205.0
CTE.NS,37.77000045776367,0.0,37.77000045776367,0.0,39.900001525878906,37.61000061035156,39.29999923706055,0.0,53974.0
CUB.NS,158.75999450683594,0.0,158.75999450683594,0.0,160.58999633789062,157.5500030517578,157.89999389648438,0.0,1630758.0
CUBEXTUB.NS,82.73999786376953,0.0,82.73999786376953,0.0,87.0,82.5,85.16000366210938,0.0,51838.0
CUMMINSIND.NS,3004.949951171875,0.0,3004.949951171875,0.0,3070.0,2950.550048828125,2974.0,0.0,620549.0
CUPID.NS,64.05000305175781,0.0,64.05000305175781,0.0,65.30000305175781,63.209999084472656,65.0,0.0,841159.0
CYBERMEDIA.NS,13.149999618530273,0.0,13.149999618530273,0.0,13.989999771118164,13.130000114440918,13.829999923706055,0.0,25233.0
CYBERTECH.NS,145.1999969482422,0.0,145.1999969482422,0.0,154.25,145.0,152.64999389648438,0.0,159811.0
CYIENT.NS,1279.75,0.0,1279.75,0.0,1308.5999755859375,1271.5,1304.9000244140625,0.0,286529.0
CYIENTDLM.NS,387.5,0.0,387.5,0.0,409.20001220703125,383.45001220703125,405.95001220703125,0.0,564712.0
GVPTECH.NS,10.039999961853027,0.0,10.039999961853027,0.0,10.59000015258789,9.800000190734863,10.40999984741211,0.0,154442.0
HEUBACHIND.NS,581.25,0.0,581.25,0.0,584.9500122070312,580.5,580.5,0.0,15308.0
JWL.NS,370.20001220703125,0.0,370.20001220703125,0.0,382.0,359.6499938964844,363.5,0.0,7794550.0
OSWALGREEN.NS,35.38999938964844,0.0,35.38999938964844,0.0,36.91999816894531,35.029998779296875,36.599998474121094,0.0,203735.0
RBA.NS,62.31999969482422,0.0,62.31999969482422,0.0,63.790000915527344,62.0,63.0,0.0,2179139.0
ZYDUSLIFE.NS,907.5,0.0,907.5,0.0,917.4500122070312,903.5999755859375,907.7999877929688,0.0,1505790.0
360ONE.NS,959.6500244140625,0.0,959.6500244140625,0.0,983.25,941.25,972.9500122070312,0.0,397546.0
ACLGATI.NS,55.540000915527344,0.0,55.540000915527344,0.0,58.099998474121094,55.11000061035156,58.099998474121094,0.0,1214763.0
AGI.NS,742.25,0.0,742.25,0.0,750.0,731.5,750.0,0.0,170261.0
DABUR.NS,508.8500061035156,0.0,508.8500061035156,0.0,510.95001220703125,505.04998779296875,509.0,0.0,2517319.0
DALBHARAT.NS,1760.75,0.0,1760.75,0.0,1785.0,1742.3499755859375,1747.0,0.0,182659.0
DALMIASUG.NS,357.8500061035156,0.0,357.8500061035156,0.0,381.0,353.3500061035156,372.75,0.0,119733.0
DAMCAPITAL.NS,228.4199981689453,0.0,228.4199981689453,0.0,236.27000427246094,224.0,234.8800048828125,0.0,1682693.0
DAMODARIND.NS,28.889999389648438,0.0,28.889999389648438,0.0,31.600000381469727,28.5,30.450000762939453,0.0,31655.0
DANGEE.NS,4.46999979019165,0.0,4.46999979019165,0.0,4.880000114440918,4.050000190734863,4.699999809265137,0.0,356113.0
DATAMATICS.NS,636.75,0.0,636.75,0.0,651.4000244140625,626.9500122070312,627.5,0.0,85232.0
DATAPATTNS.NS,1692.6500244140625,0.0,1692.6500244140625,0.0,1740.0,1676.0,1729.449951171875,0.0,573174.0
DAVANGERE.NS,3.940000057220459,0.0,3.940000057220459,0.0,4.079999923706055,3.9100000858306885,4.0,0.0,7791613.0
DBCORP.NS,226.39999389648438,0.0,226.39999389648438,0.0,234.25,224.99000549316406,234.25,0.0,120223.0
DBEIL.NS,148.75,0.0,148.75,0.0,150.4199981689453,136.0500030517578,138.00999450683594,0.0,887864.0
DBL.NS,454.3500061035156,0.0,454.3500061035156,0.0,466.3999938964844,452.25,459.45001220703125,0.0,163786.0
DBOL.NS,68.80999755859375,0.0,68.80999755859375,0.0,69.4000015258789,68.80999755859375,69.4000015258789,0.0,200275.0
DBREALTY.NS,143.7100067138672,0.0,143.7100067138672,0.0,150.67999267578125,143.02000427246094,147.05999755859375,0.0,3705450.0
DBSTOCKBRO.NS,29.459999084472656,0.0,29.459999084472656,0.0,30.899999618530273,29.0,30.899999618530273,0.0,309256.0
DCAL.NS,222.7100067138672,0.0,222.7100067138672,0.0,229.05999755859375,221.39999389648438,226.1999969482422,0.0,206207.0
DCBBANK.NS,111.29000091552734,0.0,111.29000091552734,0.0,115.01000213623047,111.0,113.51000213623047,0.0,2105578.0
DCG.NS,66.94999694824219,0.0,66.94999694824219,0.0,70.44999694824219,66.30000305175781,69.4000015258789,0.0,50400.0
DCI.NS,260.0,0.0,260.0,0.0,274.79998779296875,259.75,273.0,0.0,9313.0
DCM.NS,99.62000274658203,0.0,99.62000274658203,0.0,102.0,99.01000213623047,102.0,0.0,27850.0
DCMFINSERV.NS,5.360000133514404,0.0,5.360000133514404,0.0,5.599999904632568,5.199999809265137,5.599999904632568,0.0,17152.0
DCMNVL.NS,156.4600067138672,0.0,156.4600067138672,0.0,170.86000061035156,152.80999755859375,165.5,0.0,32507.0
DCMSHRIRAM.NS,1045.5,0.0,1045.5,0.0,1070.0,1036.5,1067.949951171875,0.0,41168.0
DCMSRIND.NS,166.8699951171875,0.0,166.8699951171875,0.0,168.5800018310547,163.6300048828125,166.0,0.0,159228.0
DCW.NS,76.9000015258789,0.0,76.9000015258789,0.0,80.9000015258789,76.43000030517578,79.9000015258789,0.0,1161590.0
DCXINDIA.NS,230.27000427246094,0.0,230.27000427246094,0.0,238.4499969482422,229.0,237.64999389648438,0.0,974061.0
DDEVPLSTIK.NS,259.82000732421875,0.0,259.82000732421875,0.0,276.0,255.0,255.0,0.0,687588.0
DECCANCE.NS,782.5499877929688,0.0,782.5499877929688,0.0,814.9500122070312,778.1500244140625,800.9000244140625,0.0,18275.0
DEEDEV.NS,243.69000244140625,0.0,243.69000244140625,0.0,254.86000061035156,241.4499969482422,252.0,0.0,123263.0
DEEM.NS,53.54999923706055,0.0,53.54999923706055,0.0,56.5,53.099998474121094,53.099998474121094,0.0,40000.0
DEEPAKFERT.NS,1115.8499755859375,0.0,1115.8499755859375,0.0,1173.0,1104.550048828125,1143.949951171875,0.0,537730.0
DEEPAKNTR.NS,2016.699951171875,0.0,2016.699951171875,0.0,2050.0,2000.8499755859375,2035.0,0.0,273892.0
DEEPINDS.NS,488.25,0.0,488.25,0.0,501.1000061035156,486.70001220703125,491.45001220703125,0.0,87514.0
DELAPLEX.NS,144.10000610351562,0.0,144.10000610351562,0.0,148.75,142.0,146.25,0.0,19800.0
DELHIVERY.NS,254.69000244140625,0.0,254.69000244140625,0.0,259.8500061035156,253.00999450683594,258.1000061035156,0.0,1524860.0
DELPHIFX.NS,120.23999786376953,0.0,120.23999786376953,0.0,126.9000015258789,117.41000366210938,126.9000015258789,0.0,17035.0
DELTACORP.NS,85.12000274658203,0.0,85.12000274658203,0.0,88.36000061035156,84.86000061035156,88.19000244140625,0.0,2054320.0
DELTAMAGNT.NS,59.52000045776367,0.0,59.52000045776367,0.0,62.0,59.5,61.0,0.0,6412.0
DEN.NS,31.170000076293945,0.0,31.170000076293945,0.0,32.650001525878906,31.0,32.459999084472656,0.0,1546989.0
DENEERS.NS,286.6000061035156,0.0,286.6000061035156,0.0,288.0,279.0,279.0,0.0,5400.0
DENORA.NS,725.0499877929688,0.0,725.0499877929688,0.0,763.2000122070312,718.0,737.0,0.0,23897.0
DENTALKART.NS,616.5,0.0,616.5,0.0,626.3499755859375,607.0,626.3499755859375,0.0,9750.0
DESTINY.NS,79.0,0.0,79.0,0.0,85.0,77.0,81.0,0.0,12000.0
DEVIT.NS,111.94999694824219,0.0,111.94999694824219,0.0,122.19000244140625,111.0,122.19000244140625,0.0,131972.0
DEVYANI.NS,148.69000244140625,0.0,148.69000244140625,0.0,150.1999969482422,147.7100067138672,148.5,0.0,1786781.0
DGCONTENT.NS,41.7400016784668,0.0,41.7400016784668,0.0,42.599998474121094,41.7400016784668,42.599998474121094,0.0,502.0
DHAMPURSUG.NS,119.79000091552734,0.0,119.79000091552734,0.0,123.5,118.0999984741211,122.81999969482422,0.0,334818.0
DHAN-RE.NS,0.0,0.0,0.0,0.0,2.630000114440918,2.380000114440918,2.4100000858306885,0.0,2502521.0
DHANBANK.NS,29.90999984741211,0.0,29.90999984741211,0.0,30.18000030517578,29.0,30.149999618530273,0.0,8269044.0
DHANI.NS,56.22999954223633,0.0,56.22999954223633,0.0,60.119998931884766,55.79999923706055,59.900001525878906,0.0,3211565.0
DHANLAXMI.NS,55.099998474121094,0.0,55.099998474121094,0.0,58.0,55.099998474121094,58.0,0.0,42000.0
DHANUKA.NS,1312.9000244140625,0.0,1312.9000244140625,0.0,1347.300048828125,1306.5999755859375,1330.0,0.0,51328.0
DHARMAJ.NS,184.22999572753906,0.0,184.22999572753906,0.0,193.38999938964844,181.1300048828125,188.89999389648438,0.0,92612.0
DHRUV.NS,74.33000183105469,0.0,74.33000183105469,0.0,78.0,73.69999694824219,78.0,0.0,67018.0
DHTL.NS,45.79999923706055,0.0,45.79999923706055,0.0,45.79999923706055,43.650001525878906,45.79999923706055,0.0,12000.0
DHUNINV.NS,1473.199951171875,0.0,1473.199951171875,0.0,1550.0,1460.050048828125,1543.5999755859375,0.0,4052.0
DIACABS.NS,93.23999786376953,0.0,93.23999786376953,0.0,98.4000015258789,93.05999755859375,96.38999938964844,0.0,118187.0
DIAMINESQ.NS,321.6000061035156,0.0,321.6000061035156,0.0,345.0,317.79998779296875,339.0,0.0,37334.0
DIAMONDYD.NS,1029.8499755859375,0.0,1029.8499755859375,0.0,1047.9000244140625,1000.0,1014.0,0.0,95462.0
DICIND.NS,657.1500244140625,0.0,657.1500244140625,0.0,669.0,653.0,666.9000244140625,0.0,1846.0
DIFFNKG.NS,271.6499938964844,0.0,271.6499938964844,0.0,277.20001220703125,271.6499938964844,277.20001220703125,0.0,5495.0
DIGIDRIVE.NS,27.610000610351562,0.0,27.610000610351562,0.0,29.68000030517578,27.200000762939453,29.049999237060547,0.0,175815.0
DIGIKORE.NS,184.5,0.0,184.5,0.0,188.35000610351562,184.5,184.5,0.0,17800.0
DIGISPICE.NS,18.979999542236328,0.0,18.979999542236328,0.0,20.100000381469727,18.850000381469727,19.780000686645508,0.0,389163.0
DIGJAMLMTD.NS,37.81999969482422,0.0,37.81999969482422,0.0,39.5,37.5,39.5,0.0,40981.0
DIL.NS,2.0,0.0,2.0,0.0,2.130000114440918,1.9700000286102295,2.119999885559082,0.0,1041138.0
DISHTV.NS,5.829999923706055,0.0,5.829999923706055,0.0,6.130000114440918,5.800000190734863,6.119999885559082,0.0,26934691.0
DIVGIITTS.NS,457.75,0.0,457.75,0.0,472.0,451.5,457.0,0.0,34839.0
DIVISLAB.NS,5839.2001953125,0.0,5839.2001953125,0.0,5918.2001953125,5767.5498046875,5869.85009765625,0.0,238410.0
DIXON.NS,13260.400390625,0.0,13260.400390625,0.0,13691.0498046875,13216.0,13651.0498046875,0.0,452500.0
DJML.NS,119.94999694824219,0.0,119.94999694824219,0.0,120.23999786376953,119.0,120.23999786376953,0.0,1023.0
DKEGL.NS,72.0,0.0,72.0,0.0,72.0,72.0,72.0,0.0,0.0
DLF.NS,680.4500122070312,0.0,680.4500122070312,0.0,703.7999877929688,678.25,695.5499877929688,0.0,5591018.0
DLINKINDIA.NS,410.5,0.0,410.5,0.0,423.3999938964844,408.0,415.0,0.0,115027.0
DMART.NS,3945.699951171875,0.0,3945.699951171875,0.0,4018.10009765625,3917.300048828125,4010.0,0.0,384615.0
DMCC.NS,296.3500061035156,0.0,296.3500061035156,0.0,303.0,290.0,295.0,0.0,6990.0
DNAMEDIA.NS,5.010000228881836,0.0,5.010000228881836,0.0,5.190000057220459,4.900000095367432,4.900000095367432,0.0,26430.0
DODLA.NS,1149.6500244140625,0.0,1149.6500244140625,0.0,1185.0,1141.5,1150.0,0.0,24311.0
DOLATALGO.NS,83.18000030517578,0.0,83.18000030517578,0.0,88.4800033569336,82.0999984741211,86.94999694824219,0.0,588471.0
DOLLAR.NS,383.79998779296875,0.0,383.79998779296875,0.0,396.6000061035156,381.1000061035156,392.1499938964844,0.0,89507.0
DOLLEX.NS,35.29999923706055,0.0,35.29999923706055,0.0,36.79999923706055,33.0,35.0,0.0,60000.0
DOLPHIN.NS,280.010009765625,0.0,280.010009765625,0.0,280.010009765625,280.010009765625,280.010009765625,0.0,1504.0
DOMS.NS,2799.89990234375,0.0,2799.89990234375,0.0,2918.949951171875,2786.0,2884.0,0.0,59153.0
DONEAR.NS,105.69000244140625,0.0,105.69000244140625,0.0,116.16000366210938,105.01000213623047,105.44999694824219,0.0,344616.0
DPABHUSHAN.NS,1308.300048828125,0.0,1308.300048828125,0.0,1345.0,1296.0,1325.75,0.0,11687.0
DPEL.NS,135.0,0.0,135.0,0.0,139.0,129.9499969482422,129.9499969482422,0.0,123000.0
DPSCLTD.NS,12.039999961853027,0.0,12.039999961853027,0.0,12.350000381469727,11.800000190734863,12.350000381469727,0.0,273644.0
DPWIRES.NS,200.99000549316406,0.0,200.99000549316406,0.0,211.5,200.0,208.89999389648438,0.0,50062.0
DRCSYSTEMS.NS,22.6299991607666,0.0,22.6299991607666,0.0,24.09000015258789,21.799999237060547,23.1200008392334,0.0,184749.0
DREAMFOLKS.NS,217.85000610351562,0.0,217.85000610351562,0.0,228.25,216.5500030517578,222.14999389648438,0.0,533287.0
DREDGECORP.NS,537.7000122070312,0.0,537.7000122070312,0.0,574.9500122070312,534.3499755859375,552.5,0.0,123116.0
DRL.NS,25.75,0.0,25.75,0.0,25.75,25.75,25.75,0.0,0.0
DRONE.NS,115.80000305175781,0.0,115.80000305175781,0.0,119.80000305175781,115.80000305175781,115.80000305175781,0.0,78000.0
DRREDDY.NS,1164.5999755859375,0.0,1164.5999755859375,0.0,1179.800048828125,1152.6500244140625,1177.9000244140625,0.0,2863911.0
DRSDILIP.NS,124.9000015258789,0.0,124.9000015258789,0.0,124.9000015258789,124.9000015258789,124.9000015258789,0.0,0.0
DSSL.NS,1032.3499755859375,0.0,1032.3499755859375,0.0,1120.0,1025.0,1064.0999755859375,0.0,49250.0
DTIL.NS,174.89999389648438,0.0,174.89999389648438,0.0,181.82000732421875,173.4600067138672,180.66000366210938,0.0,12243.0
DTL.NS,136.5,0.0,136.5,0.0,137.0,130.0,131.0,0.0,25200.0
DUCOL.NS,118.0,0.0,118.0,0.0,121.5999984741211,114.0,116.0,0.0,17600.0
DUCON.NS,5.179999828338623,0.0,5.179999828338623,0.0,5.489999771118164,5.150000095367432,5.340000152587891,0.0,1599364.0
DUGLOBAL.NS,49.75,0.0,49.75,0.0,50.95000076293945,49.400001525878906,49.75,0.0,75000.0
DURLAX.NS,36.400001525878906,0.0,36.400001525878906,0.0,37.400001525878906,36.29999923706055,37.400001525878906,0.0,126000.0
DVL.NS,327.95001220703125,0.0,327.95001220703125,0.0,337.0,326.6499938964844,329.20001220703125,0.0,25554.0
DWARKESH.NS,37.7599983215332,0.0,37.7599983215332,0.0,40.11000061035156,37.5099983215332,39.72999954223633,0.0,1258114.0
DYCL.NS,541.5,0.0,541.5,0.0,594.0,537.0,550.0999755859375,0.0,189342.0
DYNAMATECH.NS,6458.9501953125,0.0,6458.9501953125,0.0,6655.89990234375,6336.9501953125,6655.89990234375,0.0,6995.0
DYNAMIC.NS,151.9499969482422,0.0,151.9499969482422,0.0,151.9499969482422,151.9499969482422,151.9499969482422,0.0,14000.0
DYNPRO.NS,272.1499938964844,0.0,272.1499938964844,0.0,290.0,270.1499938964844,286.3500061035156,0.0,31022.0
E2E.NS,2139.14990234375,0.0,2139.14990234375,0.0,2276.25,2139.14990234375,2251.699951171875,0.0,75098.0
EASEMYTRIP.NS,12.329999923706055,0.0,12.329999923706055,0.0,13.029999732971191,12.260000228881836,12.949999809265137,0.0,35366055.0
ECLERX.NS,2742.64990234375,0.0,2742.64990234375,0.0,2799.800048828125,2722.60009765625,2780.0,0.0,52777.0
ECOSMOBLTY.NS,193.52000427246094,0.0,193.52000427246094,0.0,204.58999633789062,192.47000122070312,201.9499969482422,0.0,328559.0
EDELWEISS.NS,86.4000015258789,0.0,86.4000015258789,0.0,89.51000213623047,85.68000030517578,88.86000061035156,0.0,2915888.0
EFACTOR.NS,157.75,0.0,157.75,0.0,176.4499969482422,153.5,166.89999389648438,0.0,32000.0
EFFWA.NS,177.9499969482422,0.0,177.9499969482422,0.0,191.8000030517578,176.0500030517578,191.8000030517578,0.0,101600.0
EFORCE.NS,36.20000076293945,0.0,36.20000076293945,0.0,39.150001525878906,36.0,38.25,0.0,121200.0
EICHERMOT.NS,5403.2998046875,0.0,5403.2998046875,0.0,5495.0,5390.0,5433.89990234375,0.0,384678.0
EIDPARRY.NS,781.5,0.0,781.5,0.0,799.9000244140625,773.2000122070312,789.9500122070312,0.0,276319.0
EIEL.NS,215.99000549316406,0.0,215.99000549316406,0.0,225.6999969482422,214.25,222.0,0.0,2447942.0
EIFFL.NS,176.57000732421875,0.0,176.57000732421875,0.0,182.99000549316406,175.0500030517578,182.99000549316406,0.0,25383.0
EIHAHOTELS.NS,351.25,0.0,351.25,0.0,354.70001220703125,351.0,353.20001220703125,0.0,28179.0
EIHOTEL.NS,362.3999938964844,0.0,362.3999938964844,0.0,377.20001220703125,360.54998779296875,377.20001220703125,0.0,307161.0
EIMCOELECO.NS,1468.4000244140625,0.0,1468.4000244140625,0.0,1525.199951171875,1447.300048828125,1501.0,0.0,11424.0
EKC.NS,118.66999816894531,0.0,118.66999816894531,0.0,125.55000305175781,117.5999984741211,123.19999694824219,0.0,522357.0
ELDEHSG.NS,710.0999755859375,0.0,710.0999755859375,0.0,745.5499877929688,700.5499877929688,745.5499877929688,0.0,1371.0
ELECON.NS,460.29998779296875,0.0,460.29998779296875,0.0,471.0,430.6000061035156,439.0,0.0,2094672.0
ELECTCAST.NS,95.7699966430664,0.0,95.7699966430664,0.0,101.12999725341797,95.47000122070312,99.94000244140625,0.0,3017732.0
ELECTHERM.NS,809.5999755859375,0.0,809.5999755859375,0.0,809.5999755859375,809.5999755859375,809.5999755859375,0.0,14763.0
ELGIEQUIP.NS,488.54998779296875,0.0,488.54998779296875,0.0,505.1499938964844,485.8500061035156,502.95001220703125,0.0,228359.0
ELGIRUBCO.NS,69.08999633789062,0.0,69.08999633789062,0.0,69.08999633789062,69.08999633789062,69.08999633789062,0.0,14803.0
ELIN.NS,117.98999786376953,0.0,117.98999786376953,0.0,122.56999969482422,117.5,120.0,0.0,306302.0
EMAMILTD.NS,557.0,0.0,557.0,0.0,581.0,550.2999877929688,576.0499877929688,0.0,381793.0
EMAMIPAP.NS,87.2699966430664,0.0,87.2699966430664,0.0,91.4000015258789,86.4000015258789,91.4000015258789,0.0,41482.0
EMBASSY.NS,364.25,0.0,364.25,0.0,364.8999938964844,358.5,359.5,0.0,725048.0
EMBDL.NS,108.83999633789062,0.0,108.83999633789062,0.0,114.76000213623047,108.19999694824219,113.9800033569336,0.0,6418676.0
EMCURE.NS,1025.550048828125,0.0,1025.550048828125,0.0,1039.9000244140625,1007.0499877929688,1010.0,0.0,89280.0
EMIL.NS,120.30000305175781,0.0,120.30000305175781,0.0,124.5,119.12999725341797,124.44999694824219,0.0,552150.0
EMKAY.NS,221.5800018310547,0.0,221.5800018310547,0.0,221.5800018310547,221.5800018310547,221.5800018310547,0.0,2496.0
EMKAYTOOLS.NS,388.25,0.0,388.25,0.0,397.45001220703125,383.0,397.45001220703125,0.0,3450.0
EMMBI.NS,91.54000091552734,0.0,91.54000091552734,0.0,95.98999786376953,90.81999969482422,94.5,0.0,58672.0
EMMIL.NS,213.3000030517578,0.0,213.3000030517578,0.0,213.3000030517578,213.3000030517578,213.3000030517578,0.0,7000.0
EMSLIMITED.NS,628.2999877929688,0.0,628.2999877929688,0.0,656.8499755859375,624.9500122070312,649.0,0.0,218708.0
EMUDHRA.NS,865.7999877929688,0.0,865.7999877929688,0.0,881.1500244140625,855.0499877929688,871.5999755859375,0.0,74572.0
ENDURANCE.NS,1999.1500244140625,0.0,1999.1500244140625,0.0,2012.800048828125,1979.800048828125,1983.8499755859375,0.0,234499.0
ENERGYDEV.NS,17.860000610351562,0.0,17.860000610351562,0.0,18.959999084472656,17.860000610351562,18.5,0.0,96569.0
ENFUSE.NS,250.0,0.0,250.0,0.0,250.0,250.0,250.0,0.0,600.0
ENGINERSIN.NS,156.35000610351562,0.0,156.35000610351562,0.0,164.3800048828125,155.25,163.6999969482422,0.0,6457135.0
ENIL.NS,127.02999877929688,0.0,127.02999877929688,0.0,129.99000549316406,124.01000213623047,129.36000061035156,0.0,62527.0
ENSER.NS,22.5,0.0,22.5,0.0,22.600000381469727,22.5,22.5,0.0,145000.0
ENTERO.NS,1127.199951171875,0.0,1127.199951171875,0.0,1144.9000244140625,1116.050048828125,1144.9000244140625,0.0,86239.0
EPACK.NS,334.5,0.0,334.5,0.0,350.0,330.0,346.8999938964844,0.0,1131760.0
EPL.NS,206.7100067138672,0.0,206.7100067138672,0.0,211.41000366210938,205.4499969482422,207.99000549316406,0.0,709710.0
EQUITASBNK.NS,54.90999984741211,0.0,54.90999984741211,0.0,57.2599983215332,54.599998474121094,57.0099983215332,0.0,7297568.0
ERIS.NS,1314.6500244140625,0.0,1314.6500244140625,0.0,1363.0,1305.449951171875,1356.0,0.0,40890.0
ESABINDIA.NS,4560.60009765625,0.0,4560.60009765625,0.0,4685.0,4546.0,4673.2998046875,0.0,3022.0
ESAFSFB.NS,25.65999984741211,0.0,25.65999984741211,0.0,26.90999984741211,25.219999313354492,26.610000610351562,0.0,1733774.0
ESCONET.NS,175.64999389648438,0.0,175.64999389648438,0.0,192.4499969482422,175.64999389648438,185.0,0.0,37200.0
ESCORTS.NS,3234.949951171875,0.0,3234.949951171875,0.0,3301.949951171875,3186.35009765625,3223.800048828125,0.0,275481.0
ESFL.NS,444.3500061035156,0.0,444.3500061035156,0.0,465.0,441.79998779296875,465.0,0.0,189720.0
ESSARSHPNG.NS,22.729999542236328,0.0,22.729999542236328,0.0,23.989999771118164,22.700000762939453,23.760000228881836,0.0,180177.0
ESSENTIA.NS,2.2699999809265137,0.0,2.2699999809265137,0.0,2.4100000858306885,2.2300000190734863,2.380000114440918,0.0,5710668.0
ESTER.NS,122.52999877929688,0.0,122.52999877929688,0.0,127.5,121.19999694824219,125.02999877929688,0.0,164139.0
ETHOSLTD.NS,2464.60009765625,0.0,2464.60009765625,0.0,2488.949951171875,2445.14990234375,2470.5,0.0,30347.0
EUREKAFORB.NS,526.25,0.0,526.25,0.0,530.5,515.0,522.2000122070312,0.0,503986.0
EUROBOND.NS,166.0,0.0,166.0,0.0,166.0,161.5,165.0,0.0,5000.0
EUROTEXIND.NS,13.069999694824219,0.0,13.069999694824219,0.0,14.199999809265137,13.010000228881836,13.010000228881836,0.0,1789.0
EVEREADY.NS,302.6499938964844,0.0,302.6499938964844,0.0,308.70001220703125,301.45001220703125,305.79998779296875,0.0,98772.0
EVERESTIND.NS,461.8500061035156,0.0,461.8500061035156,0.0,491.95001220703125,455.1000061035156,482.0,0.0,11791.0
EXCEL.NS,0.7400000095367432,0.0,0.7400000095367432,0.0,0.7699999809265137,0.7300000190734863,0.7599999904632568,0.0,3436119.0
EXCELINDUS.NS,948.2000122070312,0.0,948.2000122070312,0.0,965.0,914.0,937.5499877929688,0.0,31016.0
EXICOM.NS,153.22999572753906,0.0,153.22999572753906,0.0,165.0,152.89999389648438,163.0,0.0,1045742.0
EXIDEIND.NS,359.1000061035156,0.0,359.1000061035156,0.0,374.70001220703125,357.1000061035156,366.0,0.0,10103824.0
EXPLEOSOL.NS,843.5499877929688,0.0,843.5499877929688,0.0,876.6500244140625,831.2999877929688,863.0,0.0,122705.0
EXXARO.NS,5.679999828338623,0.0,5.679999828338623,0.0,6.039999961853027,5.599999904632568,5.869999885559082,0.0,1013576.0
FACT.NS,641.3499755859375,0.0,641.3499755859375,0.0,659.9500122070312,638.0,656.8499755859375,0.0,210344.0
FAIRCHEMOR.NS,898.2999877929688,0.0,898.2999877929688,0.0,951.9000244140625,886.5499877929688,930.0,0.0,22513.0
FALCONTECH.NS,30.799999237060547,0.0,30.799999237060547,0.0,31.5,30.5,30.850000381469727,0.0,24000.0
FAZE3Q.NS,372.25,0.0,372.25,0.0,391.45001220703125,351.20001220703125,365.0,0.0,56817.0
FCL.NS,225.67999267578125,0.0,225.67999267578125,0.0,234.88999938964844,224.10000610351562,233.5,0.0,397403.0
FCSSOFT.NS,2.5399999618530273,0.0,2.5399999618530273,0.0,2.6500000953674316,2.5299999713897705,2.619999885559082,0.0,3408526.0
FDC.NS,387.70001220703125,0.0,387.70001220703125,0.0,410.6000061035156,383.3500061035156,405.5,0.0,253550.0
FEDERALBNK.NS,192.30999755859375,0.0,192.30999755859375,0.0,196.5,191.89999389648438,194.10000610351562,0.0,5584052.0
FEDFINA.NS,87.06999969482422,0.0,87.06999969482422,0.0,89.47000122070312,86.86000061035156,88.5,0.0,642212.0
FEL.NS,0.5299999713897705,0.0,0.5299999713897705,0.0,0.550000011920929,0.5199999809265137,0.550000011920929,0.0,604139.0
FELDVR.NS,3.740000009536743,0.0,3.740000009536743,0.0,3.9000000953674316,3.5299999713897705,3.7300000190734863,0.0,873554.0
FELIX.NS,143.39999389648438,0.0,143.39999389648438,0.0,146.64999389648438,139.14999389648438,146.64999389648438,0.0,197000.0
FIBERWEB.NS,39.84000015258789,0.0,39.84000015258789,0.0,41.56999969482422,39.20000076293945,41.380001068115234,0.0,88414.0
FIDEL.NS,115.19999694824219,0.0,115.19999694824219,0.0,115.69999694824219,115.19999694824219,115.19999694824219,0.0,2000.0
FIEMIND.NS,1447.6500244140625,0.0,1447.6500244140625,0.0,1485.0,1423.550048828125,1439.449951171875,0.0,92180.0
FILATEX.NS,37.029998779296875,0.0,37.029998779296875,0.0,38.529998779296875,36.630001068115234,38.25,0.0,4432686.0
FILATFASH.NS,0.5099999904632568,0.0,0.5099999904632568,0.0,0.550000011920929,0.5099999904632568,0.5400000214576721,0.0,28493820.0
FINCABLES.NS,895.6500244140625,0.0,895.6500244140625,0.0,932.8499755859375,890.0999755859375,929.0,0.0,1526021.0
FINEORG.NS,4012.60009765625,0.0,4012.60009765625,0.0,4149.0,3982.550048828125,4103.0498046875,0.0,29921.0
FINOPB.NS,220.36000061035156,0.0,220.36000061035156,0.0,230.6300048828125,220.0,224.82000732421875,0.0,165814.0
FINPIPE.NS,175.91000366210938,0.0,175.91000366210938,0.0,182.4600067138672,175.0,182.4600067138672,0.0,1535925.0
FIRSTCRY.NS,351.8500061035156,0.0,351.8500061035156,0.0,378.79998779296875,350.0,375.0,0.0,964815.0
FIVESTAR.NS,701.2999877929688,0.0,701.2999877929688,0.0,713.9500122070312,697.25,709.0,0.0,527819.0
FLAIR.NS,226.1300048828125,0.0,226.1300048828125,0.0,240.0,225.0,235.10000610351562,0.0,75222.0
FLEXITUFF.NS,30.229999542236328,0.0,30.229999542236328,0.0,30.229999542236328,30.229999542236328,30.229999542236328,0.0,9189.0
FLFL.NS,1.309999942779541,0.0,1.309999942779541,0.0,1.3899999856948853,1.309999942779541,1.350000023841858,0.0,174465.0
FLUOROCHEM.NS,3976.699951171875,0.0,3976.699951171875,0.0,4026.0,3921.60009765625,3972.0,0.0,69272.0
FMGOETZE.NS,331.0,0.0,331.0,0.0,335.70001220703125,328.3999938964844,333.8999938964844,0.0,66024.0
FMNL.NS,15.670000076293945,0.0,15.670000076293945,0.0,17.31999969482422,15.670000076293945,16.829999923706055,0.0,107438.0
FOCUS.NS,82.06999969482422,0.0,82.06999969482422,0.0,90.01000213623047,81.44000244140625,88.69999694824219,0.0,603190.0
FONEBOX.NS,99.0,0.0,99.0,0.0,102.0,97.0,97.1500015258789,0.0,60000.0
FOODSIN.NS,77.56999969482422,0.0,77.56999969482422,0.0,82.7300033569336,76.72000122070312,82.0,0.0,360219.0
FORCEMOT.NS,8766.7001953125,0.0,8766.7001953125,0.0,8925.0,8682.099609375,8735.0,0.0,45034.0
FORTIS.NS,645.7000122070312,0.0,645.7000122070312,0.0,653.8499755859375,638.7000122070312,650.0,0.0,905883.0
FOSECOIND.NS,3495.550048828125,0.0,3495.550048828125,0.0,3595.0,3472.0,3585.10009765625,0.0,1699.0
FROG.NS,241.75,0.0,241.75,0.0,253.0,240.14999389648438,250.25,0.0,51600.0
FSL.NS,324.70001220703125,0.0,324.70001220703125,0.0,329.6000061035156,322.20001220703125,326.0,0.0,1541949.0
FUSION.NS,136.85000610351562,0.0,136.85000610351562,0.0,146.50999450683594,136.00999450683594,145.49000549316406,0.0,621502.0
GABRIEL.NS,571.9000244140625,0.0,571.9000244140625,0.0,587.4000244140625,570.0,578.0,0.0,272733.0
GAEL.NS,103.11000061035156,0.0,103.11000061035156,0.0,104.94000244140625,102.0999984741211,103.31999969482422,0.0,1479735.0
GAIL.NS,174.07000732421875,0.0,174.07000732421875,0.0,179.5,173.4199981689453,177.0,0.0,15786077.0
GALAPREC.NS,847.7000122070312,0.0,847.7000122070312,0.0,880.0,844.5,872.2000122070312,0.0,42825.0
GALAXYSURF.NS,2106.449951171875,0.0,2106.449951171875,0.0,2165.199951171875,2101.0,2157.5,0.0,11381.0
GALLANTT.NS,371.6000061035156,0.0,371.6000061035156,0.0,388.0,365.04998779296875,365.04998779296875,0.0,146066.0
GANDHAR.NS,150.0500030517578,0.0,150.0500030517578,0.0,153.25,145.6999969482422,148.39999389648438,0.0,630798.0
GANDHITUBE.NS,671.7999877929688,0.0,671.7999877929688,0.0,697.0,664.0,689.0,0.0,6740.0
GANECOS.NS,1534.449951171875,0.0,1534.449951171875,0.0,1550.9000244140625,1516.8499755859375,1542.550048828125,0.0,45856.0
GANESHBE.NS,109.08000183105469,0.0,109.08000183105469,0.0,114.75,108.80999755859375,112.12999725341797,0.0,173245.0
GANESHHOUC.NS,1086.4000244140625,0.0,1086.4000244140625,0.0,1104.949951171875,1047.8499755859375,1055.0,0.0,235601.0
GANGAFORGE.NS,4.699999809265137,0.0,4.699999809265137,0.0,4.900000095367432,4.670000076293945,4.860000133514404,0.0,435843.0
GANGESSECU.NS,140.52999877929688,0.0,140.52999877929688,0.0,146.88999938964844,137.36000061035156,146.88999938964844,0.0,3563.0
GARFIBRES.NS,821.2999877929688,0.0,821.2999877929688,0.0,842.0,798.5999755859375,842.0,0.0,115598.0
GARUDA.NS,104.30999755859375,0.0,104.30999755859375,0.0,108.80000305175781,103.98999786376953,106.5,0.0,286435.0
GATEWAY.NS,60.310001373291016,0.0,60.310001373291016,0.0,61.95000076293945,60.15999984741211,61.95000076293945,0.0,1232534.0
GAYAPROJ.NS,6.329999923706055,0.0,6.329999923706055,0.0,6.889999866485596,6.329999923706055,6.400000095367432,0.0,52241.0
GEECEE.NS,381.3999938964844,0.0,381.3999938964844,0.0,395.8999938964844,380.04998779296875,390.6000061035156,0.0,5804.0
GEEKAYWIRE.NS,77.44999694824219,0.0,77.44999694824219,0.0,81.94999694824219,77.0,78.16999816894531,0.0,127175.0
GENCON.NS,27.459999084472656,0.0,27.459999084472656,0.0,30.489999771118164,27.110000610351562,29.850000381469727,0.0,299738.0
GENESYS.NS,731.0999755859375,0.0,731.0999755859375,0.0,755.0,726.0,754.0,0.0,173030.0
GENSOL.NS,204.39999389648438,0.0,204.39999389648438,0.0,204.39999389648438,204.39999389648438,204.39999389648438,0.0,64863.0
GENUSPAPER.NS,19.940000534057617,0.0,19.940000534057617,0.0,20.3700008392334,17.530000686645508,17.639999389648438,0.0,2879833.0
GENUSPOWER.NS,266.75,0.0,266.75,0.0,278.0,265.70001220703125,277.0,0.0,562903.0
GEOJITFSL.NS,69.9800033569336,0.0,69.9800033569336,0.0,72.98999786376953,69.75,72.0,0.0,810329.0
GEPIL.NS,254.05999755859375,0.0,254.05999755859375,0.0,262.5,251.25,260.5,0.0,441152.0
GESHIP.NS,915.5999755859375,0.0,915.5999755859375,0.0,935.8499755859375,910.0,929.9000244140625,0.0,258363.0
GFLLIMITED.NS,54.16999816894531,0.0,54.16999816894531,0.0,57.61000061035156,53.79999923706055,57.56999969482422,0.0,176232.0
GGBL.NS,328.6499938964844,0.0,328.6499938964844,0.0,346.0,328.6499938964844,345.8500061035156,0.0,78000.0
GHCL.NS,612.7000122070312,0.0,612.7000122070312,0.0,622.3499755859375,609.0,619.2000122070312,0.0,71534.0
GHCLTEXTIL.NS,73.73999786376953,0.0,73.73999786376953,0.0,77.0999984741211,73.0,75.80000305175781,0.0,203521.0
GICHSGFIN.NS,167.8000030517578,0.0,167.8000030517578,0.0,171.88999938964844,166.10000610351562,171.0500030517578,0.0,542547.0
GICL.NS,98.19999694824219,0.0,98.19999694824219,0.0,98.5,94.5,98.5,0.0,168000.0
GICRE.NS,420.1499938964844,0.0,420.1499938964844,0.0,435.0,416.25,427.0,0.0,504615.0
GILLANDERS.NS,94.7300033569336,0.0,94.7300033569336,0.0,97.4000015258789,94.0,96.93000030517578,0.0,6670.0
GILLETTE.NS,7911.75,0.0,7911.75,0.0,8033.0,7857.0,7978.0,0.0,17575.0
GINNIFILA.NS,20.149999618530273,0.0,20.149999618530273,0.0,21.100000381469727,20.059999465942383,21.100000381469727,0.0,100310.0
GIPCL.NS,176.35000610351562,0.0,176.35000610351562,0.0,181.75,175.60000610351562,181.10000610351562,0.0,602205.0
GIRIRAJ.NS,282.0,0.0,282.0,0.0,282.0,282.0,282.0,0.0,1500.0
GIRRESORTS.NS,113.6500015258789,0.0,113.6500015258789,0.0,113.6500015258789,113.6500015258789,113.6500015258789,0.0,0.0
GKWLIMITED.NS,1749.699951171875,0.0,1749.699951171875,0.0,1750.5,1749.5999755859375,1750.0,0.0,484.0
GLAND.NS,1623.0999755859375,0.0,1623.0999755859375,0.0,1648.0,1607.4000244140625,1633.6500244140625,0.0,97648.0
GLAXO.NS,2818.449951171875,0.0,2818.449951171875,0.0,2909.60009765625,2790.0,2834.300048828125,0.0,114767.0
GLENMARK.NS,1461.800048828125,0.0,1461.800048828125,0.0,1489.75,1457.3499755859375,1488.800048828125,0.0,785802.0
GLFL.NS,4.639999866485596,0.0,4.639999866485596,0.0,4.639999866485596,4.639999866485596,4.639999866485596,0.0,725.0
GLOBAL.NS,44.90999984741211,0.0,44.90999984741211,0.0,46.75,44.5,45.56999969482422,0.0,271208.0
GLOBALE.NS,18.8700008392334,0.0,18.8700008392334,0.0,19.399999618530273,18.020000457763672,19.399999618530273,0.0,104084.0
GLOBALPET.NS,114.5999984741211,0.0,114.5999984741211,0.0,115.75,114.0,115.5,0.0,9000.0
GLOBALVECT.NS,245.3300018310547,0.0,245.3300018310547,0.0,257.79998779296875,236.35000610351562,249.89999389648438,0.0,6948.0
GLOBE.NS,2.6600000858306885,0.0,2.6600000858306885,0.0,2.8499999046325684,2.6600000858306885,2.819999933242798,0.0,2306348.0
GLOBUSSPR.NS,1052.1500244140625,0.0,1052.1500244140625,0.0,1072.300048828125,1031.3499755859375,1044.800048828125,0.0,69614.0
GLOSTERLTD.NS,575.2000122070312,0.0,575.2000122070312,0.0,590.9500122070312,568.4500122070312,580.0,0.0,4631.0
GMBREW.NS,608.4000244140625,0.0,608.4000244140625,0.0,637.9500122070312,605.5499877929688,627.9500122070312,0.0,83369.0
GMDCLTD.NS,260.7300109863281,0.0,260.7300109863281,0.0,270.0,258.20001220703125,266.989990234375,0.0,1115216.0
GMMPFAUDLR.NS,1049.75,0.0,1049.75,0.0,1067.199951171875,1026.0,1051.550048828125,0.0,230012.0
GMRAIRPORT.NS,76.23999786376953,0.0,76.23999786376953,0.0,77.25,75.4000015258789,75.69000244140625,0.0,20717243.0
GMRP&UI.NS,107.58999633789062,0.0,107.58999633789062,0.0,110.94999694824219,106.5199966430664,108.98999786376953,0.0,1588782.0
GNA.NS,324.75,0.0,324.75,0.0,326.8999938964844,314.0,315.1000061035156,0.0,93322.0
GNFC.NS,496.04998779296875,0.0,496.04998779296875,0.0,499.04998779296875,490.54998779296875,494.0,0.0,706333.0
GOACARBON.NS,476.20001220703125,0.0,476.20001220703125,0.0,505.0,470.95001220703125,496.70001220703125,0.0,229198.0
GOCLCORP.NS,273.04998779296875,0.0,273.04998779296875,0.0,286.6000061035156,271.0,279.0,0.0,173734.0
GOCOLORS.NS,684.1500244140625,0.0,684.1500244140625,0.0,695.3499755859375,676.7000122070312,676.7000122070312,0.0,41461.0
GODAVARIB.NS,154.05999755859375,0.0,154.05999755859375,0.0,161.99000549316406,153.60000610351562,161.99000549316406,0.0,69606.0
GODFRYPHLP.NS,6157.14990234375,0.0,6157.14990234375,0.0,6318.0,6141.2001953125,6220.0,0.0,33570.0
GODHA.NS,0.7699999809265137,0.0,0.7699999809265137,0.0,0.7799999713897705,0.7699999809265137,0.7799999713897705,0.0,629064.0
GODIGIT.NS,291.3999938964844,0.0,291.3999938964844,0.0,296.75,289.45001220703125,291.29998779296875,0.0,990912.0
GODREJAGRO.NS,766.9500122070312,0.0,766.9500122070312,0.0,786.0,761.4000244140625,780.0,0.0,312331.0
GODREJCP.NS,1130.300048828125,0.0,1130.300048828125,0.0,1138.8499755859375,1103.25,1129.949951171875,0.0,2080627.0
GODREJIND.NS,1146.6500244140625,0.0,1146.6500244140625,0.0,1198.0,1136.75,1180.0,0.0,466599.0
GODREJPROP.NS,2130.699951171875,0.0,2130.699951171875,0.0,2169.85009765625,2116.199951171875,2139.0,0.0,632302.0
GOKEX.NS,818.8499755859375,0.0,818.8499755859375,0.0,840.0,805.0,827.5,0.0,117390.0
GOKUL.NS,45.810001373291016,0.0,45.810001373291016,0.0,48.4900016784668,45.130001068115234,48.0,0.0,478531.0
GOKULAGRO.NS,232.5,0.0,232.5,0.0,241.9499969482422,230.0,241.0,0.0,183342.0
GOLDENTOBC.NS,35.54999923706055,0.0,35.54999923706055,0.0,36.849998474121094,35.400001525878906,35.810001373291016,0.0,93332.0
GOLDIAM.NS,386.54998779296875,0.0,386.54998779296875,0.0,397.6000061035156,380.75,393.8999938964844,0.0,844534.0
GOLDSTAR.NS,9.0,0.0,9.0,0.0,9.0,8.899999618530273,8.899999618530273,0.0,22500.0
GOLDTECH.NS,55.95000076293945,0.0,55.95000076293945,0.0,63.38999938964844,55.95000076293945,60.5,0.0,438998.0
GOODLUCK.NS,720.0,0.0,720.0,0.0,763.2999877929688,715.0,759.0,0.0,151819.0
GOPAL.NS,262.54998779296875,0.0,262.54998779296875,0.0,275.95001220703125,260.1000061035156,275.8999938964844,0.0,153355.0
GOYALALUM.NS,8.369999885559082,0.0,8.369999885559082,0.0,9.09000015258789,8.300000190734863,8.720000267028809,0.0,122852.0
GOYALSALT.NS,172.0,0.0,172.0,0.0,179.0,172.0,179.0,0.0,12600.0
GPECO.NS,273.8500061035156,0.0,273.8500061035156,0.0,273.8500061035156,273.8500061035156,273.8500061035156,0.0,12600.0
GPIL.NS,177.2899932861328,0.0,177.2899932861328,0.0,185.14999389648438,176.36000061035156,183.0,0.0,1065375.0
GPPL.NS,134.47000122070312,0.0,134.47000122070312,0.0,138.8800048828125,134.0,138.0500030517578,0.0,1117220.0
GPTHEALTH.NS,135.55999755859375,0.0,135.55999755859375,0.0,142.55999755859375,135.0,142.4199981689453,0.0,172477.0
GPTINFRA.NS,107.37000274658203,0.0,107.37000274658203,0.0,111.95999908447266,106.0,110.91000366210938,0.0,309703.0
GRANULES.NS,492.45001220703125,0.0,492.45001220703125,0.0,507.8500061035156,490.79998779296875,505.1000061035156,0.0,751816.0
GRAPHISAD.NS,44.5,0.0,44.5,0.0,46.29999923706055,44.0,46.29999923706055,0.0,70800.0
GRAPHITE.NS,503.29998779296875,0.0,503.29998779296875,0.0,514.7999877929688,486.95001220703125,494.0,0.0,7474881.0
GRASIM.NS,2581.60009765625,0.0,2581.60009765625,0.0,2602.89990234375,2560.0,2582.949951171875,0.0,555478.0
GRAVITA.NS,1774.550048828125,0.0,1774.550048828125,0.0,1784.0,1721.75,1779.9000244140625,0.0,361671.0
GRCL.NS,477.70001220703125,0.0,477.70001220703125,0.0,477.70001220703125,477.70001220703125,477.70001220703125,0.0,0.0
GREAVESCOT.NS,213.8000030517578,0.0,213.8000030517578,0.0,223.8000030517578,213.02000427246094,220.8000030517578,0.0,2125466.0
GREENCHEF.NS,60.45000076293945,0.0,60.45000076293945,0.0,64.1500015258789,60.0,64.0,0.0,85600.0
GREENLAM.NS,235.9499969482422,0.0,235.9499969482422,0.0,248.5500030517578,235.0,246.3000030517578,0.0,51930.0
GREENPANEL.NS,235.85000610351562,0.0,235.85000610351562,0.0,239.1999969482422,233.14999389648438,238.0,0.0,187051.0
GREENPLY.NS,286.8999938964844,0.0,286.8999938964844,0.0,298.0,285.54998779296875,295.45001220703125,0.0,120475.0
GREENPOWER.NS,12.109999656677246,0.0,12.109999656677246,0.0,13.0,12.050000190734863,12.699999809265137,0.0,6781217.0
GRETEX.NS,228.0,0.0,228.0,0.0,228.0,228.0,228.0,0.0,3000.0
GRINDWELL.NS,1763.5999755859375,0.0,1763.5999755859375,0.0,1782.550048828125,1723.25,1775.0,0.0,61116.0
GRINFRA.NS,1033.8499755859375,0.0,1033.8499755859375,0.0,1040.050048828125,1012.0,1025.0999755859375,0.0,101421.0
GRMOVER.NS,267.9700012207031,0.0,267.9700012207031,0.0,274.8800048828125,263.0,271.54998779296875,0.0,496105.0
GROBTEA.NS,850.5,0.0,850.5,0.0,875.9500122070312,850.5,875.9500122070312,0.0,228.0
GRPLTD.NS,2650.25,0.0,2650.25,0.0,2731.949951171875,2626.0,2660.050048828125,0.0,1602.0
GRSE.NS,1701.25,0.0,1701.25,0.0,1749.9000244140625,1685.0,1717.0,0.0,1679403.0
GRWRHITECH.NS,3975.300048828125,0.0,3975.300048828125,0.0,4055.0,3821.10009765625,3946.89990234375,0.0,97015.0
GSFC.NS,176.57000732421875,0.0,176.57000732421875,0.0,182.82000732421875,176.00999450683594,182.0,0.0,1334248.0
GSLSU.NS,115.19999694824219,0.0,115.19999694824219,0.0,125.44999694824219,114.0,125.44999694824219,0.0,205026.0
GSMFOILS.NS,117.0,0.0,117.0,0.0,118.0,117.0,118.0,0.0,4000.0
GSPL.NS,287.8999938964844,0.0,287.8999938964844,0.0,292.75,286.75,288.95001220703125,0.0,688730.0
GSS.NS,34.16999816894531,0.0,34.16999816894531,0.0,37.70000076293945,33.04999923706055,37.47999954223633,0.0,378200.0
GSTL.NS,15.75,0.0,15.75,0.0,16.950000762939453,15.75,16.799999237060547,0.0,157000.0
GTL.NS,8.390000343322754,0.0,8.390000343322754,0.0,8.760000228881836,8.350000381469727,8.6899995803833,0.0,575868.0
GTLINFRA.NS,1.440000057220459,0.0,1.440000057220459,0.0,1.5099999904632568,1.440000057220459,1.4900000095367432,0.0,54958883.0
GTPL.NS,108.91000366210938,0.0,108.91000366210938,0.0,113.9000015258789,107.62000274658203,111.9000015258789,0.0,43459.0
GUFICBIO.NS,337.04998779296875,0.0,337.04998779296875,0.0,350.0,333.25,350.0,0.0,54497.0
GUJALKALI.NS,576.75,0.0,576.75,0.0,589.5499877929688,570.0499877929688,585.0,0.0,82957.0
GUJAPOLLO.NS,317.0,0.0,317.0,0.0,327.6000061035156,291.29998779296875,291.29998779296875,0.0,30545.0
GUJGASLTD.NS,404.70001220703125,0.0,404.70001220703125,0.0,410.8999938964844,403.0,410.6499938964844,0.0,312037.0
GUJRAFFIA.NS,39.97999954223633,0.0,39.97999954223633,0.0,41.45000076293945,39.0,41.45000076293945,0.0,2232.0
GULFOILLUB.NS,1172.25,0.0,1172.25,0.0,1220.949951171875,1166.6500244140625,1217.300048828125,0.0,113377.0
GULFPETRO.NS,37.790000915527344,0.0,37.790000915527344,0.0,40.58000183105469,37.5,39.7599983215332,0.0,429466.0
GULPOLY.NS,181.3800048828125,0.0,181.3800048828125,0.0,193.58999633789062,178.10000610351562,184.0,0.0,283957.0
GVKPIL.NS,3.240000009536743,0.0,3.240000009536743,0.0,3.309999942779541,3.240000009536743,3.240000009536743,0.0,643065.0
GVT&D.NS,1540.050048828125,0.0,1540.050048828125,0.0,1612.1500244140625,1517.550048828125,1600.0,0.0,236555.0
HAL.NS,4128.2998046875,0.0,4128.2998046875,0.0,4185.0,3971.050048828125,4035.0,0.0,4881470.0
HAPPSTMNDS.NS,623.2999877929688,0.0,623.2999877929688,0.0,641.9500122070312,620.0,641.9500122070312,0.0,657821.0
HAPPYFORGE.NS,806.5999755859375,0.0,806.5999755859375,0.0,827.0,801.0,815.4000244140625,0.0,21279.0
HARDWYN.NS,11.350000381469727,0.0,11.350000381469727,0.0,12.0,11.220000267028809,11.710000038146973,0.0,259839.0
HARIOMPIPE.NS,340.29998779296875,0.0,340.29998779296875,0.0,358.1499938964844,338.0,353.3999938964844,0.0,194438.0
HARRMALAYA.NS,208.9600067138672,0.0,208.9600067138672,0.0,214.00999450683594,204.6199951171875,207.25999450683594,0.0,41320.0
HARSHA.NS,389.70001220703125,0.0,389.70001220703125,0.0,407.45001220703125,386.5,399.0,0.0,139898.0
HATHWAY.NS,13.020000457763672,0.0,13.020000457763672,0.0,13.569999694824219,13.0,13.329999923706055,0.0,5198955.0
HATSUN.NS,969.2000122070312,0.0,969.2000122070312,0.0,999.8499755859375,962.5,989.9000244140625,0.0,33433.0
HAVELLS.NS,1493.0,0.0,1493.0,0.0,1504.550048828125,1470.5,1472.5,0.0,1027225.0
HAVISHA.NS,1.9900000095367432,0.0,1.9900000095367432,0.0,2.1700000762939453,1.9600000381469727,2.1700000762939453,0.0,92250.0
HBLENGINE.NS,459.8500061035156,0.0,459.8500061035156,0.0,479.95001220703125,456.1000061035156,473.1499938964844,0.0,1764774.0
HBSL.NS,74.70999908447266,0.0,74.70999908447266,0.0,77.37999725341797,74.66999816894531,76.19000244140625,0.0,7548.0
HCC.NS,25.6299991607666,0.0,25.6299991607666,0.0,26.850000381469727,25.510000228881836,26.399999618530273,0.0,32213015.0
HCG.NS,517.0499877929688,0.0,517.0499877929688,0.0,537.7999877929688,515.0499877929688,528.5499877929688,0.0,161434.0
HCL-INSYS.NS,12.680000305175781,0.0,12.680000305175781,0.0,13.199999809265137,12.600000381469727,13.199999809265137,0.0,716578.0
HCLTECH.NS,1633.4000244140625,0.0,1633.4000244140625,0.0,1644.949951171875,1622.0,1624.9000244140625,0.0,3096311.0
HDFCAMC.NS,4071.35009765625,0.0,4071.35009765625,0.0,4188.39990234375,4060.0,4115.0,0.0,556285.0
HDFCBANK.NS,1806.550048828125,0.0,1806.550048828125,0.0,1827.5,1802.0,1825.0,0.0,12238832.0
HDFCLIFE.NS,668.4000244140625,0.0,668.4000244140625,0.0,680.4000244140625,664.8499755859375,673.0999755859375,0.0,2229778.0
HDIL.NS,2.809999942779541,0.0,2.809999942779541,0.0,2.9800000190734863,2.809999942779541,2.9100000858306885,0.0,599498.0
HECPROJECT.NS,90.26000213623047,0.0,90.26000213623047,0.0,94.16999816894531,89.55000305175781,94.16999816894531,0.0,6786.0
HEG.NS,499.25,0.0,499.25,0.0,516.0,473.3500061035156,480.0,0.0,24007386.0
HEIDELBERG.NS,196.67999267578125,0.0,196.67999267578125,0.0,200.49000549316406,195.5,199.49000549316406,0.0,366410.0
HEMIPROP.NS,124.63999938964844,0.0,124.63999938964844,0.0,128.6999969482422,123.51000213623047,127.4000015258789,0.0,1032859.0
HERANBA.NS,216.17999267578125,0.0,216.17999267578125,0.0,226.89999389648438,213.1999969482422,220.0,0.0,93958.0
HERCULES.NS,145.6699981689453,0.0,145.6699981689453,0.0,155.0,144.25999450683594,155.0,0.0,32333.0
HERITGFOOD.NS,392.25,0.0,392.25,0.0,402.70001220703125,390.1000061035156,395.79998779296875,0.0,460213.0
HEROMOTOCO.NS,3645.949951171875,0.0,3645.949951171875,0.0,3669.300048828125,3605.39990234375,3650.0,0.0,753702.0
HESTERBIO.NS,1351.25,0.0,1351.25,0.0,1388.0,1348.0,1388.0,0.0,17845.0
HEXATRADEX.NS,186.3800048828125,0.0,186.3800048828125,0.0,192.89999389648438,184.41000366210938,185.3800048828125,0.0,23398.0
HFCL.NS,79.7699966430664,0.0,79.7699966430664,0.0,82.44999694824219,79.5,81.6500015258789,0.0,13867267.0
HGINFRA.NS,1048.699951171875,0.0,1048.699951171875,0.0,1091.5,1041.8499755859375,1090.0,0.0,129692.0
HGS.NS,462.6499938964844,0.0,462.6499938964844,0.0,488.45001220703125,460.29998779296875,476.0,0.0,128084.0
HIGREEN.NS,214.0,0.0,214.0,0.0,220.85000610351562,213.10000610351562,220.85000610351562,0.0,20800.0
HIKAL.NS,399.79998779296875,0.0,399.79998779296875,0.0,412.04998779296875,397.25,408.95001220703125,0.0,152108.0
HIL.NS,1835.25,0.0,1835.25,0.0,1870.0,1820.0,1834.0,0.0,32534.0
HILTON.NS,72.41999816894531,0.0,72.41999816894531,0.0,75.19999694824219,71.5999984741211,73.1500015258789,0.0,125341.0
HIMATSEIDE.NS,144.57000732421875,0.0,144.57000732421875,0.0,148.3300018310547,142.9600067138672,147.14999389648438,0.0,652693.0
HINDALCO.NS,691.2999877929688,0.0,691.2999877929688,0.0,702.4000244140625,690.5,695.0,0.0,3646158.0
HINDCOMPOS.NS,435.29998779296875,0.0,435.29998779296875,0.0,455.0,431.1000061035156,447.0,0.0,7412.0
HINDCON.NS,32.13999938964844,0.0,32.13999938964844,0.0,32.4900016784668,31.899999618530273,32.400001525878906,0.0,104403.0
HINDCOPPER.NS,225.50999450683594,0.0,225.50999450683594,0.0,237.3000030517578,224.35000610351562,230.89999389648438,0.0,12105828.0
HINDMOTORS.NS,21.219999313354492,0.0,21.219999313354492,0.0,23.190000534057617,21.0,22.950000762939453,0.0,3452988.0
HINDNATGLS.NS,18.299999237060547,0.0,18.299999237060547,0.0,18.299999237060547,18.299999237060547,18.299999237060547,0.0,0.0
HINDOILEXP.NS,170.30999755859375,0.0,170.30999755859375,0.0,179.50999450683594,169.4199981689453,175.13999938964844,0.0,1145401.0
HINDPETRO.NS,351.8999938964844,0.0,351.8999938964844,0.0,364.5,351.04998779296875,360.1499938964844,0.0,4093099.0
HINDUNILVR.NS,2245.949951171875,0.0,2245.949951171875,0.0,2279.89990234375,2237.800048828125,2272.0,0.0,1416792.0
HINDZINC.NS,442.20001220703125,0.0,442.20001220703125,0.0,453.79998779296875,441.1499938964844,446.25,0.0,1443879.0
HIRECT.NS,945.0999755859375,0.0,945.0999755859375,0.0,985.0,935.2000122070312,971.1500244140625,0.0,30802.0
HISARMETAL.NS,199.11000061035156,0.0,199.11000061035156,0.0,211.60000610351562,199.0,199.63999938964844,0.0,5256.0
HITECH.NS,104.31999969482422,0.0,104.31999969482422,0.0,110.6500015258789,102.9000015258789,108.69999694824219,0.0,1464106.0
HITECHCORP.NS,190.42999267578125,0.0,190.42999267578125,0.0,194.44000244140625,182.1199951171875,188.0,0.0,28788.0
HITECHGEAR.NS,575.0,0.0,575.0,0.0,585.0,545.0499877929688,555.0,0.0,26907.0
HLEGLAS.NS,237.4199981689453,0.0,237.4199981689453,0.0,248.0500030517578,235.0,245.0,0.0,88276.0
HLVLTD.NS,12.25,0.0,12.25,0.0,12.789999961853027,12.1899995803833,12.619999885559082,0.0,1699707.0
HMAAGRO.NS,30.1299991607666,0.0,30.1299991607666,0.0,31.59000015258789,30.010000228881836,31.399999618530273,0.0,478331.0
HMT.NS,49.880001068115234,0.0,49.880001068115234,0.0,51.25,48.5,50.97999954223633,0.0,41885.0
HMVL.NS,78.66999816894531,0.0,78.66999816894531,0.0,85.01000213623047,78.3499984741211,82.0,0.0,56150.0
HNDFDS.NS,551.5999755859375,0.0,551.5999755859375,0.0,554.9000244140625,541.0,554.75,0.0,43906.0
HOACFOODS.NS,126.5999984741211,0.0,126.5999984741211,0.0,126.5999984741211,126.5999984741211,126.5999984741211,0.0,9750.0
HOLMARC.NS,151.5,0.0,151.5,0.0,160.9499969482422,151.0,151.0,0.0,18000.0
HOMEFIRST.NS,1016.7000122070312,0.0,1016.7000122070312,0.0,1030.0,1000.0999755859375,1027.800048828125,0.0,355115.0
HOMESFY.NS,429.79998779296875,0.0,429.79998779296875,0.0,429.79998779296875,409.0,409.0,0.0,6900.0
HONASA.NS,235.3000030517578,0.0,235.3000030517578,0.0,239.16000366210938,232.0,238.0,0.0,670407.0
HONAUT.NS,33732.69921875,0.0,33732.69921875,0.0,34099.0,32943.19921875,33200.0,0.0,12957.0
HONDAPOWER.NS,2017.4000244140625,0.0,2017.4000244140625,0.0,2075.0,2005.0,2030.0,0.0,7665.0
HOVS.NS,43.75,0.0,43.75,0.0,46.119998931884766,43.54999923706055,44.880001068115234,0.0,40626.0
HPAL.NS,49.869998931884766,0.0,49.869998931884766,0.0,52.2400016784668,49.61000061035156,51.0,0.0,225365.0
HPIL.NS,127.1500015258789,0.0,127.1500015258789,0.0,132.0399932861328,125.02999877929688,132.0399932861328,0.0,6758.0
HPL.NS,424.0,0.0,424.0,0.0,444.1000061035156,420.5,432.0,0.0,320387.0
HRHNEXT.NS,57.599998474121094,0.0,57.599998474121094,0.0,62.0,57.599998474121094,62.0,0.0,13500.0
HSCL.NS,423.54998779296875,0.0,423.54998779296875,0.0,435.70001220703125,421.6499938964844,432.95001220703125,0.0,597023.0
HTMEDIA.NS,17.110000610351562,0.0,17.110000610351562,0.0,18.469999313354492,16.8799991607666,18.049999237060547,0.0,684133.0
HUBTOWN.NS,185.4600067138672,0.0,185.4600067138672,0.0,198.49000549316406,183.25999450683594,192.6999969482422,0.0,504336.0
HUDCO.NS,196.72000122070312,0.0,196.72000122070312,0.0,205.5,196.00999450683594,203.69000244140625,0.0,7166386.0
HUHTAMAKI.NS,179.82000732421875,0.0,179.82000732421875,0.0,187.9499969482422,179.05999755859375,187.10000610351562,0.0,113324.0
HYBRIDFIN.NS,11.930000305175781,0.0,11.930000305175781,0.0,12.579999923706055,11.770000457763672,11.770000457763672,0.0,8393.0
HYUNDAI.NS,1708.699951171875,0.0,1708.699951171875,0.0,1761.0,1686.699951171875,1748.0,0.0,1019265.0
IBLFL.NS,51.099998474121094,0.0,51.099998474121094,0.0,53.79999923706055,51.04999923706055,52.0,0.0,38000.0
ICDSLTD.NS,45.900001525878906,0.0,45.900001525878906,0.0,47.38999938964844,43.66999816894531,45.16999816894531,0.0,2922.0
ICEMAKE.NS,862.75,0.0,862.75,0.0,890.0,835.1500244140625,876.0499877929688,0.0,48787.0
ICICIBANK.NS,1335.9000244140625,0.0,1335.9000244140625,0.0,1358.0,1331.5,1344.050048828125,0.0,10859384.0
ICICIGI.NS,1772.449951171875,0.0,1772.449951171875,0.0,1805.8499755859375,1759.6500244140625,1780.949951171875,0.0,381005.0
ICICIPRULI.NS,588.75,0.0,588.75,0.0,599.5,583.2000122070312,592.25,0.0,889494.0
ICIL.NS,260.1499938964844,0.0,260.1499938964844,0.0,270.45001220703125,256.3500061035156,268.95001220703125,0.0,388687.0
ICRA.NS,5636.10009765625,0.0,5636.10009765625,0.0,5662.7998046875,5539.5498046875,5655.0,0.0,26177.0
IDBI.NS,77.48999786376953,0.0,77.48999786376953,0.0,79.7699966430664,77.0199966430664,78.69999694824219,0.0,5146931.0
IDEA.NS,7.039999961853027,0.0,7.039999961853027,0.0,7.210000038146973,6.980000019073486,7.159999847412109,0.0,579345079.0
IDEAFORGE.NS,362.5,0.0,362.5,0.0,380.6000061035156,361.0,371.5,0.0,376225.0
IDFCFIRSTB.NS,57.0,0.0,57.0,0.0,57.79999923706055,56.900001525878906,57.34000015258789,0.0,24624640.0
IEL.NS,15.6899995803833,0.0,15.6899995803833,0.0,16.020000457763672,15.6899995803833,15.6899995803833,0.0,120044.0
IEML.NS,127.44999694824219,0.0,127.44999694824219,0.0,128.64999389648438,125.6500015258789,128.64999389648438,0.0,63500.0
IEX.NS,177.16000366210938,0.0,177.16000366210938,0.0,179.0,173.88999938964844,175.0,0.0,5397104.0
IFBAGRO.NS,468.54998779296875,0.0,468.54998779296875,0.0,494.8999938964844,462.0,494.8999938964844,0.0,5992.0
IFBIND.NS,1258.050048828125,0.0,1258.050048828125,0.0,1305.0,1248.449951171875,1303.800048828125,0.0,56940.0
IFCI.NS,42.939998626708984,0.0,42.939998626708984,0.0,44.59000015258789,42.75,44.15999984741211,0.0,6759061.0
IFGLEXPOR.NS,356.1000061035156,0.0,356.1000061035156,0.0,372.20001220703125,352.0,368.79998779296875,0.0,27666.0
IGARASHI.NS,494.95001220703125,0.0,494.95001220703125,0.0,514.75,491.1000061035156,510.8999938964844,0.0,57381.0
IGIL.NS,365.75,0.0,365.75,0.0,386.8500061035156,361.0,384.0,0.0,2143017.0
IGL.NS,195.05999755859375,0.0,195.05999755859375,0.0,201.1199951171875,194.49000549316406,199.6999969482422,0.0,2125894.0
IGPL.NS,419.0,0.0,419.0,0.0,439.1499938964844,417.0,432.75,0.0,59220.0
IIFL.NS,328.3999938964844,0.0,328.3999938964844,0.0,335.0,325.6000061035156,328.25,0.0,2228015.0
IIFLCAPS.NS,221.89999389648438,0.0,221.89999389648438,0.0,238.8000030517578,221.0,238.8000030517578,0.0,515415.0
IITL.NS,241.0500030517578,0.0,241.0500030517578,0.0,252.0500030517578,241.0500030517578,250.0,0.0,13901.0
IKIO.NS,248.47999572753906,0.0,248.47999572753906,0.0,269.25,246.1999969482422,269.25,0.0,179049.0
IKS.NS,1480.75,0.0,1480.75,0.0,1522.3499755859375,1472.800048828125,1474.800048828125,0.0,165072.0
IL&FSENGG.NS,40.790000915527344,0.0,40.790000915527344,0.0,40.790000915527344,37.5099983215332,40.5,0.0,185754.0
IL&FSTRANS.NS,3.0299999713897705,0.0,3.0299999713897705,0.0,3.2100000381469727,3.0299999713897705,3.049999952316284,0.0,63980.0
IMAGICAA.NS,64.69999694824219,0.0,64.69999694824219,0.0,67.19999694824219,64.25,64.58999633789062,0.0,1727662.0
IMFA.NS,622.7999877929688,0.0,622.7999877929688,0.0,637.25,619.0999755859375,629.4500122070312,0.0,84619.0
IMPAL.NS,967.1500244140625,0.0,967.1500244140625,0.0,995.0,960.0,994.9500122070312,0.0,3573.0
IMPEXFERRO.NS,2.069999933242798,0.0,2.069999933242798,0.0,2.130000114440918,2.0199999809265137,2.130000114440918,0.0,42083.0
INCREDIBLE.NS,35.16999816894531,0.0,35.16999816894531,0.0,36.619998931884766,34.41999816894531,34.41999816894531,0.0,8273.0
INDBANK.NS,29.440000534057617,0.0,29.440000534057617,0.0,30.899999618530273,29.190000534057617,30.899999618530273,0.0,100307.0
INDGN.NS,540.1500244140625,0.0,540.1500244140625,0.0,564.1500244140625,537.25,562.9000244140625,0.0,381578.0
INDHOTEL.NS,808.2000122070312,0.0,808.2000122070312,0.0,838.0,803.4000244140625,832.0,0.0,2772342.0
INDIACEM.NS,267.8500061035156,0.0,267.8500061035156,0.0,277.0,267.1000061035156,275.5,0.0,518698.0
INDIAGLYCO.NS,1063.9000244140625,0.0,1063.9000244140625,0.0,1077.050048828125,1051.199951171875,1074.0,0.0,198734.0
INDIAMART.NS,2069.35009765625,0.0,2069.35009765625,0.0,2110.0,2058.0,2100.0,0.0,48958.0
INDIANB.NS,542.75,0.0,542.75,0.0,555.0,538.5499877929688,543.0499877929688,0.0,1527169.0
INDIANCARD.NS,250.1699981689453,0.0,250.1699981689453,0.0,273.95001220703125,250.0,270.0,0.0,8354.0
INDIANHUME.NS,361.54998779296875,0.0,361.54998779296875,0.0,375.0,360.0,373.8999938964844,0.0,72726.0
INDIASHLTR.NS,822.75,0.0,822.75,0.0,840.0,792.0999755859375,805.7999877929688,0.0,214461.0
INDIFRA.NS,14.5,0.0,14.5,0.0,14.949999809265137,14.5,14.949999809265137,0.0,10000.0
INDIGO.NS,5025.14990234375,0.0,5025.14990234375,0.0,5075.0,4975.0,5020.0,0.0,735992.0
INDIGOPNTS.NS,967.4000244140625,0.0,967.4000244140625,0.0,993.2000122070312,963.0,993.2000122070312,0.0,95580.0
INDIGRID.NS,141.47999572753906,0.0,141.47999572753906,0.0,141.9499969482422,141.2100067138672,141.49000549316406,0.0,292134.0
INDNIPPON.NS,616.0499877929688,0.0,616.0499877929688,0.0,644.0,614.0,635.0499877929688,0.0,15068.0
INDOAMIN.NS,115.29000091552734,0.0,115.29000091552734,0.0,121.06999969482422,114.69999694824219,121.06999969482422,0.0,243762.0
INDOBORAX.NS,173.1999969482422,0.0,173.1999969482422,0.0,178.50999450683594,172.10000610351562,174.1999969482422,0.0,61428.0
INDOCO.NS,236.91000366210938,0.0,236.91000366210938,0.0,245.88999938964844,234.10000610351562,244.6999969482422,0.0,64705.0
INDOFARM.NS,157.39999389648438,0.0,157.39999389648438,0.0,159.8000030517578,154.50999450683594,157.89999389648438,0.0,339196.0
INDORAMA.NS,34.099998474121094,0.0,34.099998474121094,0.0,35.650001525878906,33.599998474121094,34.650001525878906,0.0,242748.0
INDOSTAR.NS,304.510009765625,0.0,304.510009765625,0.0,308.79998779296875,297.489990234375,305.42999267578125,0.0,225234.0
INDOTECH.NS,2212.0,0.0,2212.0,0.0,2344.800048828125,2202.25,2322.0,0.0,38911.0
INDOTHAI.NS,1930.4000244140625,0.0,1930.4000244140625,0.0,1997.0,1902.1500244140625,1958.8499755859375,0.0,4776.0
INDOUS.NS,162.2899932861328,0.0,162.2899932861328,0.0,171.0,162.2899932861328,171.0,0.0,5325.0
INDOWIND.NS,16.450000762939453,0.0,16.450000762939453,0.0,17.989999771118164,16.399999618530273,17.799999237060547,0.0,445907.0
INDRAMEDCO.NS,380.3999938964844,0.0,380.3999938964844,0.0,394.8999938964844,378.79998779296875,382.3500061035156,0.0,313152.0
INDSWFTLAB.NS,85.61000061035156,0.0,85.61000061035156,0.0,91.19999694824219,85.0,89.4000015258789,0.0,174042.0
INDSWFTLTD.NS,13.34000015258789,0.0,13.34000015258789,0.0,14.359999656677246,13.300000190734863,14.359999656677246,0.0,53840.0
INDTERRAIN.NS,32.220001220703125,0.0,32.220001220703125,0.0,33.790000915527344,32.0099983215332,33.790000915527344,0.0,135306.0
INDUSINDBK.NS,655.2999877929688,0.0,655.2999877929688,0.0,662.5,637.4000244140625,637.4000244140625,0.0,23503431.0
INDUSTOWER.NS,339.25,0.0,339.25,0.0,344.0,334.8999938964844,339.70001220703125,0.0,3675797.0
INFIBEAM.NS,17.040000915527344,0.0,17.040000915527344,0.0,17.65999984741211,16.959999084472656,17.440000534057617,0.0,14898436.0
INFINIUM.NS,233.5,0.0,233.5,0.0,242.5,229.0,238.0,0.0,8500.0
INFOBEAN.NS,303.45001220703125,0.0,303.45001220703125,0.0,316.0,302.45001220703125,310.5,0.0,30238.0
INFOLLION.NS,463.0,0.0,463.0,0.0,469.8999938964844,460.1499938964844,460.1499938964844,0.0,5600.0
INFOMEDIA.NS,6.150000095367432,0.0,6.150000095367432,0.0,6.480000019073486,6.059999942779541,6.449999809265137,0.0,16413.0
INFY.NS,1599.449951171875,0.0,1599.449951171875,0.0,1637.75,1595.0,1626.0,0.0,6650442.0
INGERRAND.NS,3529.800048828125,0.0,3529.800048828125,0.0,3622.5,3525.0,3622.39990234375,0.0,18037.0
INM.NS,440.0,0.0,440.0,0.0,457.79998779296875,405.0,420.0,0.0,88800.0
INNOVACAP.NS,886.0499877929688,0.0,886.0499877929688,0.0,922.0,875.9500122070312,897.2999877929688,0.0,95695.0
INNOVANA.NS,296.1000061035156,0.0,296.1000061035156,0.0,322.3500061035156,291.6000061035156,313.79998779296875,0.0,25190.0
INOXGREEN.NS,118.80999755859375,0.0,118.80999755859375,0.0,126.80000305175781,118.0,125.86000061035156,0.0,1868279.0
INOXINDIA.NS,1024.4000244140625,0.0,1024.4000244140625,0.0,1035.25,1007.9000244140625,1025.0,0.0,174208.0
INOXWIND.NS,159.5399932861328,0.0,159.5399932861328,0.0,169.0,158.5,169.0,0.0,7191995.0
INSECTICID.NS,606.7999877929688,0.0,606.7999877929688,0.0,623.4500122070312,605.0499877929688,610.5499877929688,0.0,26390.0
INSPIRE.NS,21.549999237060547,0.0,21.549999237060547,0.0,23.5,21.100000381469727,23.5,0.0,50000.0
INSPIRISYS.NS,75.5999984741211,0.0,75.5999984741211,0.0,78.0,74.9000015258789,77.9000015258789,0.0,40067.0
INTELLECT.NS,721.9000244140625,0.0,721.9000244140625,0.0,739.0,715.2000122070312,724.4500122070312,0.0,362743.0
INTENTECH.NS,97.16999816894531,0.0,97.16999816894531,0.0,99.88999938964844,95.70999908447266,98.0,0.0,30629.0
INTERARCH.NS,1472.9000244140625,0.0,1472.9000244140625,0.0,1523.0,1466.3499755859375,1523.0,0.0,47093.0
INTLCONV.NS,68.37000274658203,0.0,68.37000274658203,0.0,71.0,68.0,71.0,0.0,134959.0
INVENTURE.NS,1.4199999570846558,0.0,1.4199999570846558,0.0,1.4700000286102295,1.4199999570846558,1.4700000286102295,0.0,2432950.0
IOB.NS,42.5099983215332,0.0,42.5099983215332,0.0,45.150001525878906,42.25,42.5,0.0,14283315.0
IOC.NS,129.08999633789062,0.0,129.08999633789062,0.0,133.3000030517578,128.89999389648438,130.89999389648438,0.0,16362138.0
IOLCP.NS,61.650001525878906,0.0,61.650001525878906,0.0,64.5,61.0,63.849998474121094,0.0,1319296.0
IONEXCHANG.NS,462.1000061035156,0.0,462.1000061035156,0.0,484.0,460.0,481.20001220703125,0.0,500671.0
IPCALAB.NS,1433.25,0.0,1433.25,0.0,1464.699951171875,1415.0,1460.0,0.0,153063.0
IPL.NS,139.2899932861328,0.0,139.2899932861328,0.0,144.5,137.99000549316406,144.5,0.0,354292.0
IPSL.NS,334.95001220703125,0.0,334.95001220703125,0.0,334.95001220703125,334.95001220703125,334.95001220703125,0.0,0.0
IRB.NS,45.220001220703125,0.0,45.220001220703125,0.0,46.79999923706055,45.099998474121094,46.099998474121094,0.0,14865244.0
IRBINVIT.NS,52.61000061035156,0.0,52.61000061035156,0.0,53.459999084472656,52.31999969482422,53.13999938964844,0.0,666781.0
IRCON.NS,158.2100067138672,0.0,158.2100067138672,0.0,165.4199981689453,156.89999389648438,163.66000366210938,0.0,5970385.0
IRCTC.NS,704.4500122070312,0.0,704.4500122070312,0.0,721.9500122070312,701.0,719.0,0.0,1281713.0
IREDA.NS,162.9199981689453,0.0,162.9199981689453,0.0,171.0,162.25,170.0,0.0,27961627.0
IRFC.NS,128.38999938964844,0.0,128.38999938964844,0.0,131.33999633789062,127.05000305175781,129.9499969482422,0.0,23470027.0
IRIS.NS,392.0,0.0,392.0,0.0,392.0,392.0,392.0,0.0,8035.0
IRISDOREME.NS,42.959999084472656,0.0,42.959999084472656,0.0,44.75,42.560001373291016,44.75,0.0,173719.0
IRMENERGY.NS,265.6000061035156,0.0,265.6000061035156,0.0,282.20001220703125,264.0,280.0,0.0,177992.0
ISEC.NS,896.2000122070312,0.0,896.2000122070312,0.0,896.2000122070312,896.2000122070312,896.2000122070312,0.0,0.0
ISFT.NS,100.23999786376953,0.0,100.23999786376953,0.0,105.94999694824219,99.45999908447266,105.94999694824219,0.0,31943.0
ISGEC.NS,1046.0999755859375,0.0,1046.0999755859375,0.0,1075.949951171875,1042.0,1070.0,0.0,46717.0
ISHAN.NS,1.0499999523162842,0.0,1.0499999523162842,0.0,1.0499999523162842,1.0,1.0,0.0,1584000.0
ITALIANE.NS,34.75,0.0,34.75,0.0,37.400001525878906,32.54999923706055,37.0,0.0,34000.0
ITC.NS,407.3500061035156,0.0,407.3500061035156,0.0,411.20001220703125,406.25,410.29998779296875,0.0,13888847.0
ITDC.NS,600.7999877929688,0.0,600.7999877929688,0.0,631.7999877929688,589.0999755859375,593.0,0.0,275250.0
ITDCEM.NS,555.25,0.0,555.25,0.0,563.9500122070312,554.25,563.0,0.0,740909.0
ITI.NS,252.0,0.0,252.0,0.0,262.3999938964844,250.5,261.1300048828125,0.0,155020.0
IVC.NS,9.199999809265137,0.0,9.199999809265137,0.0,9.5,9.109999656677246,9.229999542236328,0.0,728440.0
IVP.NS,147.4600067138672,0.0,147.4600067138672,0.0,156.5,146.35000610351562,156.5,0.0,40852.0
IWEL.NS,9038.2001953125,0.0,9038.2001953125,0.0,9577.2001953125,8990.0,9509.150390625,0.0,19946.0
IXIGO.NS,140.1300048828125,0.0,140.1300048828125,0.0,142.8800048828125,139.50999450683594,142.07000732421875,0.0,615798.0
IZMO.NS,278.25,0.0,278.25,0.0,278.25,278.25,278.25,0.0,10356.0
KEEPLEARN.NS,2.8499999046325684,0.0,2.8499999046325684,0.0,3.119999885559082,2.8499999046325684,3.049999952316284,0.0,23506.0
LTFOODS.NS,364.75,0.0,364.75,0.0,381.0,364.0,373.0,0.0,350616.0
SAMMAANCAP.NS,110.22000122070312,0.0,110.22000122070312,0.0,113.69000244140625,110.0,112.95999908447266,0.0,9755031.0
SHAH.NS,3.0,0.0,3.0,0.0,3.1700000762939453,2.950000047683716,3.1700000762939453,0.0,1782223.0
STYRENIX.NS,2645.800048828125,0.0,2645.800048828125,0.0,2746.39990234375,2622.60009765625,2726.25,0.0,26677.0
TPHQ.NS,1.2100000381469727,0.0,1.2100000381469727,0.0,1.2699999809265137,1.2000000476837158,1.2400000095367432,0.0,1587529.0
TRU.NS,7.789999961853027,0.0,7.789999961853027,0.0,8.149999618530273,7.789999961853027,8.149999618530273,0.0,416179.0
AURUM.NS,165.88999938964844,0.0,165.88999938964844,0.0,169.10000610351562,165.10000610351562,167.8000030517578,0.0,39560.0
CIEINDIA.NS,404.95001220703125,0.0,404.95001220703125,0.0,408.29998779296875,400.3999938964844,403.3999938964844,0.0,108521.0
EPIGRAL.NS,1892.5999755859375,0.0,1892.5999755859375,0.0,1917.449951171875,1865.0,1889.949951171875,0.0,22500.0
EQUIPPP.NS,20.65999984741211,0.0,20.65999984741211,0.0,21.65999984741211,20.65999984741211,20.950000762939453,0.0,20627.0
GTECJAINX.NS,33.09000015258789,0.0,33.09000015258789,0.0,33.790000915527344,30.829999923706055,32.459999084472656,0.0,1265.0
J&KBANK.NS,92.80999755859375,0.0,92.80999755859375,0.0,96.43000030517578,92.38999938964844,95.98999786376953,0.0,2397481.0
JAGRAN.NS,69.36000061035156,0.0,69.36000061035156,0.0,71.0,68.66999816894531,71.0,0.0,787993.0
JAGSNPHARM.NS,211.0500030517578,0.0,211.0500030517578,0.0,218.17999267578125,209.60000610351562,212.99000549316406,0.0,68802.0
JAIBALAJI.NS,138.32000732421875,0.0,138.32000732421875,0.0,144.0,135.1999969482422,144.0,0.0,726709.0
JAICORPLTD.NS,90.05000305175781,0.0,90.05000305175781,0.0,95.94999694824219,89.55999755859375,95.5,0.0,950927.0
JAINAM.NS,242.39999389648438,0.0,242.39999389648438,0.0,242.39999389648438,242.39999389648438,242.39999389648438,0.0,0.0
JAIPURKURT.NS,51.54999923706055,0.0,51.54999923706055,0.0,54.59000015258789,47.75,49.95000076293945,0.0,206895.0
JAKHARIA.NS,74.5,0.0,74.5,0.0,74.5,74.5,74.5,0.0,0.0
JALAN.NS,12.399999618530273,0.0,12.399999618530273,0.0,12.600000381469727,11.5,11.5,0.0,144000.0
JAMNAAUTO.NS,76.12000274658203,0.0,76.12000274658203,0.0,78.94999694824219,75.80999755859375,77.63999938964844,0.0,1880115.0
JASH.NS,551.0,0.0,551.0,0.0,566.1500244140625,547.0,562.9000244140625,0.0,91178.0
JAYAGROGN.NS,233.7899932861328,0.0,233.7899932861328,0.0,240.19000244140625,228.10000610351562,235.3000030517578,0.0,18164.0
JAYBARMARU.NS,60.66999816894531,0.0,60.66999816894531,0.0,64.80000305175781,60.5,63.52000045776367,0.0,245461.0
JAYNECOIND.NS,31.0,0.0,31.0,0.0,32.79999923706055,30.510000228881836,32.400001525878906,0.0,220297.0
JAYSREETEA.NS,91.5199966430664,0.0,91.5199966430664,0.0,94.38999938964844,91.36000061035156,93.80000305175781,0.0,104005.0
JBCHEPHARM.NS,1708.75,0.0,1708.75,0.0,1739.5,1689.6500244140625,1733.699951171875,0.0,75510.0
JBMA.NS,617.75,0.0,617.75,0.0,645.0,615.0,639.0,0.0,749769.0
JCHAC.NS,1778.0999755859375,0.0,1778.0999755859375,0.0,1797.0,1767.5,1776.199951171875,0.0,38129.0
JETFREIGHT.NS,12.199999809265137,0.0,12.199999809265137,0.0,12.800000190734863,12.1899995803833,12.800000190734863,0.0,116654.0
JETKNIT.NS,110.0,0.0,110.0,0.0,110.0,110.0,110.0,0.0,0.0
JFLLIFE.NS,18.299999237060547,0.0,18.299999237060547,0.0,18.299999237060547,18.299999237060547,18.299999237060547,0.0,6000.0
JGCHEM.NS,311.3500061035156,0.0,311.3500061035156,0.0,329.3500061035156,309.79998779296875,325.04998779296875,0.0,235403.0
JHS.NS,12.239999771118164,0.0,12.239999771118164,0.0,12.699999809265137,12.130000114440918,12.699999809265137,0.0,242279.0
JINDALPHOT.NS,643.9000244140625,0.0,643.9000244140625,0.0,661.1500244140625,629.9500122070312,645.0,0.0,17154.0
JINDALPOLY.NS,697.1500244140625,0.0,697.1500244140625,0.0,725.4000244140625,690.0,698.9000244140625,0.0,52897.0
JINDALSAW.NS,266.5899963378906,0.0,266.5899963378906,0.0,269.489990234375,262.3900146484375,268.7900085449219,0.0,928573.0
JINDALSTEL.NS,899.8499755859375,0.0,899.8499755859375,0.0,916.3499755859375,896.0499877929688,909.5,0.0,1507396.0
JINDRILL.NS,856.9500122070312,0.0,856.9500122070312,0.0,899.7999877929688,848.7000122070312,886.0499877929688,0.0,409783.0
JINDWORLD.NS,55.2599983215332,0.0,55.2599983215332,0.0,57.70000076293945,54.70000076293945,56.400001525878906,0.0,1329594.0
JIOFIN.NS,222.6699981689453,0.0,222.6699981689453,0.0,228.89999389648438,222.00999450683594,228.0,0.0,19372530.0
JISLDVREQS.NS,27.950000762939453,0.0,27.950000762939453,0.0,29.149999618530273,27.549999237060547,28.799999237060547,0.0,311063.0
JISLJALEQS.NS,56.959999084472656,0.0,56.959999084472656,0.0,58.86000061035156,56.68000030517578,57.5,0.0,4589855.0
JITFINFRA.NS,397.75,0.0,397.75,0.0,405.8500061035156,397.75,405.8500061035156,0.0,10274.0
JIWANRAM.NS,6.300000190734863,0.0,6.300000190734863,0.0,6.599999904632568,6.0,6.0,0.0,168000.0
JKCEMENT.NS,4712.4501953125,0.0,4712.4501953125,0.0,4778.0,4684.14990234375,4778.0,0.0,67627.0
JKIL.NS,652.9000244140625,0.0,652.9000244140625,0.0,679.0,651.0499877929688,675.0,0.0,148855.0
JKLAKSHMI.NS,786.0999755859375,0.0,786.0999755859375,0.0,799.0,775.0,793.7999877929688,0.0,69301.0
JKPAPER.NS,319.6499938964844,0.0,319.6499938964844,0.0,326.6499938964844,315.04998779296875,323.3999938964844,0.0,494953.0
JKTYRE.NS,282.70001220703125,0.0,282.70001220703125,0.0,291.29998779296875,281.20001220703125,288.95001220703125,0.0,446352.0
JLHL.NS,1695.5,0.0,1695.5,0.0,1715.300048828125,1665.0,1698.550048828125,0.0,26958.0
JMA.NS,77.02999877929688,0.0,77.02999877929688,0.0,79.98999786376953,76.6500015258789,79.95999908447266,0.0,28577.0
JMFINANCIL.NS,97.25,0.0,97.25,0.0,102.5,95.66999816894531,95.80000305175781,0.0,10285453.0
JNKINDIA.NS,358.1000061035156,0.0,358.1000061035156,0.0,382.5,358.1000061035156,382.5,0.0,38616.0
JOCIL.NS,141.16000366210938,0.0,141.16000366210938,0.0,148.0,140.33999633789062,148.0,0.0,18955.0
JPOLYINVST.NS,685.4000244140625,0.0,685.4000244140625,0.0,697.8499755859375,685.0,685.3499755859375,0.0,6445.0
JPPOWER.NS,14.100000381469727,0.0,14.100000381469727,0.0,15.050000190734863,14.050000190734863,14.449999809265137,0.0,63184391.0
JSFB.NS,406.5,0.0,406.5,0.0,434.95001220703125,403.70001220703125,434.95001220703125,0.0,411775.0
JSL.NS,595.1500244140625,0.0,595.1500244140625,0.0,601.75,587.0,590.0,0.0,2977602.0
JSLL.NS,1923.050048828125,0.0,1923.050048828125,0.0,2018.699951171875,1863.0,1985.0,0.0,41580.0
JSWENERGY.NS,553.0499877929688,0.0,553.0499877929688,0.0,562.7000122070312,549.0,552.0,0.0,2480192.0
JSWHL.NS,21336.80078125,0.0,21336.80078125,0.0,22459.75,21336.80078125,22459.75,0.0,5869.0
JSWINFRA.NS,316.0,0.0,316.0,0.0,318.0,308.70001220703125,311.1000061035156,0.0,3083044.0
JSWSTEEL.NS,1056.449951171875,0.0,1056.449951171875,0.0,1068.050048828125,1052.199951171875,1068.050048828125,0.0,1254010.0
JTEKTINDIA.NS,134.6300048828125,0.0,134.6300048828125,0.0,138.3000030517578,127.20999908447266,130.0,0.0,267011.0
JTLIND.NS,76.76000213623047,0.0,76.76000213623047,0.0,80.5199966430664,76.6500015258789,80.30000305175781,0.0,1040535.0
JUBLFOOD.NS,660.8499755859375,0.0,660.8499755859375,0.0,675.0,658.9500122070312,672.0,0.0,2152200.0
JUBLINGREA.NS,673.75,0.0,673.75,0.0,690.0,665.0,688.4500122070312,0.0,182764.0
JUBLPHARMA.NS,861.4000244140625,0.0,861.4000244140625,0.0,877.7999877929688,850.0999755859375,877.7999877929688,0.0,277183.0
JUNIPER.NS,257.6000061035156,0.0,257.6000061035156,0.0,274.79998779296875,250.4499969482422,269.0,0.0,508962.0
JUSTDIAL.NS,831.0,0.0,831.0,0.0,870.0,828.0499877929688,850.0,0.0,270583.0
JYOTHYLAB.NS,325.04998779296875,0.0,325.04998779296875,0.0,334.20001220703125,323.75,332.5,0.0,1010948.0
JYOTICNC.NS,1039.4000244140625,0.0,1039.4000244140625,0.0,1107.800048828125,1030.0,1091.0999755859375,0.0,452440.0
JYOTISTRUC.NS,16.520000457763672,0.0,16.520000457763672,0.0,17.170000076293945,16.399999618530273,16.93000030517578,0.0,15268147.0
K2INFRA.NS,79.75,0.0,79.75,0.0,82.0,74.19999694824219,81.69999694824219,0.0,115800.0
KABRAEXTRU.NS,305.0,0.0,305.0,0.0,317.6000061035156,303.29998779296875,312.0,0.0,104158.0
KAJARIACER.NS,890.3499755859375,0.0,890.3499755859375,0.0,896.0,882.0999755859375,893.0,0.0,137215.0
KAKATCEM.NS,137.97999572753906,0.0,137.97999572753906,0.0,144.97000122070312,136.16000366210938,144.97000122070312,0.0,20113.0
KALAMANDIR.NS,137.2899932861328,0.0,137.2899932861328,0.0,142.19000244140625,135.6300048828125,140.24000549316406,0.0,367829.0
KALYANIFRG.NS,515.5,0.0,515.5,0.0,515.5,515.5,515.5,0.0,300.0
KALYANKJIL.NS,474.29998779296875,0.0,474.29998779296875,0.0,481.5,468.6000061035156,471.1000061035156,0.0,6630802.0
KAMATHOTEL.NS,304.6499938964844,0.0,304.6499938964844,0.0,320.0,302.04998779296875,314.3500061035156,0.0,310611.0
KAMDHENU.NS,30.059999465942383,0.0,30.059999465942383,0.0,31.950000762939453,29.739999771118164,31.950000762939453,0.0,6402120.0
KAMOPAINTS.NS,9.479999542236328,0.0,9.479999542236328,0.0,9.479999542236328,9.479999542236328,9.479999542236328,0.0,196161.0
KANANIIND.NS,2.0399999618530273,0.0,2.0399999618530273,0.0,2.2200000286102295,2.0,2.200000047683716,0.0,699852.0
KANDARP.NS,75.0,0.0,75.0,0.0,75.0,75.0,75.0,0.0,0.0
KANORICHEM.NS,79.38999938964844,0.0,79.38999938964844,0.0,84.75,78.11000061035156,83.73999786376953,0.0,86503.0
KANPRPLA.NS,112.86000061035156,0.0,112.86000061035156,0.0,116.38999938964844,112.19999694824219,114.0,0.0,7150.0
KANSAINER.NS,238.07000732421875,0.0,238.07000732421875,0.0,241.14999389648438,235.1999969482422,239.0,0.0,265873.0
KAPSTON.NS,237.14999389648438,0.0,237.14999389648438,0.0,239.97999572753906,223.52000427246094,233.0,0.0,5746.0
KARMAENG.NS,53.599998474121094,0.0,53.599998474121094,0.0,54.689998626708984,53.0099983215332,53.0099983215332,0.0,1322.0
KARNIKA.NS,644.75,0.0,644.75,0.0,663.9500122070312,626.0,660.0,0.0,20400.0
KARURVYSYA.NS,209.6199951171875,0.0,209.6199951171875,0.0,211.5,206.64999389648438,210.97999572753906,0.0,2022617.0
KAUSHALYA.NS,920.9500122070312,0.0,920.9500122070312,0.0,938.9500122070312,910.2000122070312,910.2000122070312,0.0,187.0
KAVVERITEL.NS,42.79999923706055,0.0,42.79999923706055,0.0,46.599998474121094,42.279998779296875,46.599998474121094,0.0,24530.0
KAYA.NS,245.9499969482422,0.0,245.9499969482422,0.0,251.10000610351562,240.3000030517578,251.10000610351562,0.0,33860.0
KAYNES.NS,4873.14990234375,0.0,4873.14990234375,0.0,4977.2001953125,4756.5498046875,4970.0,0.0,632546.0
KBCGLOBAL.NS,1.0299999713897705,0.0,1.0299999713897705,0.0,1.0299999713897705,1.0299999713897705,1.0299999713897705,0.0,5138165.0
KCEIL.NS,180.5,0.0,180.5,0.0,192.0,179.64999389648438,190.0,0.0,66500.0
KCK.NS,40.349998474121094,0.0,40.349998474121094,0.0,40.54999923706055,39.650001525878906,40.0,0.0,65000.0
KCP.NS,197.05999755859375,0.0,197.05999755859375,0.0,203.64999389648438,195.5800018310547,196.60000610351562,0.0,306797.0
KCPSUGIND.NS,35.4900016784668,0.0,35.4900016784668,0.0,36.25,35.11000061035156,35.95000076293945,0.0,291004.0
KDDL.NS,3219.5,0.0,3219.5,0.0,3351.0,3099.949951171875,3148.0,0.0,36601.0
KDL.NS,289.8999938964844,0.0,289.8999938964844,0.0,315.0,288.0,315.0,0.0,34650.0
KEC.NS,761.4500122070312,0.0,761.4500122070312,0.0,786.0,756.1500244140625,772.0499877929688,0.0,769262.0
KECL.NS,129.6699981689453,0.0,129.6699981689453,0.0,136.3000030517578,128.27000427246094,133.0,0.0,319227.0
KEI.NS,2819.949951171875,0.0,2819.949951171875,0.0,2884.75,2815.0,2844.5,0.0,727555.0
KEL.NS,108.75,0.0,108.75,0.0,124.94999694824219,106.5,124.94999694824219,0.0,36000.0
KELLTONTEC.NS,109.30000305175781,0.0,109.30000305175781,0.0,114.88999938964844,108.55999755859375,112.0999984741211,0.0,758165.0
KERNEX.NS,809.4000244140625,0.0,809.4000244140625,0.0,869.75,808.0,860.0499877929688,0.0,221843.0
KESORAMIND.NS,4.920000076293945,0.0,4.920000076293945,0.0,4.920000076293945,4.920000076293945,4.920000076293945,0.0,1040763.0
KEYFINSERV.NS,299.82000732421875,0.0,299.82000732421875,0.0,331.79998779296875,295.0,325.0,0.0,229490.0
KFINTECH.NS,1043.6500244140625,0.0,1043.6500244140625,0.0,1098.75,1034.449951171875,1098.75,0.0,703988.0
KHADIM.NS,295.1000061035156,0.0,295.1000061035156,0.0,313.95001220703125,290.0,305.0,0.0,95491.0
KHAICHEM.NS,47.81999969482422,0.0,47.81999969482422,0.0,50.9900016784668,47.209999084472656,50.5,0.0,217592.0
KHAITANLTD.NS,85.66000366210938,0.0,85.66000366210938,0.0,90.3499984741211,82.33000183105469,90.3499984741211,0.0,24610.0
KHANDSE.NS,22.3799991607666,0.0,22.3799991607666,0.0,23.75,22.0,23.5,0.0,16239.0
KHFM.NS,83.0999984741211,0.0,83.0999984741211,0.0,85.75,80.05000305175781,82.0,0.0,17050.0
KICL.NS,4125.14990234375,0.0,4125.14990234375,0.0,4376.89990234375,4100.0,4350.0,0.0,7321.0
KILITCH.NS,343.1000061035156,0.0,343.1000061035156,0.0,356.0,340.29998779296875,353.6000061035156,0.0,4584.0
KIMS.NS,612.9000244140625,0.0,612.9000244140625,0.0,639.25,610.0,635.2000122070312,0.0,569669.0
KINGFA.NS,2805.35009765625,0.0,2805.35009765625,0.0,2833.35009765625,2765.0,2815.75,0.0,4688.0
KIOCL.NS,237.7100067138672,0.0,237.7100067138672,0.0,250.39999389648438,235.22999572753906,246.02000427246094,0.0,152461.0
KIRIINDUS.NS,629.25,0.0,629.25,0.0,642.2000122070312,625.4000244140625,640.0,0.0,541278.0
KIRLOSBROS.NS,1697.0,0.0,1697.0,0.0,1779.0,1689.0999755859375,1779.0,0.0,96319.0
KIRLOSENG.NS,720.5999755859375,0.0,720.5999755859375,0.0,757.75,691.5999755859375,748.0,0.0,498825.0
KIRLOSIND.NS,3227.199951171875,0.0,3227.199951171875,0.0,3436.800048828125,3201.10009765625,3420.10009765625,0.0,8553.0
KIRLPNU.NS,1183.199951171875,0.0,1183.199951171875,0.0,1270.0,1166.8499755859375,1258.699951171875,0.0,127579.0
KITEX.NS,181.1199951171875,0.0,181.1199951171875,0.0,189.39999389648438,179.5,188.5,0.0,394548.0
KKCL.NS,472.04998779296875,0.0,472.04998779296875,0.0,479.6000061035156,470.8999938964844,479.0,0.0,63423.0
KKVAPOW.NS,555.0,0.0,555.0,0.0,555.0,555.0,555.0,0.0,0.0
KLL.NS,78.0,0.0,78.0,0.0,80.55000305175781,76.0,80.55000305175781,0.0,79200.0
KMEW.NS,1480.3499755859375,0.0,1480.3499755859375,0.0,1577.949951171875,1443.75,1548.25,0.0,16120.0
KMSUGAR.NS,27.969999313354492,0.0,27.969999313354492,0.0,28.969999313354492,27.780000686645508,28.84000015258789,0.0,153309.0
KNAGRI.NS,207.1999969482422,0.0,207.1999969482422,0.0,217.0,202.1999969482422,217.0,0.0,17200.0
KNRCON.NS,230.57000732421875,0.0,230.57000732421875,0.0,239.38999938964844,227.60000610351562,238.0,0.0,974555.0
KODYTECH.NS,1000.2000122070312,0.0,1000.2000122070312,0.0,1000.2000122070312,1000.0,1000.0,0.0,8000.0
KOHINOOR.NS,31.510000228881836,0.0,31.510000228881836,0.0,33.72999954223633,31.34000015258789,32.52000045776367,0.0,165484.0
KOKUYOCMLN.NS,103.25,0.0,103.25,0.0,107.58999633789062,103.0,106.0,0.0,132219.0
KOLTEPATIL.NS,326.3500061035156,0.0,326.3500061035156,0.0,334.1000061035156,325.20001220703125,328.04998779296875,0.0,225640.0
KONSTELEC.NS,66.19999694824219,0.0,66.19999694824219,0.0,69.4000015258789,66.05000305175781,67.4000015258789,0.0,66000.0
KONTOR.NS,58.400001525878906,0.0,58.400001525878906,0.0,60.5,58.400001525878906,58.75,0.0,57600.0
KOPRAN.NS,179.27000427246094,0.0,179.27000427246094,0.0,189.89999389648438,178.0500030517578,187.44000244140625,0.0,227680.0
KORE.NS,178.60000610351562,0.0,178.60000610351562,0.0,192.0,177.0,185.0,0.0,8000.0
KOTAKBANK.NS,2144.89990234375,0.0,2144.89990234375,0.0,2176.0,2129.89990234375,2175.0,0.0,3016895.0
KOTARISUG.NS,33.86000061035156,0.0,33.86000061035156,0.0,35.5,33.349998474121094,35.150001525878906,0.0,83309.0
KOTHARIPET.NS,157.10000610351562,0.0,157.10000610351562,0.0,165.8800048828125,155.60000610351562,162.89999389648438,0.0,59226.0
KOTHARIPRO.NS,70.58000183105469,0.0,70.58000183105469,0.0,75.0199966430664,69.5,72.19999694824219,0.0,10720.0
KOTYARK.NS,353.3500061035156,0.0,353.3500061035156,0.0,368.0,353.3500061035156,358.0,0.0,39400.0
KPEL.NS,365.6000061035156,0.0,365.6000061035156,0.0,383.79998779296875,363.54998779296875,372.1000061035156,0.0,296436.0
KPIGREEN.NS,407.79998779296875,0.0,407.79998779296875,0.0,430.95001220703125,406.0,419.0,0.0,860589.0
KPIL.NS,1008.7999877929688,0.0,1008.7999877929688,0.0,1069.0999755859375,997.0999755859375,1021.0,0.0,1385591.0
KPITTECH.NS,1366.6500244140625,0.0,1366.6500244140625,0.0,1375.0,1338.8499755859375,1343.9000244140625,0.0,946669.0
KPRMILL.NS,946.0,0.0,946.0,0.0,951.9500122070312,928.2000122070312,936.0999755859375,0.0,157483.0
KRBL.NS,275.70001220703125,0.0,275.70001220703125,0.0,284.6000061035156,275.0,280.8999938964844,0.0,386223.0
KREBSBIO.NS,71.77999877929688,0.0,71.77999877929688,0.0,77.0,70.41000366210938,72.55000305175781,0.0,8069.0
KRIDHANINF.NS,3.5199999809265137,0.0,3.5199999809265137,0.0,3.869999885559082,3.5199999809265137,3.7300000190734863,0.0,166844.0
KRISHANA.NS,225.75999450683594,0.0,225.75999450683594,0.0,237.8000030517578,224.5,235.0,0.0,170606.0
KRISHCA.NS,216.8000030517578,0.0,216.8000030517578,0.0,216.8000030517578,208.35000610351562,216.8000030517578,0.0,59000.0
KRISHIVAL.NS,230.0,0.0,230.0,0.0,230.0,230.0,230.0,0.0,0.0
KRISHNADEF.NS,648.6500244140625,0.0,648.6500244140625,0.0,700.0,645.0,693.0,0.0,31750.0
KRITI.NS,105.88999938964844,0.0,105.88999938964844,0.0,113.0,105.88999938964844,113.0,0.0,52623.0
KRITIKA.NS,8.960000038146973,0.0,8.960000038146973,0.0,9.149999618530273,8.960000038146973,9.149999618530273,0.0,197917.0
KRITINUT.NS,99.23999786376953,0.0,99.23999786376953,0.0,104.4000015258789,98.0999984741211,104.4000015258789,0.0,35727.0
KRN.NS,881.7000122070312,0.0,881.7000122070312,0.0,898.9000244140625,869.0,896.0,0.0,1351927.0
KRONOX.NS,141.5399932861328,0.0,141.5399932861328,0.0,147.67999267578125,141.0,146.4499969482422,0.0,237243.0
KROSS.NS,172.3000030517578,0.0,172.3000030517578,0.0,180.0,171.10000610351562,178.89999389648438,0.0,322472.0
KRSNAA.NS,777.5499877929688,0.0,777.5499877929688,0.0,802.7999877929688,774.1500244140625,795.8499755859375,0.0,34299.0
KRYSTAL.NS,446.70001220703125,0.0,446.70001220703125,0.0,473.45001220703125,444.0,468.6499938964844,0.0,115254.0
KSB.NS,719.6500244140625,0.0,719.6500244140625,0.0,730.0,706.0,729.5,0.0,292738.0
KSCL.NS,1295.300048828125,0.0,1295.300048828125,0.0,1304.4000244140625,1252.0,1262.800048828125,0.0,155227.0
KSHITIJPOL.NS,3.009999990463257,0.0,3.009999990463257,0.0,3.0899999141693115,2.9000000953674316,3.059999942779541,0.0,419713.0
KSL.NS,753.0,0.0,753.0,0.0,780.4500122070312,751.0,773.1500244140625,0.0,36567.0
KSOLVES.NS,444.3500061035156,0.0,444.3500061035156,0.0,452.8999938964844,440.0,451.20001220703125,0.0,63112.0
KTKBANK.NS,177.25999450683594,0.0,177.25999450683594,0.0,180.39999389648438,176.97999572753906,180.39999389648438,0.0,939578.0
KTL.NS,7.949999809265137,0.0,7.949999809265137,0.0,7.949999809265137,7.949999809265137,7.949999809265137,0.0,9000.0
KUANTUM.NS,108.83000183105469,0.0,108.83000183105469,0.0,114.0,108.0,112.19999694824219,0.0,106375.0
LAGNAM.NS,98.04000091552734,0.0,98.04000091552734,0.0,101.0,97.69999694824219,100.0,0.0,8218.0
LAL.NS,12.029999732971191,0.0,12.029999732971191,0.0,12.029999732971191,12.029999732971191,12.029999732971191,0.0,4520.0
LALPATHLAB.NS,2447.800048828125,0.0,2447.800048828125,0.0,2517.449951171875,2440.64990234375,2503.0,0.0,223420.0
LAMBODHARA.NS,133.83999633789062,0.0,133.83999633789062,0.0,142.0,131.00999450683594,133.39999389648438,0.0,90394.0
LANCORHOL.NS,23.139999389648438,0.0,23.139999389648438,0.0,24.979999542236328,23.0,24.979999542236328,0.0,323940.0
LANDMARK.NS,382.6000061035156,0.0,382.6000061035156,0.0,398.5,380.29998779296875,391.70001220703125,0.0,147124.0
LAOPALA.NS,215.58999633789062,0.0,215.58999633789062,0.0,225.0,215.0,222.69000244140625,0.0,165723.0
LASA.NS,18.420000076293945,0.0,18.420000076293945,0.0,19.18000030517578,18.100000381469727,19.18000030517578,0.0,290213.0
LATENTVIEW.NS,359.8999938964844,0.0,359.8999938964844,0.0,373.79998779296875,358.0,360.29998779296875,0.0,804031.0
LATTEYS.NS,19.850000381469727,0.0,19.850000381469727,0.0,20.5,19.850000381469727,20.5,0.0,36043.0
LAURUSLABS.NS,614.7999877929688,0.0,614.7999877929688,0.0,619.4000244140625,610.5,614.0,0.0,1044450.0
LAWSIKHO.NS,162.14999389648438,0.0,162.14999389648438,0.0,170.0,161.25,165.0,0.0,91000.0
LAXMICOT.NS,25.350000381469727,0.0,25.350000381469727,0.0,26.719999313354492,25.299999237060547,26.31999969482422,0.0,34597.0
LCCINFOTEC.NS,6.130000114440918,0.0,6.130000114440918,0.0,6.130000114440918,6.130000114440918,6.130000114440918,0.0,118146.0
LEMERITE.NS,299.0,0.0,299.0,0.0,306.0,296.5,306.0,0.0,108800.0
LEMONTREE.NS,131.86000061035156,0.0,131.86000061035156,0.0,136.60000610351562,130.10000610351562,136.33999633789062,0.0,3474283.0
LEXUS.NS,32.72999954223633,0.0,32.72999954223633,0.0,34.31999969482422,32.5099983215332,34.31999969482422,0.0,19449.0
LFIC.NS,169.0500030517578,0.0,169.0500030517578,0.0,173.16000366210938,165.0,169.07000732421875,0.0,970.0
LGBBROSLTD.NS,1210.0999755859375,0.0,1210.0999755859375,0.0,1247.550048828125,1204.0,1240.0,0.0,12812.0
LGHL.NS,548.9000244140625,0.0,548.9000244140625,0.0,565.0,522.0499877929688,522.3499755859375,0.0,3421.0
LIBAS.NS,11.130000114440918,0.0,11.130000114440918,0.0,11.949999809265137,11.039999961853027,11.949999809265137,0.0,99406.0
LIBERTSHOE.NS,336.3500061035156,0.0,336.3500061035156,0.0,351.8999938964844,331.3500061035156,338.6000061035156,0.0,33825.0
LICHSGFIN.NS,561.1500244140625,0.0,561.1500244140625,0.0,573.8499755859375,559.9500122070312,573.8499755859375,0.0,1377606.0
LICI.NS,786.8499755859375,0.0,786.8499755859375,0.0,798.3499755859375,785.0499877929688,793.0499877929688,0.0,1204907.0
LIKHITHA.NS,269.6499938964844,0.0,269.6499938964844,0.0,283.79998779296875,266.6000061035156,275.70001220703125,0.0,148175.0
LINC.NS,103.66000366210938,0.0,103.66000366210938,0.0,110.30000305175781,102.0199966430664,109.80000305175781,0.0,128121.0
LINCOLN.NS,551.5499877929688,0.0,551.5499877929688,0.0,559.9500122070312,545.0499877929688,556.0,0.0,80736.0
LINDEINDIA.NS,6143.85009765625,0.0,6143.85009765625,0.0,6380.0,6125.0,6318.0,0.0,41811.0
LLOYDS.NS,78.19999694824219,0.0,78.19999694824219,0.0,79.0,77.0,78.69999694824219,0.0,15000.0
LLOYDSENGG.NS,57.040000915527344,0.0,57.040000915527344,0.0,59.58000183105469,56.599998474121094,58.7599983215332,0.0,4122319.0
LLOYDSENT.NS,41.709999084472656,0.0,41.709999084472656,0.0,43.400001525878906,41.29999923706055,42.02000045776367,0.0,1800070.0
LLOYDSME.NS,1266.199951171875,0.0,1266.199951171875,0.0,1299.4000244140625,1260.0,1297.699951171875,0.0,268806.0
LMW.NS,16018.2001953125,0.0,16018.2001953125,0.0,16644.0,15800.0498046875,16000.0,0.0,10513.0
LODHA.NS,1197.3499755859375,0.0,1197.3499755859375,0.0,1252.949951171875,1190.0,1210.25,0.0,1534073.0
LOKESHMACH.NS,169.97999572753906,0.0,169.97999572753906,0.0,169.97999572753906,169.97999572753906,169.97999572753906,0.0,68073.0
LORDSCHLO.NS,129.35000610351562,0.0,129.35000610351562,0.0,138.5,129.35000610351562,138.5,0.0,16050.0
LOTUSEYE.NS,64.27999877929688,0.0,64.27999877929688,0.0,71.98999786376953,62.20000076293945,70.3499984741211,0.0,119553.0
LOVABLE.NS,79.91999816894531,0.0,79.91999816894531,0.0,85.98999786376953,79.0,83.87000274658203,0.0,57662.0
LOYALTEX.NS,229.19000244140625,0.0,229.19000244140625,0.0,234.9499969482422,228.0,232.0,0.0,1909.0
LPDC.NS,7.820000171661377,0.0,7.820000171661377,0.0,8.140000343322754,7.800000190734863,8.09000015258789,0.0,16537.0
LRRPL.NS,54.79999923706055,0.0,54.79999923706055,0.0,56.75,54.150001525878906,56.0,0.0,15000.0
LT.NS,3444.800048828125,0.0,3444.800048828125,0.0,3496.800048828125,3418.5,3473.0,0.0,2315565.0
LTF.NS,152.9499969482422,0.0,152.9499969482422,0.0,156.67999267578125,152.39999389648438,154.66000366210938,0.0,2893842.0
LTIM.NS,4619.75,0.0,4619.75,0.0,4658.9501953125,4581.2001953125,4625.0,0.0,359228.0
LTTS.NS,4517.7998046875,0.0,4517.7998046875,0.0,4665.35009765625,4494.35009765625,4625.0498046875,0.0,259601.0
LUMAXIND.NS,2562.14990234375,0.0,2562.14990234375,0.0,2599.0,2385.25,2404.0,0.0,16856.0
LUMAXTECH.NS,542.8499755859375,0.0,542.8499755859375,0.0,557.7000122070312,538.3499755859375,554.4000244140625,0.0,48285.0
LUPIN.NS,2058.800048828125,0.0,2058.800048828125,0.0,2098.0,2053.050048828125,2079.0,0.0,681725.0
LUXIND.NS,1332.800048828125,0.0,1332.800048828125,0.0,1385.4000244140625,1325.0,1370.699951171875,0.0,60399.0
LXCHEM.NS,175.3300018310547,0.0,175.3300018310547,0.0,181.39999389648438,174.0,179.72999572753906,0.0,1568735.0
LYKALABS.NS,102.30000305175781,0.0,102.30000305175781,0.0,106.56999969482422,102.0,106.0,0.0,129070.0
LYPSAGEMS.NS,6.860000133514404,0.0,6.860000133514404,0.0,7.019999980926514,6.769999980926514,6.769999980926514,0.0,15599.0
M&M.NS,2742.25,0.0,2742.25,0.0,2795.0,2737.050048828125,2751.300048828125,0.0,3111414.0
M&MFIN.NS,287.20001220703125,0.0,287.20001220703125,0.0,292.70001220703125,285.5,289.54998779296875,0.0,842792.0
MAANALU.NS,82.69999694824219,0.0,82.69999694824219,0.0,85.38999938964844,82.0,85.38999938964844,0.0,216334.0
MACPOWER.NS,776.25,0.0,776.25,0.0,776.25,776.1500244140625,776.1500244140625,0.0,33365.0
MADHAV.NS,41.560001373291016,0.0,41.560001373291016,0.0,44.439998626708984,41.0,42.0099983215332,0.0,17318.0
MADHAVBAUG.NS,100.19999694824219,0.0,100.19999694824219,0.0,100.19999694824219,99.05000305175781,99.05000305175781,0.0,7200.0
MADHUCON.NS,6.239999771118164,0.0,6.239999771118164,0.0,6.570000171661377,6.059999942779541,6.059999942779541,0.0,123079.0
MADHUSUDAN.NS,157.1999969482422,0.0,157.1999969482422,0.0,165.0,156.3000030517578,164.0500030517578,0.0,13000.0
MADRASFERT.NS,72.83999633789062,0.0,72.83999633789062,0.0,76.37999725341797,72.5,76.0,0.0,149619.0
MAGADSUGAR.NS,613.6500244140625,0.0,613.6500244140625,0.0,650.9500122070312,607.8499755859375,632.0999755859375,0.0,16281.0
MAGNUM.NS,25.68000030517578,0.0,25.68000030517578,0.0,27.0,25.010000228881836,26.170000076293945,0.0,293692.0
MAGSON.NS,99.5,0.0,99.5,0.0,99.5,99.5,99.5,0.0,0.0
MAHABANK.NS,46.380001068115234,0.0,46.380001068115234,0.0,47.77000045776367,46.150001525878906,46.599998474121094,0.0,13500643.0
MAHAPEXLTD.NS,110.7300033569336,0.0,110.7300033569336,0.0,115.0,110.5,111.0,0.0,17408.0
MAHASTEEL.NS,260.70001220703125,0.0,260.70001220703125,0.0,280.989990234375,255.1199951171875,280.989990234375,0.0,4641.0
MAHEPC.NS,118.77999877929688,0.0,118.77999877929688,0.0,122.0,115.0,118.0199966430664,0.0,37133.0
MAHESHWARI.NS,56.04999923706055,0.0,56.04999923706055,0.0,58.189998626708984,55.79999923706055,56.720001220703125,0.0,67436.0
MAHICKRA.NS,111.9000015258789,0.0,111.9000015258789,0.0,114.0,105.55000305175781,111.0,0.0,45000.0
MAHLIFE.NS,314.3500061035156,0.0,314.3500061035156,0.0,328.0,311.20001220703125,326.70001220703125,0.0,406950.0
MAHLOG.NS,265.1400146484375,0.0,265.1400146484375,0.0,267.989990234375,261.9700012207031,266.2799987792969,0.0,274597.0
MAHSCOOTER.NS,10288.900390625,0.0,10288.900390625,0.0,10530.0,10270.0,10400.0,0.0,10108.0
MAHSEAMLES.NS,682.0,0.0,682.0,0.0,703.9000244140625,680.3499755859375,696.0,0.0,182285.0
MAITHANALL.NS,901.25,0.0,901.25,0.0,926.9000244140625,900.0,925.7999877929688,0.0,51837.0
MAITREYA.NS,272.8500061035156,0.0,272.8500061035156,0.0,275.5,260.0,275.5,0.0,16800.0
MAKS.NS,29.850000381469727,0.0,29.850000381469727,0.0,29.850000381469727,29.850000381469727,29.850000381469727,0.0,0.0
MAL.NS,29.299999237060547,0.0,29.299999237060547,0.0,30.600000381469727,29.299999237060547,30.600000381469727,0.0,17600.0
MALLCOM.NS,1241.25,0.0,1241.25,0.0,1345.800048828125,1200.0,1200.0,0.0,11667.0
MALUPAPER.NS,33.93000030517578,0.0,33.93000030517578,0.0,35.18000030517578,33.61000061035156,35.0,0.0,14994.0
MAMATA.NS,351.6499938964844,0.0,351.6499938964844,0.0,376.8999938964844,350.1000061035156,367.5,0.0,595456.0
MANAKALUCO.NS,20.68000030517578,0.0,20.68000030517578,0.0,22.260000228881836,20.649999618530273,22.260000228881836,0.0,67860.0
MANAKCOAT.NS,76.08000183105469,0.0,76.08000183105469,0.0,80.94999694824219,75.0,80.94999694824219,0.0,57999.0
MANAKSIA.NS,60.06999969482422,0.0,60.06999969482422,0.0,63.20000076293945,59.099998474121094,63.0,0.0,109206.0
MANAKSTEEL.NS,47.97999954223633,0.0,47.97999954223633,0.0,49.0099983215332,47.220001220703125,48.900001525878906,0.0,48754.0
MANALIPETC.NS,58.16999816894531,0.0,58.16999816894531,0.0,60.38999938964844,58.0,60.0099983215332,0.0,326416.0
MANAPPURAM.NS,232.22000122070312,0.0,232.22000122070312,0.0,237.1999969482422,231.3000030517578,236.0800018310547,0.0,7623977.0
MANAV.NS,11.25,0.0,11.25,0.0,11.25,10.699999809265137,10.699999809265137,0.0,48000.0
MANBA.NS,132.25,0.0,132.25,0.0,137.0500030517578,130.25,137.0500030517578,0.0,219195.0
MANCREDIT.NS,156.57000732421875,0.0,156.57000732421875,0.0,162.3800048828125,156.10000610351562,160.5399932861328,0.0,6261.0
MANDEEP.NS,19.350000381469727,0.0,19.350000381469727,0.0,20.100000381469727,19.25,20.0,0.0,90000.0
MANGALAM.NS,76.01000213623047,0.0,76.01000213623047,0.0,80.87999725341797,75.75,80.87999725341797,0.0,70164.0
MANGCHEFER.NS,152.16000366210938,0.0,152.16000366210938,0.0,155.33999633789062,150.0399932861328,150.5,0.0,143334.0
MANGLMCEM.NS,758.5,0.0,758.5,0.0,781.4500122070312,755.0,777.5499877929688,0.0,156477.0
MANINDS.NS,258.0199890136719,0.0,258.0199890136719,0.0,268.0899963378906,256.1000061035156,264.25,0.0,331740.0
MANINFRA.NS,146.17999267578125,0.0,146.17999267578125,0.0,152.38999938964844,145.35000610351562,151.0500030517578,0.0,799291.0
MANKIND.NS,2403.699951171875,0.0,2403.699951171875,0.0,2442.0,2361.39990234375,2415.0,0.0,351079.0
MANOMAY.NS,162.42999267578125,0.0,162.42999267578125,0.0,175.57000732421875,160.0,174.1999969482422,0.0,129352.0
MANORAMA.NS,1057.199951171875,0.0,1057.199951171875,0.0,1092.699951171875,1026.75,1059.6500244140625,0.0,116171.0
MANORG.NS,382.04998779296875,0.0,382.04998779296875,0.0,400.0,371.1000061035156,389.1000061035156,0.0,8515.0
MANUGRAPH.NS,17.239999771118164,0.0,17.239999771118164,0.0,17.950000762939453,16.700000762939453,17.260000228881836,0.0,82643.0
MANYAVAR.NS,755.5,0.0,755.5,0.0,781.9500122070312,747.4500122070312,773.9000244140625,0.0,310775.0
MAPMYINDIA.NS,1608.3499755859375,0.0,1608.3499755859375,0.0,1629.949951171875,1568.699951171875,1629.949951171875,0.0,230106.0
MARALOVER.NS,58.459999084472656,0.0,58.459999084472656,0.0,65.43000030517578,58.0,64.5,0.0,87334.0
MARATHON.NS,524.0499877929688,0.0,524.0499877929688,0.0,532.7000122070312,505.0,524.0,0.0,63962.0
MARCO.NS,37.45000076293945,0.0,37.45000076293945,0.0,39.0,36.900001525878906,38.79999923706055,0.0,66000.0
MARICO.NS,639.75,0.0,639.75,0.0,642.9000244140625,627.0999755859375,629.0,0.0,1901739.0
MARINE.NS,162.02999877929688,0.0,162.02999877929688,0.0,169.0,162.00999450683594,169.0,0.0,307640.0
MARINETRAN.NS,15.75,0.0,15.75,0.0,15.75,15.699999809265137,15.699999809265137,0.0,8000.0
MARKSANS.NS,219.50999450683594,0.0,219.50999450683594,0.0,228.6999969482422,218.33999633789062,226.60000610351562,0.0,877758.0
MARSHALL.NS,11.90999984741211,0.0,11.90999984741211,0.0,11.930000305175781,11.90999984741211,11.90999984741211,0.0,41513.0
MARUTI.NS,11734.2998046875,0.0,11734.2998046875,0.0,11868.900390625,11710.0,11807.0,0.0,478498.0
MASFIN.NS,255.8000030517578,0.0,255.8000030517578,0.0,263.75,252.02000427246094,260.5,0.0,163288.0
MASKINVEST.NS,174.44000244140625,0.0,174.44000244140625,0.0,174.44000244140625,174.44000244140625,174.44000244140625,0.0,37.0
MASON.NS,88.6500015258789,0.0,88.6500015258789,0.0,99.9000015258789,87.44999694824219,97.0,0.0,59000.0
MASTEK.NS,2245.25,0.0,2245.25,0.0,2297.85009765625,2236.699951171875,2289.10009765625,0.0,130428.0
MASTER.NS,283.5,0.0,283.5,0.0,283.5,283.5,283.5,0.0,0.0
MASTERTR.NS,130.25999450683594,0.0,130.25999450683594,0.0,137.7100067138672,126.19999694824219,126.19999694824219,0.0,166499.0
MATRIMONY.NS,534.5499877929688,0.0,534.5499877929688,0.0,548.0,533.5,538.3499755859375,0.0,17566.0
MAWANASUG.NS,90.37000274658203,0.0,90.37000274658203,0.0,92.0,86.01000213623047,87.9800033569336,0.0,174320.0
MAXESTATES.NS,374.1499938964844,0.0,374.1499938964844,0.0,384.25,369.1499938964844,373.5,0.0,287585.0
MAXHEALTH.NS,1122.550048828125,0.0,1122.550048828125,0.0,1174.949951171875,1118.699951171875,1148.699951171875,0.0,1809165.0
MAXIND.NS,180.91000366210938,0.0,180.91000366210938,0.0,192.5500030517578,177.60000610351562,192.35000610351562,0.0,89818.0
MAXPOSURE.NS,55.099998474121094,0.0,55.099998474121094,0.0,60.0,55.0,59.150001525878906,0.0,69000.0
MAYURUNIQ.NS,456.1000061035156,0.0,456.1000061035156,0.0,477.5,453.6000061035156,471.5,0.0,142093.0
MAZDA.NS,253.41000366210938,0.0,253.41000366210938,0.0,253.41000366210938,253.41000366210938,253.41000366210938,0.0,6617.0
MAZDOCK.NS,2643.14990234375,0.0,2643.14990234375,0.0,2722.0,2601.0,2620.050048828125,0.0,6873544.0
MBAPL.NS,272.8999938964844,0.0,272.8999938964844,0.0,289.8999938964844,267.8500061035156,285.6499938964844,0.0,56684.0
MBECL.NS,65.4000015258789,0.0,65.4000015258789,0.0,65.4000015258789,65.4000015258789,65.4000015258789,0.0,0.0
MBLINFRA.NS,34.5,0.0,34.5,0.0,38.40999984741211,33.91999816894531,36.099998474121094,0.0,699573.0
MCL.NS,49.81999969482422,0.0,49.81999969482422,0.0,50.5,48.5,48.900001525878906,0.0,120700.0
MCLEODRUSS.NS,33.599998474121094,0.0,33.599998474121094,0.0,35.36000061035156,33.599998474121094,34.650001525878906,0.0,294687.0
MCON.NS,128.39999389648438,0.0,128.39999389648438,0.0,135.0,128.39999389648438,135.0,0.0,19000.0
MCX.NS,5141.89990234375,0.0,5141.89990234375,0.0,5204.85009765625,5077.0,5166.14990234375,0.0,424376.0
MDL.NS,92.55000305175781,0.0,92.55000305175781,0.0,98.9000015258789,92.55000305175781,98.9000015258789,0.0,3000.0
MEDANTA.NS,1220.1500244140625,0.0,1220.1500244140625,0.0,1259.949951171875,1216.0,1256.6500244140625,0.0,134626.0
MEDIASSIST.NS,451.04998779296875,0.0,451.04998779296875,0.0,457.70001220703125,442.1000061035156,452.79998779296875,0.0,188821.0
MEDICAMEQ.NS,440.75,0.0,440.75,0.0,467.54998779296875,438.1499938964844,460.8500061035156,0.0,40212.0
MEDICO.NS,44.880001068115234,0.0,44.880001068115234,0.0,49.849998474121094,42.0,49.29999923706055,0.0,2097514.0
MEDIORG.NS,21.5,0.0,21.5,0.0,22.0,21.5,21.5,0.0,72000.0
MEDPLUS.NS,735.5999755859375,0.0,735.5999755859375,0.0,758.4500122070312,725.0499877929688,755.0,0.0,97077.0
MEGAFLEX.NS,49.0,0.0,49.0,0.0,49.0,49.0,49.0,0.0,0.0
MEGASOFT.NS,51.099998474121094,0.0,51.099998474121094,0.0,51.099998474121094,50.900001525878906,50.93000030517578,0.0,137826.0
MEGASTAR.NS,204.74000549316406,0.0,204.74000549316406,0.0,209.7899932861328,201.5,209.5800018310547,0.0,13279.0
MEGATHERM.NS,295.3999938964844,0.0,295.3999938964844,0.0,308.5,294.1000061035156,303.0,0.0,30800.0
MENONBE.NS,95.31999969482422,0.0,95.31999969482422,0.0,98.55999755859375,95.0,95.0,0.0,45566.0
MEP.NS,1.3799999952316284,0.0,1.3799999952316284,0.0,1.3799999952316284,1.3799999952316284,1.3799999952316284,0.0,75689.0
METROBRAND.NS,1055.300048828125,0.0,1055.300048828125,0.0,1085.9000244140625,1050.1500244140625,1076.300048828125,0.0,57253.0
METROPOLIS.NS,1579.050048828125,0.0,1579.050048828125,0.0,1609.800048828125,1567.949951171875,1595.0,0.0,131099.0
MFML.NS,27.799999237060547,0.0,27.799999237060547,0.0,28.899999618530273,27.420000076293945,27.5,0.0,113194.0
MFSL.NS,1117.5999755859375,0.0,1117.5999755859375,0.0,1144.0,1112.6500244140625,1144.0,0.0,588485.0
MGEL.NS,13.40999984741211,0.0,13.40999984741211,0.0,13.949999809265137,13.270000457763672,13.720000267028809,0.0,150611.0
MGL.NS,1348.300048828125,0.0,1348.300048828125,0.0,1374.5,1345.0,1357.550048828125,0.0,186724.0
MHHL.NS,59.0,0.0,59.0,0.0,60.0,59.0,60.0,0.0,19500.0
MHLXMIRU.NS,216.02000427246094,0.0,216.02000427246094,0.0,221.0,212.0399932861328,221.0,0.0,3088.0
MHRIL.NS,307.6000061035156,0.0,307.6000061035156,0.0,321.3999938964844,303.1000061035156,320.0,0.0,162957.0
MICEL.NS,54.47999954223633,0.0,54.47999954223633,0.0,57.7400016784668,54.27000045776367,57.130001068115234,0.0,673900.0
MICROPRO.NS,23.700000762939453,0.0,23.700000762939453,0.0,24.5,23.100000381469727,23.899999618530273,0.0,70400.0
MIDHANI.NS,280.54998779296875,0.0,280.54998779296875,0.0,289.79998779296875,277.1000061035156,285.25,0.0,695806.0
MILTON.NS,27.799999237060547,0.0,27.799999237060547,0.0,27.799999237060547,27.799999237060547,27.799999237060547,0.0,0.0
MINDACORP.NS,535.9000244140625,0.0,535.9000244140625,0.0,552.75,531.0499877929688,541.2000122070312,0.0,436616.0
MINDPOOL.NS,54.29999923706055,0.0,54.29999923706055,0.0,54.29999923706055,54.29999923706055,54.29999923706055,0.0,0.0
MINDSPACE.NS,364.5199890136719,0.0,364.5199890136719,0.0,366.989990234375,361.1099853515625,365.0,0.0,108145.0
MINDTECK.NS,169.47999572753906,0.0,169.47999572753906,0.0,180.19000244140625,168.5,176.5,0.0,101295.0
MIRCELECTR.NS,12.289999961853027,0.0,12.289999961853027,0.0,13.0,12.279999732971191,13.0,0.0,863479.0
MIRZAINT.NS,28.15999984741211,0.0,28.15999984741211,0.0,29.559999465942383,28.100000381469727,29.420000076293945,0.0,293448.0
MITCON.NS,73.04000091552734,0.0,73.04000091552734,0.0,77.8499984741211,72.19999694824219,77.8499984741211,0.0,32268.0
MITTAL.NS,1.75,0.0,1.75,0.0,1.7899999618530273,1.7300000190734863,1.7599999904632568,0.0,1172635.0
MKPL.NS,6.320000171661377,0.0,6.320000171661377,0.0,6.949999809265137,6.289999961853027,6.949999809265137,0.0,404017.0
MMFL.NS,335.6499938964844,0.0,335.6499938964844,0.0,352.20001220703125,333.45001220703125,349.29998779296875,0.0,122585.0
MMP.NS,257.94000244140625,0.0,257.94000244140625,0.0,267.6300048828125,255.0,263.0,0.0,87177.0
MMTC.NS,52.4900016784668,0.0,52.4900016784668,0.0,55.5,52.29999923706055,53.66999816894531,0.0,2933169.0
MOBIKWIK.NS,304.1499938964844,0.0,304.1499938964844,0.0,319.8999938964844,302.25,318.70001220703125,0.0,3811945.0
MODIRUBBER.NS,101.41000366210938,0.0,101.41000366210938,0.0,105.93000030517578,100.01000213623047,102.0,0.0,13194.0
MODISONLTD.NS,126.7300033569336,0.0,126.7300033569336,0.0,134.0800018310547,125.19999694824219,133.25,0.0,41618.0
MODTHREAD.NS,35.04999923706055,0.0,35.04999923706055,0.0,36.95000076293945,34.13999938964844,35.79999923706055,0.0,4699.0
MOHITIND.NS,27.8700008392334,0.0,27.8700008392334,0.0,28.399999618530273,27.8700008392334,28.399999618530273,0.0,1724.0
MOIL.NS,318.95001220703125,0.0,318.95001220703125,0.0,335.79998779296875,318.1000061035156,330.5,0.0,799767.0
MOKSH.NS,12.899999618530273,0.0,12.899999618530273,0.0,14.399999618530273,12.300000190734863,13.75,0.0,578039.0
MOL.NS,62.900001525878906,0.0,62.900001525878906,0.0,66.5199966430664,62.79999923706055,65.5199966430664,0.0,1354534.0
MOLDTECH.NS,136.86000061035156,0.0,136.86000061035156,0.0,151.0,131.0,131.0,0.0,2052370.0
MOLDTKPAC.NS,421.3500061035156,0.0,421.3500061035156,0.0,435.25,420.1000061035156,429.8500061035156,0.0,120627.0
MONARCH.NS,329.5,0.0,329.5,0.0,348.0,325.0,338.29998779296875,0.0,133824.0
MONOPHARMA.NS,24.0,0.0,24.0,0.0,24.799999237060547,23.75,24.799999237060547,0.0,30000.0
MONTECARLO.NS,541.4000244140625,0.0,541.4000244140625,0.0,563.0499877929688,539.0,555.0,0.0,49173.0
MORARJEE.NS,5.059999942779541,0.0,5.059999942779541,0.0,5.25,5.059999942779541,5.25,0.0,16581.0
MOREPENLAB.NS,47.470001220703125,0.0,47.470001220703125,0.0,49.88999938964844,47.209999084472656,49.56999969482422,0.0,5155001.0
MOS.NS,274.1000061035156,0.0,274.1000061035156,0.0,279.0,263.1000061035156,273.3999938964844,0.0,232800.0
MOTHERSON.NS,134.92999267578125,0.0,134.92999267578125,0.0,135.89999389648438,132.60000610351562,133.14999389648438,0.0,18743281.0
MOTILALOFS.NS,612.0999755859375,0.0,612.0999755859375,0.0,630.75,609.9000244140625,624.7000122070312,0.0,1380989.0
MOTISONS.NS,17.270000457763672,0.0,17.270000457763672,0.0,18.399999618530273,16.309999465942383,18.200000762939453,0.0,4540782.0
MOTOGENFIN.NS,25.100000381469727,0.0,25.100000381469727,0.0,26.290000915527344,25.0,25.610000610351562,0.0,4463.0
MOXSH.NS,27.049999237060547,0.0,27.049999237060547,0.0,27.049999237060547,27.049999237060547,27.049999237060547,0.0,0.0
MPHASIS.NS,2515.14990234375,0.0,2515.14990234375,0.0,2572.300048828125,2505.10009765625,2530.0,0.0,781554.0
MPSLTD.NS,2781.35009765625,0.0,2781.35009765625,0.0,2826.14990234375,2746.050048828125,2762.25,0.0,13757.0
MPTODAY.NS,27.100000381469727,0.0,27.100000381469727,0.0,29.0,26.799999237060547,28.5,0.0,22000.0
MRF.NS,114321.203125,0.0,114321.203125,0.0,115500.0,113900.1015625,114126.5,0.0,5977.0
MRO-TEK.NS,59.45000076293945,0.0,59.45000076293945,0.0,62.75,59.0,61.540000915527344,0.0,38884.0
MRPL.NS,140.9199981689453,0.0,140.9199981689453,0.0,146.39999389648438,138.6199951171875,140.19000244140625,0.0,14997609.0
MSPL.NS,25.18000030517578,0.0,25.18000030517578,0.0,26.549999237060547,25.010000228881836,26.0,0.0,850393.0
MSTCLTD.NS,514.75,0.0,514.75,0.0,533.5,512.2000122070312,522.0,0.0,340546.0
MSUMI.NS,53.54999923706055,0.0,53.54999923706055,0.0,55.189998626708984,53.29999923706055,55.099998474121094,0.0,6968952.0
MTARTECH.NS,1315.75,0.0,1315.75,0.0,1389.0,1305.0,1370.0,0.0,178071.0
MTNL.NS,43.38999938964844,0.0,43.38999938964844,0.0,44.630001068115234,43.0,44.09000015258789,0.0,3344307.0
MUFIN.NS,69.52999877929688,0.0,69.52999877929688,0.0,73.8499984741211,68.62000274658203,73.8499984741211,0.0,232434.0
MUFTI.NS,128.11000061035156,0.0,128.11000061035156,0.0,137.02999877929688,127.5,135.85000610351562,0.0,469532.0
MUKANDLTD.NS,92.58999633789062,0.0,92.58999633789062,0.0,96.75,92.25,94.0999984741211,0.0,382724.0
MUKKA.NS,32.880001068115234,0.0,32.880001068115234,0.0,33.75,32.79999923706055,33.68000030517578,0.0,579261.0
MUKTAARTS.NS,61.95000076293945,0.0,61.95000076293945,0.0,69.58999633789062,60.20000076293945,69.19000244140625,0.0,41922.0
MUNJALAU.NS,68.55000305175781,0.0,68.55000305175781,0.0,71.88999938964844,68.0,70.80999755859375,0.0,192381.0
MUNJALSHOW.NS,109.25,0.0,109.25,0.0,112.5,108.0,110.13999938964844,0.0,106009.0
MURUDCERA.NS,33.06999969482422,0.0,33.06999969482422,0.0,34.79999923706055,32.900001525878906,34.79999923706055,0.0,107892.0
MUTHOOTCAP.NS,255.85000610351562,0.0,255.85000610351562,0.0,271.79998779296875,251.0,268.0,0.0,71079.0
MUTHOOTFIN.NS,2313.550048828125,0.0,2313.550048828125,0.0,2367.199951171875,2299.949951171875,2355.39990234375,0.0,329620.0
MUTHOOTMF.NS,131.6199951171875,0.0,131.6199951171875,0.0,136.97999572753906,131.0,136.0,0.0,340322.0
MVGJL.NS,200.6300048828125,0.0,200.6300048828125,0.0,212.1999969482422,199.5,211.8000030517578,0.0,291600.0
MVKAGRO.NS,48.0,0.0,48.0,0.0,49.20000076293945,46.79999923706055,46.79999923706055,0.0,39600.0
MWL.NS,163.0,0.0,163.0,0.0,170.0,160.0,160.0500030517578,0.0,24000.0
NACLIND.NS,99.5,0.0,99.5,0.0,103.0,98.3499984741211,100.80999755859375,0.0,509222.0
NAGAFERT.NS,4.75,0.0,4.75,0.0,5.190000057220459,4.619999885559082,4.980000019073486,0.0,6788477.0
NAGREEKCAP.NS,25.25,0.0,25.25,0.0,26.84000015258789,24.780000686645508,26.84000015258789,0.0,3616.0
NAGREEKEXP.NS,25.139999389648438,0.0,25.139999389648438,0.0,27.889999389648438,24.709999084472656,27.299999237060547,0.0,150218.0
NAHARCAP.NS,229.50999450683594,0.0,229.50999450683594,0.0,245.4199981689453,228.41000366210938,240.99000549316406,0.0,8579.0
NAHARINDUS.NS,93.51000213623047,0.0,93.51000213623047,0.0,99.44999694824219,93.30000305175781,99.44999694824219,0.0,73502.0
NAHARPOLY.NS,192.41000366210938,0.0,192.41000366210938,0.0,198.0,191.1699981689453,198.0,0.0,18177.0
NAHARSPING.NS,203.27999877929688,0.0,203.27999877929688,0.0,211.0,201.5,207.85000610351562,0.0,62812.0
NAM-INDIA.NS,589.4500122070312,0.0,589.4500122070312,0.0,609.75,585.0,605.0499877929688,0.0,985778.0
NAMAN.NS,64.4000015258789,0.0,64.4000015258789,0.0,67.75,64.4000015258789,67.75,0.0,26400.0
NARMADA.NS,17.5,0.0,17.5,0.0,17.649999618530273,17.399999618530273,17.549999237060547,0.0,21569.0
NATCOPHARM.NS,821.5999755859375,0.0,821.5999755859375,0.0,835.5,817.2999877929688,824.5499877929688,0.0,699906.0
NATHBIOGEN.NS,148.5800018310547,0.0,148.5800018310547,0.0,157.57000732421875,145.2899932861328,154.00999450683594,0.0,69500.0
NATIONALUM.NS,179.24000549316406,0.0,179.24000549316406,0.0,182.97000122070312,178.47999572753906,180.55999755859375,0.0,8928176.0
NAUKRI.NS,7044.35009765625,0.0,7044.35009765625,0.0,7213.0498046875,7000.0,7181.10009765625,0.0,242805.0
NAVA.NS,492.1000061035156,0.0,492.1000061035156,0.0,499.0,463.8500061035156,470.25,0.0,786166.0
NAVINFLUOR.NS,4196.2001953125,0.0,4196.2001953125,0.0,4260.35009765625,4180.85009765625,4224.0,0.0,218241.0
NAVKARCORP.NS,98.61000061035156,0.0,98.61000061035156,0.0,99.4000015258789,95.87000274658203,96.05000305175781,0.0,1618359.0
NAVKARURB.NS,14.350000381469727,0.0,14.350000381469727,0.0,14.510000228881836,13.899999618530273,14.489999771118164,0.0,51324.0
NAVNETEDUL.NS,138.74000549316406,0.0,138.74000549316406,0.0,141.74000549316406,136.41000366210938,140.0,0.0,193123.0
NAZARA.NS,951.2000122070312,0.0,951.2000122070312,0.0,965.0,945.1500244140625,953.0,0.0,118195.0
NBCC.NS,81.06999969482422,0.0,81.06999969482422,0.0,84.5,80.86000061035156,83.5,0.0,10696631.0
NBIFIN.NS,2340.300048828125,0.0,2340.300048828125,0.0,2400.0,2337.0,2356.0,0.0,6290.0
NCC.NS,208.3000030517578,0.0,208.3000030517578,0.0,218.22000122070312,207.2100067138672,216.60000610351562,0.0,50646783.0
NCLIND.NS,188.22999572753906,0.0,188.22999572753906,0.0,193.19000244140625,187.0,190.6999969482422,0.0,87170.0
NDGL.NS,3984.050048828125,0.0,3984.050048828125,0.0,4210.39990234375,3951.0,4210.39990234375,0.0,168.0
NDL.NS,3.759999990463257,0.0,3.759999990463257,0.0,4.03000020980835,3.700000047683716,3.940000057220459,0.0,6161768.0
NDLVENTURE.NS,61.18000030517578,0.0,61.18000030517578,0.0,71.83999633789062,59.189998626708984,71.5,0.0,264758.0
NDRAUTO.NS,704.5,0.0,704.5,0.0,732.7000122070312,699.6500244140625,721.0,0.0,15874.0
NDTV.NS,114.19000244140625,0.0,114.19000244140625,0.0,119.9000015258789,112.95999908447266,117.19999694824219,0.0,177727.0
NECCLTD.NS,20.989999771118164,0.0,20.989999771118164,0.0,22.6299991607666,20.850000381469727,22.020000457763672,0.0,273184.0
NECLIFE.NS,22.989999771118164,0.0,22.989999771118164,0.0,24.739999771118164,22.899999618530273,24.350000381469727,0.0,3710398.0
NELCAST.NS,85.26000213623047,0.0,85.26000213623047,0.0,89.98999786376953,84.80999755859375,88.80000305175781,0.0,142941.0
NELCO.NS,898.7999877929688,0.0,898.7999877929688,0.0,923.5,873.2000122070312,874.9000244140625,0.0,251845.0
NEOGEN.NS,1615.050048828125,0.0,1615.050048828125,0.0,1686.0,1605.0,1686.0,0.0,46604.0
NEPHROCARE.NS,125.4000015258789,0.0,125.4000015258789,0.0,130.5,123.75,130.14999389648438,0.0,84000.0
NESCO.NS,913.5499877929688,0.0,913.5499877929688,0.0,932.0,908.0,932.0,0.0,19226.0
NESTLEIND.NS,2243.449951171875,0.0,2243.449951171875,0.0,2269.85009765625,2240.10009765625,2254.89990234375,0.0,533416.0
NETWEB.NS,1549.1500244140625,0.0,1549.1500244140625,0.0,1662.699951171875,1540.050048828125,1603.8499755859375,0.0,266972.0
NETWORK18.NS,44.5099983215332,0.0,44.5099983215332,0.0,45.95000076293945,44.20000076293945,45.95000076293945,0.0,7203247.0
NEULANDLAB.NS,11271.2001953125,0.0,11271.2001953125,0.0,12024.7001953125,11211.25,11915.0,0.0,48848.0
NEWGEN.NS,968.9000244140625,0.0,968.9000244140625,0.0,1007.0999755859375,965.0,993.5,0.0,243207.0
NEWJAISA.NS,51.349998474121094,0.0,51.349998474121094,0.0,51.349998474121094,50.0,51.349998474121094,0.0,121500.0
NEXTMEDIA.NS,6.210000038146973,0.0,6.210000038146973,0.0,6.380000114440918,6.110000133514404,6.380000114440918,0.0,5427.0
NFL.NS,80.56999969482422,0.0,80.56999969482422,0.0,83.79000091552734,80.0999984741211,82.80000305175781,0.0,1618705.0
NGIL.NS,34.029998779296875,0.0,34.029998779296875,0.0,37.099998474121094,33.349998474121094,37.099998474121094,0.0,51321.0
NGLFINE.NS,1179.699951171875,0.0,1179.699951171875,0.0,1196.449951171875,1179.699951171875,1196.449951171875,0.0,1760.0
NH.NS,1629.8499755859375,0.0,1629.8499755859375,0.0,1667.449951171875,1624.4000244140625,1645.25,0.0,252848.0
NHPC.NS,80.94000244140625,0.0,80.94000244140625,0.0,82.8499984741211,80.55000305175781,81.44999694824219,0.0,20084630.0
NIACL.NS,158.35000610351562,0.0,158.35000610351562,0.0,170.57000732421875,156.99000549316406,161.69000244140625,0.0,2456640.0
NIBL.NS,22.549999237060547,0.0,22.549999237060547,0.0,25.489999771118164,22.5,24.09000015258789,0.0,45858.0
NIDAN.NS,20.5,0.0,20.5,0.0,21.0,20.25,20.600000381469727,0.0,20000.0
NIITLTD.NS,121.22000122070312,0.0,121.22000122070312,0.0,127.02999877929688,120.75,125.16000366210938,0.0,613184.0
NIITMTS.NS,432.8500061035156,0.0,432.8500061035156,0.0,449.70001220703125,428.04998779296875,449.70001220703125,0.0,49888.0
NILAINFRA.NS,9.4399995803833,0.0,9.4399995803833,0.0,10.140000343322754,9.220000267028809,10.0,0.0,1214854.0
NILASPACES.NS,12.479999542236328,0.0,12.479999542236328,0.0,12.479999542236328,12.479999542236328,12.479999542236328,0.0,44453.0
NILKAMAL.NS,1584.8499755859375,0.0,1584.8499755859375,0.0,1618.4000244140625,1580.6500244140625,1602.0,0.0,3350.0
NINSYS.NS,459.8999938964844,0.0,459.8999938964844,0.0,469.0,453.20001220703125,469.0,0.0,53019.0
NIPPOBATRY.NS,429.8500061035156,0.0,429.8500061035156,0.0,441.0,427.0,434.95001220703125,0.0,5066.0
NIRAJ.NS,52.779998779296875,0.0,52.779998779296875,0.0,56.849998474121094,51.970001220703125,56.66999816894531,0.0,56599.0
NIRAJISPAT.NS,267.1600036621094,0.0,267.1600036621094,0.0,267.1600036621094,267.1600036621094,267.1600036621094,0.0,0.0
NIRMAN.NS,221.9499969482422,0.0,221.9499969482422,0.0,221.9499969482422,217.0,221.0,0.0,48000.0
NITCO.NS,110.05000305175781,0.0,110.05000305175781,0.0,117.01000213623047,110.0199966430664,117.01000213623047,0.0,300126.0
NITINSPIN.NS,325.8500061035156,0.0,325.8500061035156,0.0,345.75,324.04998779296875,339.8500061035156,0.0,125630.0
NITIRAJ.NS,277.75,0.0,277.75,0.0,290.0,277.5,285.0,0.0,17057.0
NIVABUPA.NS,71.5199966430664,0.0,71.5199966430664,0.0,72.4800033569336,71.19999694824219,72.44999694824219,0.0,355117.0
NKIND.NS,60.88999938964844,0.0,60.88999938964844,0.0,64.0,60.310001373291016,61.20000076293945,0.0,633.0
NLCINDIA.NS,241.9199981689453,0.0,241.9199981689453,0.0,256.489990234375,240.41000366210938,248.7899932861328,0.0,3066425.0
NMDC.NS,67.75,0.0,67.75,0.0,68.69999694824219,67.3499984741211,68.19999694824219,0.0,22865719.0
NOCIL.NS,174.9600067138672,0.0,174.9600067138672,0.0,183.10000610351562,173.25,181.0,0.0,517466.0
NOIDATOLL.NS,2.859999895095825,0.0,2.859999895095825,0.0,3.0199999809265137,2.8399999141693115,2.930000066757202,0.0,2212800.0
NORBTEAEXP.NS,36.41999816894531,0.0,36.41999816894531,0.0,36.41999816894531,36.41999816894531,36.41999816894531,0.0,2865.0
NORTHARC.NS,167.80999755859375,0.0,167.80999755859375,0.0,170.19000244140625,166.25,168.47999572753906,0.0,1279561.0
NOVAAGRI.NS,45.08000183105469,0.0,45.08000183105469,0.0,47.349998474121094,45.0,47.09000015258789,0.0,425450.0
NPST.NS,2222.39990234375,0.0,2222.39990234375,0.0,2425.0,2200.0,2425.0,0.0,36700.0
NRAIL.NS,220.9499969482422,0.0,220.9499969482422,0.0,229.64999389648438,218.0,226.75,0.0,19891.0
NRBBEARING.NS,213.94000244140625,0.0,213.94000244140625,0.0,218.6699981689453,212.24000549316406,215.0,0.0,147359.0
NRL.NS,61.45000076293945,0.0,61.45000076293945,0.0,64.4000015258789,60.5,63.5,0.0,258139.0
NSIL.NS,6185.2998046875,0.0,6185.2998046875,0.0,6351.39990234375,6149.89990234375,6319.7998046875,0.0,14399.0
NSLNISP.NS,34.04999923706055,0.0,34.04999923706055,0.0,35.349998474121094,34.0,35.29999923706055,0.0,6465068.0
NTPC.NS,354.6499938964844,0.0,354.6499938964844,0.0,369.0,353.29998779296875,366.95001220703125,0.0,18666168.0
NTPCGREEN.NS,99.9800033569336,0.0,99.9800033569336,0.0,102.12999725341797,99.37999725341797,100.91000366210938,0.0,6934755.0
NUCLEUS.NS,806.25,0.0,806.25,0.0,834.4000244140625,804.0,823.8499755859375,0.0,41181.0
NURECA.NS,212.14999389648438,0.0,212.14999389648438,0.0,222.1699981689453,210.25999450683594,221.0,0.0,22047.0
NUVAMA.NS,6156.39990234375,0.0,6156.39990234375,0.0,6333.39990234375,6093.2998046875,6200.0,0.0,66392.0
NUVOCO.NS,315.0,0.0,315.0,0.0,323.8500061035156,313.3999938964844,319.0,0.0,433376.0
NXST.NS,125.0199966430664,0.0,125.0199966430664,0.0,126.47000122070312,124.5199966430664,125.75,0.0,4476811.0
NYKAA.NS,171.9499969482422,0.0,171.9499969482422,0.0,173.0,169.1199951171875,169.99000549316406,0.0,6812674.0
OAL.NS,283.5,0.0,283.5,0.0,297.1499938964844,282.0,297.0,0.0,36018.0
OBCL.NS,51.70000076293945,0.0,51.70000076293945,0.0,53.68000030517578,49.560001373291016,52.849998474121094,0.0,26400.0
OBEROIRLTY.NS,1619.699951171875,0.0,1619.699951171875,0.0,1659.8499755859375,1612.050048828125,1623.25,0.0,451052.0
OCCL.NS,171.38999938964844,0.0,171.38999938964844,0.0,183.0500030517578,170.0,183.0500030517578,0.0,40070.0
OCCLLTD.NS,85.55999755859375,0.0,85.55999755859375,0.0,89.0,84.36000061035156,87.0999984741211,0.0,138573.0
ODIGMA.NS,35.16999816894531,0.0,35.16999816894531,0.0,36.709999084472656,35.0099983215332,36.709999084472656,0.0,54911.0
OFSS.NS,7889.0498046875,0.0,7889.0498046875,0.0,8055.5498046875,7828.5,7999.9501953125,0.0,112008.0
OIL.NS,380.8999938964844,0.0,380.8999938964844,0.0,396.8999938964844,379.1499938964844,390.29998779296875,0.0,3542845.0
OILCOUNTUB.NS,75.26000213623047,0.0,75.26000213623047,0.0,80.5,74.9000015258789,80.5,0.0,22749.0
OLAELEC.NS,51.7400016784668,0.0,51.7400016784668,0.0,54.97999954223633,51.349998474121094,54.0,0.0,49156458.0
OLECTRA.NS,1186.5,0.0,1186.5,0.0,1222.699951171875,1180.050048828125,1205.0,0.0,769392.0
OLIL.NS,153.8000030517578,0.0,153.8000030517578,0.0,157.0,145.3000030517578,151.89999389648438,0.0,72000.0
OMAXAUTO.NS,85.29000091552734,0.0,85.29000091552734,0.0,88.9800033569336,85.0999984741211,87.5,0.0,14639.0
OMAXE.NS,74.05999755859375,0.0,74.05999755859375,0.0,76.6500015258789,73.80000305175781,75.6500015258789,0.0,156004.0
OMFURN.NS,103.30000305175781,0.0,103.30000305175781,0.0,103.30000305175781,100.19999694824219,102.0,0.0,67200.0
OMINFRAL.NS,118.02999877929688,0.0,118.02999877929688,0.0,121.98999786376953,116.33999633789062,119.1500015258789,0.0,170701.0
ONDOOR.NS,159.5,0.0,159.5,0.0,162.0,159.5,159.5,0.0,44700.0
ONELIFECAP.NS,10.109999656677246,0.0,10.109999656677246,0.0,10.600000381469727,10.100000381469727,10.550000190734863,0.0,16399.0
ONEPOINT.NS,45.38999938964844,0.0,45.38999938964844,0.0,47.97999954223633,45.130001068115234,47.79999923706055,0.0,1000782.0
ONGC.NS,239.72000122070312,0.0,239.72000122070312,0.0,244.5,239.3699951171875,243.35000610351562,0.0,7540728.0
ONMOBILE.NS,45.400001525878906,0.0,45.400001525878906,0.0,48.16999816894531,45.04999923706055,47.900001525878906,0.0,893216.0
ONWARDTEC.NS,276.8500061035156,0.0,276.8500061035156,0.0,292.0,273.3500061035156,277.1000061035156,0.0,179372.0
OPTIEMUS.NS,411.04998779296875,0.0,411.04998779296875,0.0,435.95001220703125,410.04998779296875,432.0,0.0,243956.0
ORBTEXP.NS,153.55999755859375,0.0,153.55999755859375,0.0,158.0,152.72999572753906,157.9199981689453,0.0,22578.0
ORCHPHARMA.NS,777.0999755859375,0.0,777.0999755859375,0.0,799.0,767.7999877929688,789.8499755859375,0.0,76650.0
ORIANA.NS,1378.4000244140625,0.0,1378.4000244140625,0.0,1378.4000244140625,1313.0,1378.4000244140625,0.0,245550.0
ORICONENT.NS,40.04999923706055,0.0,40.04999923706055,0.0,40.400001525878906,39.5099983215332,39.599998474121094,0.0,324285.0
ORIENTALTL.NS,9.25,0.0,9.25,0.0,9.800000190734863,9.100000381469727,9.800000190734863,0.0,248176.0
ORIENTBELL.NS,233.14999389648438,0.0,233.14999389648438,0.0,246.9499969482422,232.10000610351562,242.0,0.0,27663.0
ORIENTCEM.NS,336.6499938964844,0.0,336.6499938964844,0.0,339.25,336.04998779296875,337.8999938964844,0.0,935154.0
ORIENTCER.NS,32.869998931884766,0.0,32.869998931884766,0.0,35.650001525878906,32.400001525878906,33.54999923706055,0.0,126076.0
ORIENTELEC.NS,217.74000549316406,0.0,217.74000549316406,0.0,221.0,214.2100067138672,221.0,0.0,216030.0
ORIENTHOT.NS,142.9499969482422,0.0,142.9499969482422,0.0,151.9499969482422,141.36000061035156,150.4499969482422,0.0,385183.0
ORIENTLTD.NS,79.83999633789062,0.0,79.83999633789062,0.0,85.5,78.26000213623047,82.08000183105469,0.0,7028.0
ORIENTPPR.NS,22.989999771118164,0.0,22.989999771118164,0.0,24.1299991607666,22.860000610351562,23.799999237060547,0.0,1183015.0
ORIENTTECH.NS,346.29998779296875,0.0,346.29998779296875,0.0,362.79998779296875,341.45001220703125,357.0,0.0,419668.0
ORISSAMINE.NS,5044.10009765625,0.0,5044.10009765625,0.0,5242.0,5025.5498046875,5230.0,0.0,12625.0
ORTINGLOBE.NS,10.6899995803833,0.0,10.6899995803833,0.0,11.979999542236328,10.5,11.699999809265137,0.0,59613.0
OSIAHYPER.NS,26.489999771118164,0.0,26.489999771118164,0.0,29.270000457763672,26.489999771118164,28.010000228881836,0.0,329250.0
OSWALAGRO.NS,70.1500015258789,0.0,70.1500015258789,0.0,76.0,69.91999816894531,76.0,0.0,63142.0
OSWALSEEDS.NS,12.90999984741211,0.0,12.90999984741211,0.0,13.479999542236328,12.819999694824219,13.369999885559082,0.0,160984.0
OWAIS.NS,583.0,0.0,583.0,0.0,583.0,583.0,583.0,0.0,9800.0
PAGEIND.NS,42261.1484375,0.0,42261.1484375,0.0,43307.80078125,42123.3984375,42930.0,0.0,16995.0
PAISALO.NS,33.130001068115234,0.0,33.130001068115234,0.0,34.59000015258789,31.81999969482422,34.43000030517578,0.0,6679752.0
PAKKA.NS,171.2100067138672,0.0,171.2100067138672,0.0,186.5,170.0,178.7100067138672,0.0,406051.0
PALASHSECU.NS,124.5999984741211,0.0,124.5999984741211,0.0,128.9499969482422,120.93000030517578,123.0,0.0,22005.0
PALREDTEC.NS,45.5,0.0,45.5,0.0,47.95000076293945,45.0,46.43000030517578,0.0,29709.0
PANACEABIO.NS,440.45001220703125,0.0,440.45001220703125,0.0,446.95001220703125,427.95001220703125,440.1000061035156,0.0,144983.0
PANACHE.NS,288.0,0.0,288.0,0.0,291.6000061035156,288.0,291.6000061035156,0.0,1200.0
PANAMAPET.NS,379.79998779296875,0.0,379.79998779296875,0.0,393.54998779296875,377.5,385.29998779296875,0.0,61158.0
PANSARI.NS,166.60000610351562,0.0,166.60000610351562,0.0,166.64999389648438,166.60000610351562,166.64999389648438,0.0,756.0
PAR.NS,92.22000122070312,0.0,92.22000122070312,0.0,96.75,91.51000213623047,96.75,0.0,38529.0
PARACABLES.NS,49.56999969482422,0.0,49.56999969482422,0.0,52.54999923706055,49.29999923706055,52.040000915527344,0.0,2278627.0
PARADEEP.NS,102.0999984741211,0.0,102.0999984741211,0.0,106.98999786376953,100.33999633789062,101.19999694824219,0.0,9915990.0
PARAGMILK.NS,153.2899932861328,0.0,153.2899932861328,0.0,155.0,151.1999969482422,154.0,0.0,508323.0
PARAGON.NS,69.30000305175781,0.0,69.30000305175781,0.0,69.30000305175781,68.0,69.30000305175781,0.0,32400.0
PARAS.NS,980.0999755859375,0.0,980.0999755859375,0.0,1013.3499755859375,978.0,1008.0499877929688,0.0,256866.0
PARASPETRO.NS,2.609999895095825,0.0,2.609999895095825,0.0,2.809999942779541,2.5399999618530273,2.700000047683716,0.0,252962.0
PARIN.NS,382.0,0.0,382.0,0.0,382.0,382.0,382.0,0.0,0.0
PARKHOTELS.NS,146.44000244140625,0.0,146.44000244140625,0.0,153.0,145.61000061035156,152.89999389648438,0.0,1059685.0
PARSVNATH.NS,21.799999237060547,0.0,21.799999237060547,0.0,23.100000381469727,21.420000076293945,22.5,0.0,448291.0
PARTYCRUS.NS,93.3499984741211,0.0,93.3499984741211,0.0,98.0,93.0,96.0,0.0,20000.0
PASHUPATI.NS,621.0,0.0,621.0,0.0,621.5,619.0,620.0,0.0,16600.0
PASUPTAC.NS,51.369998931884766,0.0,51.369998931884766,0.0,53.400001525878906,51.25,53.400001525878906,0.0,104848.0
PATELENG.NS,39.59000015258789,0.0,39.59000015258789,0.0,41.68000030517578,39.31999969482422,41.349998474121094,0.0,5816528.0
PATTECH.NS,62.5,0.0,62.5,0.0,65.5,62.5,62.5,0.0,4500.0
PAVNAIND.NS,350.1499938964844,0.0,350.1499938964844,0.0,386.95001220703125,333.70001220703125,380.0,0.0,36792.0
PAYTM.NS,776.9000244140625,0.0,776.9000244140625,0.0,796.0,772.7999877929688,773.5,0.0,6269122.0
PCBL.NS,419.45001220703125,0.0,419.45001220703125,0.0,433.0,416.5,421.20001220703125,0.0,2221722.0
PCCL.NS,163.60000610351562,0.0,163.60000610351562,0.0,174.89999389648438,162.0,166.64999389648438,0.0,82400.0
PCJEWELLER.NS,12.59000015258789,0.0,12.59000015258789,0.0,13.25,12.5,13.069999694824219,0.0,34718484.0
PDMJEPAPER.NS,96.93000030517578,0.0,96.93000030517578,0.0,102.0,96.43000030517578,101.98999786376953,0.0,140889.0
PDSL.NS,441.8999938964844,0.0,441.8999938964844,0.0,452.29998779296875,413.1000061035156,413.1000061035156,0.0,120992.0
PEARLPOLY.NS,29.020000457763672,0.0,29.020000457763672,0.0,31.5,28.549999237060547,31.0,0.0,149920.0
PEL.NS,978.75,0.0,978.75,0.0,1001.9000244140625,975.75,995.0,0.0,433272.0
PENIND.NS,180.5500030517578,0.0,180.5500030517578,0.0,185.75,179.4499969482422,182.35000610351562,0.0,354055.0
PENINLAND.NS,23.709999084472656,0.0,23.709999084472656,0.0,23.709999084472656,23.709999084472656,23.709999084472656,0.0,94791.0
PENTAGON.NS,67.25,0.0,67.25,0.0,75.0,66.0,75.0,0.0,36000.0
PERFECT.NS,9.5,0.0,9.5,0.0,9.5,9.5,9.5,0.0,24000.0
PERSISTENT.NS,5517.0,0.0,5517.0,0.0,5623.60009765625,5477.7998046875,5574.0,0.0,416595.0
PETRONET.NS,296.04998779296875,0.0,296.04998779296875,0.0,303.29998779296875,295.04998779296875,298.0,0.0,3374125.0
PFC.NS,410.5,0.0,410.5,0.0,423.3999938964844,408.6499938964844,422.0,0.0,5335556.0
PFIZER.NS,4010.10009765625,0.0,4010.10009765625,0.0,4120.0,3997.0,4093.5,0.0,30000.0
PFOCUS.NS,93.77999877929688,0.0,93.77999877929688,0.0,98.0199966430664,93.19999694824219,96.06999969482422,0.0,59721.0
PFS.NS,31.299999237060547,0.0,31.299999237060547,0.0,32.290000915527344,31.100000381469727,31.889999389648438,0.0,1565871.0
PGEL.NS,870.1500244140625,0.0,870.1500244140625,0.0,921.4500122070312,865.0,885.0,0.0,1304454.0
PGHH.NS,13976.25,0.0,13976.25,0.0,14092.4501953125,13920.0,13955.0498046875,0.0,4550.0
PGHL.NS,5311.7998046875,0.0,5311.7998046875,0.0,5498.4501953125,5289.9501953125,5422.75,0.0,5029.0
PGIL.NS,1250.6500244140625,0.0,1250.6500244140625,0.0,1299.9000244140625,1225.199951171875,1291.25,0.0,91556.0
PGINVIT.NS,75.98999786376953,0.0,75.98999786376953,0.0,76.30000305175781,75.8499984741211,76.0999984741211,0.0,4124457.0
PHANTOMFX.NS,193.3000030517578,0.0,193.3000030517578,0.0,201.0,192.0,197.85000610351562,0.0,58200.0
PHOENIXLTD.NS,1641.550048828125,0.0,1641.550048828125,0.0,1686.0,1635.3499755859375,1655.0,0.0,384448.0
PIDILITIND.NS,2845.39990234375,0.0,2845.39990234375,0.0,2924.0,2810.050048828125,2829.75,0.0,628446.0
PIGL.NS,155.0500030517578,0.0,155.0500030517578,0.0,155.0500030517578,150.64999389648438,153.8000030517578,0.0,19051.0
PIIND.NS,3428.050048828125,0.0,3428.050048828125,0.0,3464.10009765625,3420.050048828125,3463.949951171875,0.0,109286.0
PILANIINVS.NS,4013.25,0.0,4013.25,0.0,4188.60009765625,4000.0,4145.0,0.0,9069.0
PILITA.NS,13.510000228881836,0.0,13.510000228881836,0.0,13.800000190734863,12.3100004196167,12.449999809265137,0.0,1333990.0
PIONEEREMB.NS,39.7599983215332,0.0,39.7599983215332,0.0,42.86000061035156,39.34000015258789,41.779998779296875,0.0,83626.0
PITTIENG.NS,1002.7000122070312,0.0,1002.7000122070312,0.0,1038.449951171875,993.0,1032.4000244140625,0.0,46133.0
PIXTRANS.NS,1624.4000244140625,0.0,1624.4000244140625,0.0,1713.0,1601.0,1660.550048828125,0.0,27614.0
PKTEA.NS,700.3499755859375,0.0,700.3499755859375,0.0,725.0999755859375,700.0,725.0999755859375,0.0,175.0
PLADAINFO.NS,19.049999237060547,0.0,19.049999237060547,0.0,19.450000762939453,17.799999237060547,18.299999237060547,0.0,57000.0
PLASTIBLEN.NS,185.05999755859375,0.0,185.05999755859375,0.0,194.74000549316406,183.9499969482422,192.8000030517578,0.0,37924.0
PLATIND.NS,273.20001220703125,0.0,273.20001220703125,0.0,284.5,271.04998779296875,283.0,0.0,270625.0
PLAZACABLE.NS,51.900001525878906,0.0,51.900001525878906,0.0,54.779998779296875,50.400001525878906,54.0,0.0,167137.0
PNB.NS,92.86000061035156,0.0,92.86000061035156,0.0,94.73999786376953,92.69000244140625,93.86000061035156,0.0,19899290.0
PNBGILTS.NS,82.05999755859375,0.0,82.05999755859375,0.0,82.9800033569336,79.66999816894531,81.94000244140625,0.0,613825.0
PNBHOUSING.NS,851.9500122070312,0.0,851.9500122070312,0.0,876.2999877929688,850.0,873.5,0.0,398442.0
PNC.NS,24.399999618530273,0.0,24.399999618530273,0.0,24.450000762939453,22.1200008392334,22.1200008392334,0.0,72237.0
PNCINFRA.NS,261.25,0.0,261.25,0.0,270.45001220703125,259.79998779296875,268.20001220703125,0.0,432386.0
PNGJL.NS,509.1000061035156,0.0,509.1000061035156,0.0,530.8499755859375,506.0,529.7999877929688,0.0,356983.0
POCL.NS,640.6500244140625,0.0,640.6500244140625,0.0,668.0,614.0999755859375,618.9000244140625,0.0,278008.0
PODDARMENT.NS,290.75,0.0,290.75,0.0,300.5,285.0,296.8999938964844,0.0,25259.0
POKARNA.NS,1220.0999755859375,0.0,1220.0999755859375,0.0,1232.0,1189.699951171875,1225.0,0.0,48553.0
POLICYBZR.NS,1611.1500244140625,0.0,1611.1500244140625,0.0,1649.0,1600.0,1618.0,0.0,926622.0
POLYCAB.NS,5150.85009765625,0.0,5150.85009765625,0.0,5221.0,5112.89990234375,5168.0,0.0,475247.0
POLYMED.NS,2202.449951171875,0.0,2202.449951171875,0.0,2228.5,2174.5,2215.89990234375,0.0,37189.0
POLYPLEX.NS,1188.8499755859375,0.0,1188.8499755859375,0.0,1226.4000244140625,1185.0999755859375,1215.050048828125,0.0,64050.0
POLYSIL.NS,22.450000762939453,0.0,22.450000762939453,0.0,22.450000762939453,22.450000762939453,22.450000762939453,0.0,24000.0
PONNIERODE.NS,303.6499938964844,0.0,303.6499938964844,0.0,322.0,300.29998779296875,316.0,0.0,46920.0
POONAWALLA.NS,342.25,0.0,342.25,0.0,356.95001220703125,339.75,347.0,0.0,6506833.0
POWERGRID.NS,290.8500061035156,0.0,290.8500061035156,0.0,296.75,289.54998779296875,291.70001220703125,0.0,20366719.0
POWERINDIA.NS,12172.849609375,0.0,12172.849609375,0.0,12345.0,12120.5,12200.0,0.0,65906.0
POWERMECH.NS,2557.300048828125,0.0,2557.300048828125,0.0,2625.0,2525.25,2600.0,0.0,124290.0
PPAP.NS,166.55999755859375,0.0,166.55999755859375,0.0,169.8000030517578,164.1999969482422,169.3699951171875,0.0,18968.0
PPL.NS,410.6499938964844,0.0,410.6499938964844,0.0,426.45001220703125,408.45001220703125,417.6000061035156,0.0,96894.0
PPLPHARMA.NS,219.0,0.0,219.0,0.0,227.6999969482422,217.14999389648438,226.72000122070312,0.0,6081343.0
PRAENG.NS,21.170000076293945,0.0,21.170000076293945,0.0,23.450000762939453,21.0,23.450000762939453,0.0,266829.0
PRAJIND.NS,556.7000122070312,0.0,556.7000122070312,0.0,578.0,555.0,571.8499755859375,0.0,417056.0
PRAKASH.NS,154.9499969482422,0.0,154.9499969482422,0.0,164.2899932861328,153.9199981689453,160.6999969482422,0.0,978880.0
PRAKASHSTL.NS,6.650000095367432,0.0,6.650000095367432,0.0,6.929999828338623,6.599999904632568,6.929999828338623,0.0,284311.0
PRAMARA.NS,120.05000305175781,0.0,120.05000305175781,0.0,120.05000305175781,118.0,118.80000305175781,0.0,131000.0
PRATHAM.NS,178.64999389648438,0.0,178.64999389648438,0.0,189.0,177.25,188.0,0.0,49200.0
PRAXIS.NS,9.720000267028809,0.0,9.720000267028809,0.0,10.0600004196167,9.720000267028809,9.859999656677246,0.0,1447001.0
PRECAM.NS,171.5,0.0,171.5,0.0,179.17999267578125,170.0,176.64999389648438,0.0,160521.0
PRECISION.NS,22.350000381469727,0.0,22.350000381469727,0.0,25.25,21.600000381469727,24.600000381469727,0.0,98000.0
PRECOT.NS,420.0,0.0,420.0,0.0,434.70001220703125,415.0,431.70001220703125,0.0,2997.0
PRECWIRE.NS,132.8699951171875,0.0,132.8699951171875,0.0,139.27000427246094,132.0,137.07000732421875,0.0,283649.0
PREMEXPLN.NS,338.5,0.0,338.5,0.0,359.8999938964844,336.0,354.0,0.0,284247.0
PREMIER.NS,2.690000057220459,0.0,2.690000057220459,0.0,2.950000047683716,2.6600000858306885,2.809999942779541,0.0,36876.0
PREMIERENE.NS,898.2000122070312,0.0,898.2000122070312,0.0,918.6500244140625,891.0,915.0,0.0,885602.0
PREMIERPOL.NS,62.959999084472656,0.0,62.959999084472656,0.0,65.37999725341797,62.369998931884766,64.9000015258789,0.0,53560.0
PRESSTONIC.NS,107.75,0.0,107.75,0.0,110.0,105.05000305175781,110.0,0.0,28000.0
PRESTIGE.NS,1196.5999755859375,0.0,1196.5999755859375,0.0,1257.5,1191.0,1230.0,0.0,1119052.0
PRICOLLTD.NS,452.54998779296875,0.0,452.54998779296875,0.0,455.0,434.1499938964844,436.0,0.0,431484.0
PRIMESECU.NS,235.32000732421875,0.0,235.32000732421875,0.0,240.0,228.9199981689453,235.0,0.0,156681.0
PRINCEPIPE.NS,244.5500030517578,0.0,244.5500030517578,0.0,253.14999389648438,243.14999389648438,252.0,0.0,274583.0
PRITI.NS,90.19999694824219,0.0,90.19999694824219,0.0,93.97000122070312,89.0199966430664,90.9000015258789,0.0,27301.0
PRITIKA.NS,78.0999984741211,0.0,78.0999984741211,0.0,78.0999984741211,76.5,76.5,0.0,4000.0
PRITIKAUTO.NS,16.479999542236328,0.0,16.479999542236328,0.0,17.889999389648438,16.399999618530273,17.889999389648438,0.0,455260.0
PRIVISCL.NS,1527.0,0.0,1527.0,0.0,1549.0,1507.6500244140625,1540.6500244140625,0.0,33979.0
PRIZOR.NS,122.5,0.0,122.5,0.0,126.0999984741211,122.5,126.0999984741211,0.0,45600.0
PRLIND.NS,85.1500015258789,0.0,85.1500015258789,0.0,90.5,84.0,90.19999694824219,0.0,93000.0
PROLIFE.NS,224.89999389648438,0.0,224.89999389648438,0.0,224.89999389648438,204.0,205.5,0.0,3500.0
PROPEQUITY.NS,236.25,0.0,236.25,0.0,265.0,235.5,236.5500030517578,0.0,70800.0
PROV.NS,1190.0,0.0,1190.0,0.0,1190.0,1190.0,1190.0,0.0,2320.0
PROZONER.NS,28.739999771118164,0.0,28.739999771118164,0.0,29.850000381469727,28.459999084472656,28.81999969482422,0.0,508513.0
PRSMJOHNSN.NS,127.1500015258789,0.0,127.1500015258789,0.0,131.89999389648438,124.38999938964844,130.0500030517578,0.0,823576.0
PRUDENT.NS,2249.050048828125,0.0,2249.050048828125,0.0,2351.25,2205.60009765625,2349.75,0.0,53719.0
PRUDMOULI.NS,48.75,0.0,48.75,0.0,48.75,48.75,48.75,0.0,3022.0
PSB.NS,44.58000183105469,0.0,44.58000183105469,0.0,46.439998626708984,44.45000076293945,45.9900016784668,0.0,1897974.0
PSPPROJECT.NS,630.0499877929688,0.0,630.0499877929688,0.0,633.0999755859375,628.25,632.0,0.0,45151.0
PTC.NS,159.08999633789062,0.0,159.08999633789062,0.0,161.44000244140625,157.69000244140625,160.0,0.0,1393783.0
PTCIL.NS,14865.400390625,0.0,14865.400390625,0.0,15000.0,14012.0,14800.0,0.0,20287.0
PTL.NS,37.630001068115234,0.0,37.630001068115234,0.0,39.599998474121094,37.45000076293945,39.599998474121094,0.0,94375.0
PULZ.NS,46.5,0.0,46.5,0.0,47.25,46.04999923706055,46.150001525878906,0.0,14000.0
PUNJABCHEM.NS,802.5499877929688,0.0,802.5499877929688,0.0,831.0,789.25,820.75,0.0,35961.0
PURVA.NS,247.6699981689453,0.0,247.6699981689453,0.0,252.60000610351562,244.3000030517578,248.0,0.0,113846.0
PURVFLEXI.NS,102.4000015258789,0.0,102.4000015258789,0.0,105.0,100.4000015258789,105.0,0.0,107200.0
PVP.NS,22.65999984741211,0.0,22.65999984741211,0.0,24.0,22.299999237060547,23.010000228881836,0.0,221860.0
PVRINOX.NS,926.25,0.0,926.25,0.0,950.2999877929688,920.0,947.7000122070312,0.0,367539.0
PVSL.NS,97.44000244140625,0.0,97.44000244140625,0.0,99.02999877929688,94.69000244140625,98.98999786376953,0.0,208992.0
PYRAMID.NS,139.13999938964844,0.0,139.13999938964844,0.0,148.5800018310547,138.35000610351562,144.9499969482422,0.0,138095.0
QFIL.NS,80.80000305175781,0.0,80.80000305175781,0.0,83.0,80.80000305175781,83.0,0.0,3000.0
QMSMEDI.NS,86.4000015258789,0.0,86.4000015258789,0.0,87.0,83.25,87.0,0.0,49000.0
QUADFUTURE.NS,516.75,0.0,516.75,0.0,541.6500244140625,510.25,539.5499877929688,0.0,1845584.0
QUADPRO.NS,3.9000000953674316,0.0,3.9000000953674316,0.0,3.9000000953674316,3.6500000953674316,3.6500000953674316,0.0,204000.0
QUESS.NS,661.3499755859375,0.0,661.3499755859375,0.0,671.6500244140625,654.5999755859375,664.9500122070312,0.0,170612.0
QUESTLAB.NS,103.0999984741211,0.0,103.0999984741211,0.0,104.0,95.80000305175781,102.0,0.0,170400.0
QUICKHEAL.NS,288.3500061035156,0.0,288.3500061035156,0.0,301.0,286.1499938964844,294.0,0.0,171410.0
QUICKTOUCH.NS,42.20000076293945,0.0,42.20000076293945,0.0,43.5,42.099998474121094,43.5,0.0,30000.0
RHIM.NS,465.1499938964844,0.0,465.1499938964844,0.0,466.95001220703125,458.1499938964844,465.0,0.0,173973.0
UNITDSPR.NS,1361.5,0.0,1361.5,0.0,1375.6500244140625,1355.75,1375.6500244140625,0.0,421022.0
UNOMINDA.NS,934.4500122070312,0.0,934.4500122070312,0.0,959.7999877929688,928.2999877929688,941.5499877929688,0.0,366178.0
GATECH.NS,0.6100000143051147,0.0,0.6100000143051147,0.0,0.6600000262260437,0.6100000143051147,0.6600000262260437,0.0,6648971.0
GATECHDVR.NS,0.8199999928474426,0.0,0.8199999928474426,0.0,0.8500000238418579,0.800000011920929,0.8399999737739563,0.0,269577.0
GOLDKART.NS,214.9499969482422,0.0,214.9499969482422,0.0,214.9499969482422,214.9499969482422,214.9499969482422,0.0,0.0
HEADSUP.NS,11.229999542236328,0.0,11.229999542236328,0.0,11.850000381469727,10.800000190734863,11.300000190734863,0.0,34122.0
HINDWAREAP.NS,191.47000122070312,0.0,191.47000122070312,0.0,205.92999267578125,190.0,198.7899932861328,0.0,395409.0
PATANJALI.NS,1786.5,0.0,1786.5,0.0,1798.199951171875,1762.300048828125,1770.050048828125,0.0,364805.0
RACE.NS,249.35000610351562,0.0,249.35000610351562,0.0,266.95001220703125,242.0,262.6499938964844,0.0,74865.0
RACLGEAR.NS,750.3499755859375,0.0,750.3499755859375,0.0,797.4500122070312,741.9000244140625,741.9000244140625,0.0,12585.0
RADAAN.NS,3.640000104904175,0.0,3.640000104904175,0.0,4.03000020980835,3.640000104904175,3.8399999141693115,0.0,42192.0
RADHIKAJWE.NS,82.12000274658203,0.0,82.12000274658203,0.0,87.0,81.75,85.16000366210938,0.0,301459.0
RADIANTCMS.NS,54.90999984741211,0.0,54.90999984741211,0.0,55.849998474121094,52.52000045776367,53.47999954223633,0.0,883883.0
RADICO.NS,2350.949951171875,0.0,2350.949951171875,0.0,2369.0,2295.14990234375,2332.0,0.0,185883.0
RADIOCITY.NS,9.390000343322754,0.0,9.390000343322754,0.0,9.930000305175781,9.359999656677246,9.630000114440918,0.0,2415880.0
RADIOWALLA.NS,70.0,0.0,70.0,0.0,70.0,66.3499984741211,66.3499984741211,0.0,6400.0
RAILTEL.NS,308.0,0.0,308.0,0.0,325.29998779296875,306.0,322.95001220703125,0.0,2172149.0
RAIN.NS,134.6300048828125,0.0,134.6300048828125,0.0,138.6999969482422,134.0,137.3000030517578,0.0,1365191.0
RAINBOW.NS,1330.9000244140625,0.0,1330.9000244140625,0.0,1359.0999755859375,1323.5,1349.0,0.0,88512.0
RAJESHEXPO.NS,190.85000610351562,0.0,190.85000610351562,0.0,201.99000549316406,185.0,201.0,0.0,2340431.0
RAJMET.NS,4.300000190734863,0.0,4.300000190734863,0.0,4.53000020980835,4.230000019073486,4.53000020980835,0.0,2196323.0
RAJRATAN.NS,304.54998779296875,0.0,304.54998779296875,0.0,322.5,302.5,316.20001220703125,0.0,75088.0
RAJRILTD.NS,19.760000228881836,0.0,19.760000228881836,0.0,20.399999618530273,19.700000762939453,19.799999237060547,0.0,22968.0
RAJSREESUG.NS,40.119998931884766,0.0,40.119998931884766,0.0,43.56999969482422,39.77000045776367,42.59000015258789,0.0,102105.0
RAJTV.NS,82.2300033569336,0.0,82.2300033569336,0.0,86.01000213623047,80.0,83.9000015258789,0.0,37557.0
RALLIS.NS,224.41000366210938,0.0,224.41000366210938,0.0,228.2100067138672,222.32000732421875,228.2100067138672,0.0,426512.0
RAMANEWS.NS,31.540000915527344,0.0,31.540000915527344,0.0,31.540000915527344,30.309999465942383,31.540000915527344,0.0,119962.0
RAMAPHO.NS,85.38999938964844,0.0,85.38999938964844,0.0,88.05000305175781,85.05000305175781,88.05000305175781,0.0,112537.0
RAMASTEEL.NS,9.649999618530273,0.0,9.649999618530273,0.0,10.029999732971191,9.630000114440918,9.960000038146973,0.0,7290716.0
RAMCOCEM.NS,852.1500244140625,0.0,852.1500244140625,0.0,870.0,848.0,866.7999877929688,0.0,911807.0
RAMCOIND.NS,228.49000549316406,0.0,228.49000549316406,0.0,232.7899932861328,226.50999450683594,229.64999389648438,0.0,94345.0
RAMCOSYS.NS,339.5,0.0,339.5,0.0,358.0,332.95001220703125,344.5,0.0,361114.0
RAMKY.NS,465.95001220703125,0.0,465.95001220703125,0.0,490.20001220703125,462.1000061035156,471.0,0.0,131925.0
RAMRAT.NS,545.75,0.0,545.75,0.0,568.9000244140625,542.0999755859375,558.0,0.0,24233.0
RANASUG.NS,13.300000190734863,0.0,13.300000190734863,0.0,14.130000114440918,13.25,14.130000114440918,0.0,614920.0
RANEENGINE.NS,276.45001220703125,0.0,276.45001220703125,0.0,295.8999938964844,269.0,287.6000061035156,0.0,20767.0
RANEHOLDIN.NS,1265.0999755859375,0.0,1265.0999755859375,0.0,1344.25,1258.3499755859375,1326.0,0.0,39699.0
RATEGAIN.NS,423.25,0.0,423.25,0.0,440.8500061035156,420.1000061035156,435.70001220703125,0.0,460280.0
RATNAMANI.NS,2685.949951171875,0.0,2685.949951171875,0.0,2765.0,2676.89990234375,2726.89990234375,0.0,12362.0
RATNAVEER.NS,134.7100067138672,0.0,134.7100067138672,0.0,141.36000061035156,134.00999450683594,139.39999389648438,0.0,384139.0
RAYMOND.NS,1428.5,0.0,1428.5,0.0,1476.0,1425.050048828125,1446.050048828125,0.0,271493.0
RAYMONDLSL.NS,1032.5999755859375,0.0,1032.5999755859375,0.0,1047.550048828125,1021.9500122070312,1047.550048828125,0.0,213250.0
RBL.NS,702.9500122070312,0.0,702.9500122070312,0.0,737.2000122070312,698.0,714.9000244140625,0.0,19780.0
RBLBANK.NS,178.92999267578125,0.0,178.92999267578125,0.0,181.92999267578125,174.6300048828125,175.1999969482422,0.0,10495810.0
RBMINFRA.NS,335.54998779296875,0.0,335.54998779296875,0.0,335.54998779296875,335.54998779296875,335.54998779296875,0.0,9600.0
RBS.NS,118.5,0.0,118.5,0.0,122.0,117.0,120.0,0.0,36800.0
RBZJEWEL.NS,139.88999938964844,0.0,139.88999938964844,0.0,145.99000549316406,138.0,142.86000061035156,0.0,42728.0
RCDL.NS,19.0,0.0,19.0,0.0,19.899999618530273,18.149999618530273,18.450000762939453,0.0,69000.0
RCF.NS,125.08000183105469,0.0,125.08000183105469,0.0,129.35000610351562,124.5,127.55000305175781,0.0,2146725.0
RECLTD.NS,425.6000061035156,0.0,425.6000061035156,3.6,443.25,424.1000061035156,439.25,0.0,10096197.0
REDINGTON.NS,238.1999969482422,0.0,238.1999969482422,0.0,244.8000030517578,236.2100067138672,242.47000122070312,0.0,3603961.0
REDTAPE.NS,154.0500030517578,0.0,154.0500030517578,0.0,161.89999389648438,153.10000610351562,161.89999389648438,0.0,192194.0
REFEX.NS,373.6499938964844,0.0,373.6499938964844,0.0,386.95001220703125,370.0,378.0,0.0,237179.0
REFRACTORY.NS,69.25,0.0,69.25,0.0,72.0,69.25,72.0,0.0,33000.0
REGENCERAM.NS,46.9900016784668,0.0,46.9900016784668,0.0,48.7599983215332,44.650001525878906,48.18000030517578,0.0,2361.0
RELAXO.NS,417.29998779296875,0.0,417.29998779296875,0.0,427.25,412.6000061035156,425.0,0.0,116915.0
RELCHEMQ.NS,157.63999938964844,0.0,157.63999938964844,0.0,160.39999389648438,156.30999755859375,160.39999389648438,0.0,15389.0
RELIABLE.NS,76.12000274658203,0.0,76.12000274658203,0.0,79.1500015258789,74.0,76.70999908447266,0.0,18389.0
RELIANCE.NS,1273.050048828125,0.0,1273.050048828125,0.0,1293.800048828125,1268.75,1291.0,0.0,12071552.0
RELIGARE.NS,230.1999969482422,0.0,230.1999969482422,0.0,238.89999389648438,228.39999389648438,234.94000244140625,0.0,1769693.0
RELINFRA.NS,253.77999877929688,0.0,253.77999877929688,0.0,262.3999938964844,237.6999969482422,237.89999389648438,0.0,15761962.0
RELTD.NS,119.7699966430664,0.0,119.7699966430664,0.0,127.0199966430664,119.25,126.19999694824219,0.0,81765.0
REMSONSIND.NS,112.66000366210938,0.0,112.66000366210938,0.0,116.87999725341797,110.93000030517578,113.0,0.0,252824.0
REMUS.NS,2261.39990234375,0.0,2261.39990234375,0.0,2290.0,2140.10009765625,2180.0,0.0,8350.0
RENUKA.NS,28.059999465942383,0.0,28.059999465942383,0.0,29.25,28.0,29.100000381469727,0.0,6610953.0
REPCOHOME.NS,335.1000061035156,0.0,335.1000061035156,0.0,345.79998779296875,333.0,340.8999938964844,0.0,238149.0
REPL.NS,165.49000549316406,0.0,165.49000549316406,0.0,172.0,165.49000549316406,171.0,0.0,151085.0
REPRO.NS,406.70001220703125,0.0,406.70001220703125,0.0,425.29998779296875,405.0,420.1499938964844,0.0,18019.0
RESPONIND.NS,187.75,0.0,187.75,0.0,193.64999389648438,185.5,193.64999389648438,0.0,185416.0
RETAIL.NS,36.34000015258789,0.0,36.34000015258789,0.0,38.0,35.70000076293945,37.70000076293945,0.0,4803.0
REXPIPES.NS,60.0,0.0,60.0,0.0,63.0,57.54999923706055,57.54999923706055,0.0,6000.0
RGL.NS,126.55999755859375,0.0,126.55999755859375,0.0,131.0,126.0,128.5,0.0,257343.0
RHFL.NS,3.309999942779541,0.0,3.309999942779541,0.0,3.5999999046325684,3.309999942779541,3.490000009536743,0.0,2089597.0
RHL.NS,233.3800048828125,0.0,233.3800048828125,0.0,233.3800048828125,229.8000030517578,229.8000030517578,0.0,3330.0
RICOAUTO.NS,60.97999954223633,0.0,60.97999954223633,0.0,64.19999694824219,60.75,63.349998474121094,0.0,801845.0
RIIL.NS,809.0999755859375,0.0,809.0999755859375,0.0,836.7999877929688,802.0,832.0,0.0,164416.0
RILINFRA.NS,33.150001525878906,0.0,33.150001525878906,0.0,35.0,30.649999618530273,34.599998474121094,0.0,53800.0
RISHABH.NS,223.85000610351562,0.0,223.85000610351562,0.0,239.8000030517578,221.0500030517578,230.89999389648438,0.0,122056.0
RITCO.NS,248.1999969482422,0.0,248.1999969482422,0.0,263.45001220703125,245.14999389648438,262.0,0.0,82615.0
RITES.NS,234.6300048828125,0.0,234.6300048828125,0.0,247.0,232.85000610351562,245.02000427246094,0.0,1659280.0
RITEZONE.NS,22.100000381469727,0.0,22.100000381469727,0.0,23.25,22.0,23.25,0.0,22400.0
RKDL.NS,25.079999923706055,0.0,25.079999923706055,0.0,26.43000030517578,25.0,25.010000228881836,0.0,10742.0
RKEC.NS,66.63999938964844,0.0,66.63999938964844,0.0,70.47000122070312,66.25,68.25,0.0,91084.0
RKFORGE.NS,788.9500122070312,0.0,788.9500122070312,0.0,833.9500122070312,783.5499877929688,807.0,0.0,602550.0
RKSWAMY.NS,230.05999755859375,0.0,230.05999755859375,0.0,243.8300018310547,229.1999969482422,243.0,0.0,71008.0
RMDRIP.NS,439.0,0.0,439.0,0.0,439.0,411.04998779296875,437.20001220703125,0.0,3000.0
RML.NS,647.5,0.0,647.5,0.0,678.6500244140625,640.0,660.0,0.0,21296.0
ROCKINGDCE.NS,239.25,0.0,239.25,0.0,245.6999969482422,234.0,237.39999389648438,0.0,91750.0
ROHLTD.NS,392.29998779296875,0.0,392.29998779296875,0.0,413.0,387.75,405.20001220703125,0.0,129300.0
ROLEXRINGS.NS,1350.8499755859375,0.0,1350.8499755859375,0.0,1381.949951171875,1329.949951171875,1375.0,0.0,33538.0
ROLLT.NS,1.3600000143051147,0.0,1.3600000143051147,0.0,1.4299999475479126,1.350000023841858,1.3700000047683716,0.0,197354.0
ROML.NS,43.02000045776367,0.0,43.02000045776367,0.0,44.70000076293945,42.560001373291016,43.2400016784668,0.0,4812.0
ROSSARI.NS,609.2999877929688,0.0,609.2999877929688,0.0,623.0,604.2000122070312,614.5999755859375,0.0,78459.0
ROSSELLIND.NS,56.40999984741211,0.0,56.40999984741211,0.0,58.79999923706055,55.86000061035156,58.77000045776367,0.0,65777.0
ROSSTECH.NS,288.3999938964844,0.0,288.3999938964844,0.0,295.0,288.3999938964844,295.0,0.0,1946.0
ROTO.NS,212.3699951171875,0.0,212.3699951171875,0.0,226.25999450683594,211.0500030517578,222.39999389648438,0.0,109351.0
ROUTE.NS,951.8499755859375,0.0,951.8499755859375,0.0,983.0,947.5,972.4500122070312,0.0,162428.0
ROXHITECH.NS,40.900001525878906,0.0,40.900001525878906,0.0,43.5,40.900001525878906,43.04999923706055,0.0,134400.0
RPEL.NS,534.6500244140625,0.0,534.6500244140625,0.0,553.1500244140625,531.2000122070312,553.0,0.0,18546.0
RPGLIFE.NS,2277.300048828125,0.0,2277.300048828125,0.0,2313.85009765625,2242.25,2260.0,0.0,7475.0
RPOWER.NS,39.470001220703125,0.0,39.470001220703125,0.0,41.400001525878906,36.88999938964844,37.119998931884766,0.0,101772254.0
RPPINFRA.NS,147.3000030517578,0.0,147.3000030517578,0.0,152.0,145.0,147.49000549316406,0.0,104952.0
RPPL.NS,20.670000076293945,0.0,20.670000076293945,0.0,23.020000457763672,20.5,23.020000457763672,0.0,308097.0
RPSGVENT.NS,811.7000122070312,0.0,811.7000122070312,0.0,855.0,808.0,839.0,0.0,55323.0
RPTECH.NS,290.25,0.0,290.25,0.0,304.75,288.5,295.0,0.0,190567.0
RRKABEL.NS,900.2000122070312,0.0,900.2000122070312,0.0,924.6500244140625,898.75,924.6500244140625,0.0,103288.0
RSSOFTWARE.NS,70.43000030517578,0.0,70.43000030517578,0.0,70.43000030517578,70.43000030517578,70.43000030517578,0.0,22708.0
RSWM.NS,130.85000610351562,0.0,130.85000610351562,0.0,136.72999572753906,130.25,135.75,0.0,179604.0
RSYSTEMS.NS,360.0,0.0,360.0,0.0,380.6499938964844,336.1000061035156,340.0,0.0,277280.0
RTNINDIA.NS,41.22999954223633,0.0,41.22999954223633,0.0,43.16999816894531,40.939998626708984,42.619998931884766,0.0,4068807.0
RTNPOWER.NS,9.65999984741211,0.0,9.65999984741211,0.0,10.140000343322754,9.609999656677246,9.960000038146973,0.0,17728647.0
RUBFILA.NS,65.43000030517578,0.0,65.43000030517578,0.0,68.25,65.0199966430664,67.7300033569336,0.0,136268.0
RUBYMILLS.NS,186.1300048828125,0.0,186.1300048828125,0.0,197.69000244140625,183.9600067138672,194.83999633789062,0.0,41535.0
RUCHINFRA.NS,7.429999828338623,0.0,7.429999828338623,0.0,7.980000019073486,7.300000190734863,7.880000114440918,0.0,210022.0
RUCHIRA.NS,116.01000213623047,0.0,116.01000213623047,0.0,121.9000015258789,115.1500015258789,119.80000305175781,0.0,43144.0
RULKA.NS,149.4499969482422,0.0,149.4499969482422,0.0,156.0,148.60000610351562,153.89999389648438,0.0,21900.0
RUPA.NS,180.35000610351562,0.0,180.35000610351562,0.0,190.80999755859375,180.0,187.9499969482422,0.0,252445.0
RUSHIL.NS,21.950000762939453,0.0,21.950000762939453,0.0,23.75,21.5,22.75,0.0,1820691.0
RUSTOMJEE.NS,536.9500122070312,0.0,536.9500122070312,0.0,559.0,532.0,559.0,0.0,38029.0
RVHL.NS,46.310001373291016,0.0,46.310001373291016,0.0,48.88999938964844,45.880001068115234,48.29999923706055,0.0,22330.0
RVNL.NS,362.20001220703125,0.0,362.20001220703125,0.0,371.79998779296875,360.25,371.70001220703125,0.0,6821392.0
RVTH.NS,973.7999877929688,0.0,973.7999877929688,0.0,1013.9000244140625,965.0,973.9000244140625,0.0,2773.0
S&SPOWER.NS,375.3500061035156,0.0,375.3500061035156,0.0,375.3500061035156,339.6499938964844,366.79998779296875,0.0,8444.0
SAAKSHI.NS,142.8000030517578,0.0,142.8000030517578,0.0,149.5,141.0500030517578,147.0,0.0,24600.0
SABAR.NS,7.25,0.0,7.25,0.0,7.300000190734863,7.050000190734863,7.25,0.0,190000.0
SABEVENTS.NS,3.9800000190734863,0.0,3.9800000190734863,0.0,3.9800000190734863,3.9800000190734863,3.9800000190734863,0.0,2124.0
SABTNL.NS,585.2000122070312,0.0,585.2000122070312,0.0,585.2000122070312,585.2000122070312,585.2000122070312,0.0,535.0
SADBHAV.NS,10.979999542236328,0.0,10.979999542236328,0.0,10.979999542236328,10.979999542236328,10.979999542236328,0.0,336952.0
SADBHIN.NS,4.53000020980835,0.0,4.53000020980835,0.0,4.730000019073486,4.5,4.619999885559082,0.0,298909.0
SADHAV.NS,88.9000015258789,0.0,88.9000015258789,0.0,94.6500015258789,87.05000305175781,93.5,0.0,61800.0
SADHNANIQ.NS,18.6200008392334,0.0,18.6200008392334,0.0,19.899999618530273,18.6200008392334,19.6200008392334,0.0,409031.0
SAFARI.NS,1939.4000244140625,0.0,1939.4000244140625,0.0,1977.75,1933.0,1959.699951171875,0.0,19837.0
SAGARDEEP.NS,29.059999465942383,0.0,29.059999465942383,0.0,29.3799991607666,28.09000015258789,28.790000915527344,0.0,28829.0
SAGCEM.NS,180.8300018310547,0.0,180.8300018310547,0.0,186.8000030517578,178.39999389648438,184.39999389648438,0.0,100650.0
SAGILITY.NS,41.88999938964844,0.0,41.88999938964844,0.0,43.41999816894531,41.65999984741211,43.29999923706055,0.0,4096400.0
SAH.NS,85.87000274658203,0.0,85.87000274658203,0.0,92.69999694824219,81.2699966430664,82.38999938964844,0.0,240587.0
SAHAJ.NS,7.849999904632568,0.0,7.849999904632568,0.0,7.849999904632568,7.849999904632568,7.849999904632568,0.0,0.0
SAHAJSOLAR.NS,395.45001220703125,0.0,395.45001220703125,0.0,431.0,390.04998779296875,427.0,0.0,37600.0
SAHANA.NS,1137.550048828125,0.0,1137.550048828125,0.0,1250.1500244140625,1131.1500244140625,1225.0,0.0,57250.0
SAHYADRI.NS,229.89999389648438,0.0,229.89999389648438,0.0,238.07000732421875,225.55999755859375,236.72000122070312,0.0,27891.0
SAIFL.NS,52.849998474121094,0.0,52.849998474121094,0.0,55.400001525878906,52.650001525878906,55.400001525878906,0.0,76000.0
SAIL.NS,113.29000091552734,0.0,113.29000091552734,0.0,116.0,113.0,114.69999694824219,0.0,15469004.0
SAILIFE.NS,739.4500122070312,0.0,739.4500122070312,0.0,755.0,723.0,731.0,0.0,365983.0
SAKAR.NS,222.2899932861328,0.0,222.2899932861328,0.0,235.39999389648438,218.35000610351562,230.0,0.0,34226.0
SAKHTISUG.NS,21.709999084472656,0.0,21.709999084472656,0.0,23.649999618530273,21.510000228881836,23.649999618530273,0.0,1601007.0
SAKSOFT.NS,150.9499969482422,0.0,150.9499969482422,0.0,158.3000030517578,150.00999450683594,155.49000549316406,0.0,286815.0
SAKUMA.NS,2.450000047683716,0.0,2.450000047683716,0.0,2.450000047683716,2.450000047683716,2.450000047683716,0.0,1377120.0
SALASAR.NS,9.470000267028809,0.0,9.470000267028809,0.0,10.550000190734863,9.020000457763672,10.550000190734863,0.0,22124759.0
SALONA.NS,236.0,0.0,236.0,0.0,242.63999938964844,235.9199981689453,236.3000030517578,0.0,73.0
SALSTEEL.NS,18.040000915527344,0.0,18.040000915527344,0.0,19.440000534057617,17.100000381469727,19.059999465942383,0.0,249080.0
SALZERELEC.NS,1080.9000244140625,0.0,1080.9000244140625,0.0,1137.699951171875,1071.0,1106.0,0.0,143189.0
SAMBHAAV.NS,5.53000020980835,0.0,5.53000020980835,0.0,5.550000190734863,5.53000020980835,5.550000190734863,0.0,18713.0
SAMHI.NS,145.5399932861328,0.0,145.5399932861328,0.0,151.5,145.0,146.1999969482422,0.0,2520671.0
SAMPANN.NS,27.899999618530273,0.0,27.899999618530273,0.0,28.75,26.889999389648438,27.31999969482422,0.0,44531.0
SANATHAN.NS,365.5,0.0,365.5,0.0,367.8999938964844,355.6000061035156,362.0,0.0,209374.0
SANCO.NS,2.380000114440918,0.0,2.380000114440918,0.0,2.4200000762939453,2.380000114440918,2.380000114440918,0.0,27068.0
SANDESH.NS,1084.0999755859375,0.0,1084.0999755859375,0.0,1133.449951171875,1051.199951171875,1114.4000244140625,0.0,3898.0
SANDHAR.NS,384.8999938964844,0.0,384.8999938964844,0.0,403.79998779296875,380.54998779296875,397.0,0.0,116258.0
SANDUMA.NS,434.45001220703125,0.0,434.45001220703125,0.0,446.5,432.0,446.0,0.0,253595.0
SANGAMIND.NS,420.1000061035156,0.0,420.1000061035156,0.0,428.5,411.04998779296875,419.0,0.0,45147.0
SANGANI.NS,59.0,0.0,59.0,0.0,59.0,57.900001525878906,57.900001525878906,0.0,9000.0
SANGHIIND.NS,59.06999969482422,0.0,59.06999969482422,0.0,59.81999969482422,58.189998626708984,58.2599983215332,0.0,1071879.0
SANGHVIMOV.NS,233.66000366210938,0.0,233.66000366210938,0.0,244.0,232.47000122070312,239.9499969482422,0.0,500029.0
SANGINITA.NS,10.460000038146973,0.0,10.460000038146973,0.0,11.260000228881836,10.3100004196167,11.260000228881836,0.0,83364.0
SANOFI.NS,5989.64990234375,0.0,5989.64990234375,0.0,6090.0,5945.0,6090.0,0.0,34176.0
SANOFICONR.NS,4750.64990234375,0.0,4750.64990234375,0.0,4769.9501953125,4725.0,4726.0,0.0,3646.0
SANSERA.NS,1210.25,0.0,1210.25,0.0,1250.0,1202.199951171875,1237.800048828125,0.0,49972.0
SANSTAR.NS,89.43000030517578,0.0,89.43000030517578,0.0,93.98999786376953,88.0999984741211,91.9800033569336,0.0,715363.0
SANWARIA.NS,0.36000001430511475,0.0,0.36000001430511475,0.0,0.3700000047683716,0.3499999940395355,0.3700000047683716,0.0,925193.0
SAPPHIRE.NS,290.1499938964844,0.0,290.1499938964844,0.0,302.0,288.45001220703125,302.0,0.0,883730.0
SARDAEN.NS,484.54998779296875,0.0,484.54998779296875,0.0,489.8500061035156,463.8999938964844,479.0,0.0,1399721.0
SAREGAMA.NS,507.54998779296875,0.0,507.54998779296875,0.0,540.0,503.45001220703125,517.25,0.0,430280.0
SARLAPOLY.NS,79.05000305175781,0.0,79.05000305175781,0.0,82.8499984741211,79.0,82.0,0.0,122573.0
SAROJA.NS,42.54999923706055,0.0,42.54999923706055,0.0,42.54999923706055,42.54999923706055,42.54999923706055,0.0,1600.0
SARTELE.NS,261.04998779296875,0.0,261.04998779296875,0.0,273.0,254.89999389648438,254.89999389648438,0.0,408500.0
SARVESHWAR.NS,6.550000190734863,0.0,6.550000190734863,0.0,6.880000114440918,6.510000228881836,6.78000020980835,0.0,3139973.0
SASKEN.NS,1522.9000244140625,0.0,1522.9000244140625,0.0,1669.8499755859375,1515.0,1525.0,0.0,56600.0
SASTASUNDR.NS,236.24000549316406,0.0,236.24000549316406,0.0,242.47999572753906,231.9499969482422,241.47000122070312,0.0,47109.0
SATIA.NS,68.51000213623047,0.0,68.51000213623047,0.0,70.47000122070312,68.12000274658203,70.01000213623047,0.0,377713.0
SATIN.NS,139.52999877929688,0.0,139.52999877929688,0.0,142.75,138.47999572753906,141.99000549316406,0.0,361452.0
SATINDLTD.NS,82.95999908447266,0.0,82.95999908447266,0.0,91.5,81.5,89.5,0.0,904037.0
SATIPOLY.NS,76.75,0.0,76.75,0.0,80.0,75.5999984741211,80.0,0.0,16500.0
SAURASHCEM.NS,75.43000030517578,0.0,75.43000030517578,0.0,80.08000183105469,75.05000305175781,79.8499984741211,0.0,330999.0
SBC.NS,12.449999809265137,0.0,12.449999809265137,0.0,12.579999923706055,12.130000114440918,12.4399995803833,0.0,12103657.0
SBCL.NS,449.79998779296875,0.0,449.79998779296875,0.0,468.5,446.70001220703125,460.70001220703125,0.0,88684.0
SBFC.NS,88.47000122070312,0.0,88.47000122070312,0.0,91.0,88.12999725341797,90.04000091552734,0.0,1855737.0
SBGLP.NS,36.22999954223633,0.0,36.22999954223633,0.0,36.22999954223633,36.22999954223633,36.22999954223633,0.0,1431690.0
SBICARD.NS,868.5999755859375,0.0,868.5999755859375,0.0,878.7999877929688,863.0999755859375,865.0,0.0,1941762.0
SBILIFE.NS,1541.300048828125,0.0,1541.300048828125,0.0,1570.300048828125,1533.449951171875,1564.300048828125,0.0,1106861.0
SBIN.NS,764.0,0.0,764.0,0.0,776.0499877929688,761.4500122070312,772.0,0.0,7709273.0
SCHAEFFLER.NS,3504.64990234375,0.0,3504.64990234375,0.0,3599.89990234375,3490.0,3525.949951171875,0.0,50405.0
SCHAND.NS,171.0,0.0,171.0,0.0,174.0,170.02000427246094,170.39999389648438,0.0,102704.0
SCHNEIDER.NS,661.9000244140625,0.0,661.9000244140625,0.0,693.0,657.7000122070312,684.5999755859375,0.0,306696.0
SCI.NS,166.9600067138672,0.0,166.9600067138672,0.0,176.1999969482422,166.0,175.5,0.0,3603438.0
SCILAL.NS,47.83000183105469,0.0,47.83000183105469,0.0,48.65999984741211,47.2599983215332,47.2599983215332,0.0,1996399.0
SCML.NS,107.69999694824219,0.0,107.69999694824219,0.0,107.69999694824219,107.69999694824219,107.69999694824219,0.0,0.0
SCPL.NS,315.3500061035156,0.0,315.3500061035156,0.0,328.95001220703125,312.5,328.0,0.0,49751.0
SDBL.NS,125.25,0.0,125.25,0.0,127.19000244140625,122.6500015258789,122.69999694824219,0.0,1087790.0
SEAMECLTD.NS,981.2000122070312,0.0,981.2000122070312,0.0,999.3499755859375,953.0499877929688,973.9500122070312,0.0,38550.0
SECL.NS,9.75,0.0,9.75,0.0,9.75,9.350000381469727,9.75,0.0,93750.0
SECMARK.NS,85.29000091552734,0.0,85.29000091552734,0.0,89.0,82.0,86.4000015258789,0.0,4411.0
SECURKLOUD.NS,18.1299991607666,0.0,18.1299991607666,0.0,19.149999618530273,18.1299991607666,19.149999618530273,0.0,83164.0
SEJALLTD.NS,352.3500061035156,0.0,352.3500061035156,0.0,373.25,348.75,373.04998779296875,0.0,5032.0
SEL.NS,309.54998779296875,0.0,309.54998779296875,0.0,309.54998779296875,309.54998779296875,309.54998779296875,0.0,11400.0
SELAN.NS,571.7999877929688,0.0,571.7999877929688,0.0,607.0499877929688,568.0,600.5,0.0,87580.0
SELMC.NS,28.170000076293945,0.0,28.170000076293945,0.0,29.489999771118164,28.15999984741211,29.489999771118164,0.0,17313.0
SEMAC.NS,299.95001220703125,0.0,299.95001220703125,0.0,300.29998779296875,299.8999938964844,300.29998779296875,0.0,2222.0
SENCO.NS,277.04998779296875,0.0,277.04998779296875,0.0,296.70001220703125,276.0,294.95001220703125,0.0,1075574.0
SENORES.NS,578.0999755859375,0.0,578.0999755859375,0.0,595.9000244140625,549.0,580.9000244140625,0.0,2598363.0
SEPC.NS,14.140000343322754,0.0,14.140000343322754,0.0,15.199999809265137,14.0600004196167,15.020000457763672,0.0,15271666.0
SEQUENT.NS,133.4499969482422,0.0,133.4499969482422,0.0,139.39999389648438,131.0,136.7899932861328,0.0,1057294.0
SERVICE.NS,59.04999923706055,0.0,59.04999923706055,0.0,60.0,59.04999923706055,60.0,0.0,8000.0
SERVOTECH.NS,121.29000091552734,0.0,121.29000091552734,0.0,128.33999633789062,120.30000305175781,126.6500015258789,0.0,518034.0
SESHAPAPER.NS,266.29998779296875,0.0,266.29998779296875,0.0,274.04998779296875,263.0,272.70001220703125,0.0,21843.0
SETCO.NS,21.260000228881836,0.0,21.260000228881836,0.0,21.260000228881836,21.260000228881836,21.260000228881836,0.0,234323.0
SETUINFRA.NS,0.5199999809265137,0.0,0.5199999809265137,0.0,0.5600000023841858,0.5199999809265137,0.5299999713897705,0.0,167000.0
SFL.NS,723.4500122070312,0.0,723.4500122070312,0.0,749.4000244140625,711.9500122070312,748.0999755859375,0.0,78885.0
SGIL.NS,395.5,0.0,395.5,0.0,405.0,392.70001220703125,400.1000061035156,0.0,13455.0
SGL.NS,10.960000038146973,0.0,10.960000038146973,0.0,11.399999618530273,10.899999618530273,11.399999618530273,0.0,13401.0
SGLTL.NS,143.67999267578125,0.0,143.67999267578125,0.0,148.19000244140625,141.14999389648438,145.97999572753906,0.0,890922.0
SHAHALLOYS.NS,45.47999954223633,0.0,45.47999954223633,0.0,47.439998626708984,44.20000076293945,45.900001525878906,0.0,95207.0
SHAILY.NS,1848.75,0.0,1848.75,0.0,1940.0,1775.1500244140625,1908.0,0.0,110187.0
SHAIVAL.NS,30.5,0.0,30.5,0.0,30.5,30.5,30.5,0.0,0.0
SHAKTIPUMP.NS,934.9500122070312,0.0,934.9500122070312,0.0,984.0,924.9500122070312,941.2000122070312,0.0,235631.0
SHALBY.NS,193.75,0.0,193.75,0.0,199.75999450683594,191.14999389648438,198.30999755859375,0.0,169686.0
SHALPAINTS.NS,99.2699966430664,0.0,99.2699966430664,0.0,105.66000366210938,98.5,104.55000305175781,0.0,354906.0
SHANKARA.NS,582.0499877929688,0.0,582.0499877929688,0.0,618.7999877929688,577.0999755859375,585.5,0.0,71489.0
SHANTHALA.NS,24.850000381469727,0.0,24.850000381469727,0.0,25.850000381469727,24.850000381469727,24.850000381469727,0.0,37200.0
SHANTI.NS,14.600000381469727,0.0,14.600000381469727,0.0,15.449999809265137,14.600000381469727,15.449999809265137,0.0,33558.0
SHANTIGEAR.NS,469.3999938964844,0.0,469.3999938964844,0.0,485.3999938964844,469.0,475.0,0.0,22695.0
SHARDACROP.NS,562.4000244140625,0.0,562.4000244140625,0.0,582.9500122070312,558.6500244140625,576.0,0.0,95140.0
SHARDAMOTR.NS,1615.3499755859375,0.0,1615.3499755859375,0.0,1715.0,1607.0,1715.0,0.0,124226.0
SHAREINDIA.NS,163.05999755859375,0.0,163.05999755859375,0.0,173.41000366210938,161.5,172.0,0.0,1070435.0
SHEETAL.NS,89.0999984741211,0.0,89.0999984741211,0.0,90.5999984741211,88.0,90.5,0.0,46000.0
SHEKHAWATI.NS,23.459999084472656,0.0,23.459999084472656,0.0,24.59000015258789,22.239999771118164,23.989999771118164,0.0,32758.0
SHEMAROO.NS,99.56999969482422,0.0,99.56999969482422,0.0,107.9000015258789,98.5,105.8499984741211,0.0,79176.0
SHERA.NS,156.64999389648438,0.0,156.64999389648438,0.0,163.0,156.0,162.60000610351562,0.0,46000.0
SHIGAN.NS,70.8499984741211,0.0,70.8499984741211,0.0,72.0,69.19999694824219,69.19999694824219,0.0,52500.0
SHILPAMED.NS,670.4000244140625,0.0,670.4000244140625,0.0,681.0,662.9500122070312,675.0,0.0,160745.0
SHIVALIK.NS,635.3499755859375,0.0,635.3499755859375,0.0,644.7999877929688,614.5999755859375,631.0,0.0,41354.0
SHIVAMAUTO.NS,26.3700008392334,0.0,26.3700008392334,0.0,28.290000915527344,26.100000381469727,28.0,0.0,869118.0
SHIVAMILLS.NS,70.6500015258789,0.0,70.6500015258789,0.0,74.4000015258789,69.51000213623047,74.4000015258789,0.0,10813.0
SHIVATEX.NS,177.52999877929688,0.0,177.52999877929688,0.0,192.14999389648438,175.10000610351562,192.14999389648438,0.0,9605.0
SHIVAUM.NS,250.0,0.0,250.0,0.0,250.0,250.0,250.0,0.0,0.0
SHK.NS,177.3300018310547,0.0,177.3300018310547,0.0,185.85000610351562,176.5399932861328,182.80999755859375,0.0,410412.0
SHOPERSTOP.NS,513.4000244140625,0.0,513.4000244140625,0.0,517.7999877929688,494.0,507.0,0.0,51121.0
SHRADHA.NS,63.150001525878906,0.0,63.150001525878906,0.0,64.41999816894531,63.150001525878906,64.41999816894531,0.0,7292.0
SHREDIGCEM.NS,69.41999816894531,0.0,69.41999816894531,0.0,71.08999633789062,69.0,70.44000244140625,0.0,397469.0
SHREECEM.NS,29931.099609375,0.0,29931.099609375,0.0,30032.900390625,29451.0,29555.099609375,0.0,24799.0
SHREEKARNI.NS,663.6500244140625,0.0,663.6500244140625,0.0,677.2000122070312,663.6500244140625,663.6500244140625,0.0,1050.0
SHREEOSFM.NS,94.44999694824219,0.0,94.44999694824219,0.0,98.0999984741211,92.94999694824219,93.0,0.0,36000.0
SHREEPUSHK.NS,280.45001220703125,0.0,280.45001220703125,0.0,289.1499938964844,279.29998779296875,280.95001220703125,0.0,79545.0
SHREERAMA.NS,33.20000076293945,0.0,33.20000076293945,0.0,33.20000076293945,33.20000076293945,33.20000076293945,0.0,47284.0
SHREMINVIT.NS,104.05000305175781,0.0,104.05000305175781,0.0,104.05000305175781,104.05000305175781,104.05000305175781,0.0,25000.0
SHRENIK.NS,0.5799999833106995,0.0,0.5799999833106995,0.0,0.6200000047683716,0.5799999833106995,0.6200000047683716,0.0,1293798.0
SHREYANIND.NS,167.50999450683594,0.0,167.50999450683594,0.0,177.8000030517578,167.0,177.8000030517578,0.0,16124.0
SHRIPISTON.NS,1823.300048828125,0.0,1823.300048828125,0.0,1900.0,1816.4000244140625,1899.5,0.0,34849.0
SHRIRAMFIN.NS,672.0,0.0,672.0,0.0,680.9000244140625,669.25,678.7999877929688,0.0,4792102.0
SHRIRAMPPS.NS,70.94000244140625,0.0,70.94000244140625,0.0,73.58999633789062,70.33999633789062,72.05000305175781,0.0,2218690.0
SHRITECH.NS,73.75,0.0,73.75,0.0,73.8499984741211,73.75,73.8499984741211,0.0,4000.0
SHUBHLAXMI.NS,20.75,0.0,20.75,0.0,21.0,19.950000762939453,21.0,0.0,74000.0
SHYAMCENT.NS,7.46999979019165,0.0,7.46999979019165,0.0,7.820000171661377,7.360000133514404,7.400000095367432,0.0,445006.0
SHYAMMETL.NS,855.4500122070312,0.0,855.4500122070312,0.0,865.25,849.1500244140625,855.0499877929688,0.0,201601.0
SHYAMTEL.NS,13.5,0.0,13.5,0.0,13.899999618530273,12.649999618530273,13.3100004196167,0.0,5688.0
SICALLOG.NS,88.02999877929688,0.0,88.02999877929688,0.0,92.0,88.0,91.0,0.0,30526.0
SIDDHIKA.NS,170.5500030517578,0.0,170.5500030517578,0.0,170.5500030517578,170.0,170.0,0.0,2000.0
SIEMENS.NS,5418.25,0.0,5418.25,0.0,5520.0,5201.0,5300.0,0.0,2779952.0
SIGACHI.NS,35.970001220703125,0.0,35.970001220703125,0.0,37.709999084472656,35.79999923706055,37.54999923706055,0.0,1739287.0
SIGIND.NS,51.209999084472656,0.0,51.209999084472656,0.0,53.65999984741211,50.11000061035156,51.0,0.0,65364.0
SIGMA.NS,253.10000610351562,0.0,253.10000610351562,0.0,260.3500061035156,250.0500030517578,250.10000610351562,0.0,31553.0
SIGNATURE.NS,1141.25,0.0,1141.25,0.0,1158.0,1135.0999755859375,1150.0,0.0,467389.0
SIGNORIA.NS,65.80000305175781,0.0,65.80000305175781,0.0,69.94999694824219,65.5999984741211,69.94999694824219,0.0,24000.0
SIGNPOST.NS,257.7699890136719,0.0,257.7699890136719,0.0,266.8500061035156,254.00999450683594,262.9800109863281,0.0,37979.0
SIKKO.NS,74.16000366210938,0.0,74.16000366210938,0.0,77.2699966430664,74.0,76.05000305175781,0.0,106016.0
SIL.NS,19.8799991607666,0.0,19.8799991607666,0.0,21.399999618530273,19.31999969482422,20.530000686645508,0.0,143011.0
SILGO.NS,45.779998779296875,0.0,45.779998779296875,0.0,47.0,45.0,46.79999923706055,0.0,109256.0
SILINV.NS,567.7999877929688,0.0,567.7999877929688,0.0,580.0,545.0,576.0,0.0,10155.0
SILKFLEX.NS,75.30000305175781,0.0,75.30000305175781,0.0,78.5,75.30000305175781,78.5,0.0,20000.0
SILLYMONKS.NS,14.75,0.0,14.75,0.0,15.989999771118164,14.3100004196167,15.90999984741211,0.0,26839.0
SILVERTUC.NS,650.7999877929688,0.0,650.7999877929688,0.0,655.0,647.0499877929688,653.7000122070312,0.0,9738.0
SIMBHALS.NS,13.199999809265137,0.0,13.199999809265137,0.0,14.550000190734863,13.199999809265137,13.260000228881836,0.0,109121.0
SIMPLEXINF.NS,304.3999938964844,0.0,304.3999938964844,0.0,320.0,301.25,309.70001220703125,0.0,97384.0
SINCLAIR.NS,85.94000244140625,0.0,85.94000244140625,0.0,88.4000015258789,85.0999984741211,87.12999725341797,0.0,69389.0
SINDHUTRAD.NS,17.989999771118164,0.0,17.989999771118164,0.0,19.0,17.850000381469727,18.709999084472656,0.0,557883.0
SINTERCOM.NS,127.77999877929688,0.0,127.77999877929688,0.0,134.05999755859375,124.5199966430664,128.14999389648438,0.0,6101.0
SIRCA.NS,244.4499969482422,0.0,244.4499969482422,0.0,260.20001220703125,240.8000030517578,257.8999938964844,0.0,182093.0
SIS.NS,330.45001220703125,0.0,330.45001220703125,0.0,339.0,327.95001220703125,329.79998779296875,0.0,305278.0
SITINET.NS,0.49000000953674316,0.0,0.49000000953674316,0.0,0.5199999809265137,0.49000000953674316,0.5,0.0,1863762.0
SIYSIL.NS,642.75,0.0,642.75,0.0,663.5,640.25,648.6500244140625,0.0,85192.0
SJLOGISTIC.NS,519.9000244140625,0.0,519.9000244140625,0.0,559.0,517.0,557.9000244140625,0.0,28250.0
SJS.NS,879.75,0.0,879.75,0.0,891.1500244140625,871.0999755859375,880.0,0.0,62208.0
SJVN.NS,91.52999877929688,0.0,91.52999877929688,0.0,94.80999755859375,91.30000305175781,93.9000015258789,0.0,7444357.0
SKFINDIA.NS,3821.85009765625,0.0,3821.85009765625,0.0,3856.0,3790.0,3856.0,0.0,82112.0
SKIPPER.NS,454.8500061035156,0.0,454.8500061035156,0.0,475.20001220703125,452.3500061035156,462.0,0.0,637633.0
SKMEGGPROD.NS,165.9199981689453,0.0,165.9199981689453,0.0,173.5,165.0,171.5,0.0,118420.0
SKP.NS,248.5,0.0,248.5,0.0,249.89999389648438,244.0,249.89999389648438,0.0,1500.0
SKYGOLD.NS,316.3999938964844,0.0,316.3999938964844,0.0,329.79998779296875,313.0,320.1000061035156,0.0,270777.0
SLONE.NS,252.6999969482422,0.0,252.6999969482422,0.0,279.29998779296875,252.6999969482422,279.0,0.0,9600.0
SMARTLINK.NS,132.91000366210938,0.0,132.91000366210938,0.0,137.69000244140625,132.0,133.83999633789062,0.0,9133.0
SMCGLOBAL.NS,105.91999816894531,0.0,105.91999816894531,0.0,112.5,105.25,110.0,0.0,352854.0
SMLISUZU.NS,1632.050048828125,0.0,1632.050048828125,0.0,1710.0,1605.199951171875,1675.0,0.0,208997.0
SMLT.NS,110.44999694824219,0.0,110.44999694824219,0.0,117.33000183105469,109.55000305175781,113.5,0.0,26748.0
SMSLIFE.NS,1128.75,0.0,1128.75,0.0,1165.0,1026.0,1051.75,0.0,8975.0
SMSPHARMA.NS,210.66000366210938,0.0,210.66000366210938,0.0,222.10000610351562,207.2100067138672,220.0,0.0,150804.0
SMVD.NS,11.350000381469727,0.0,11.350000381469727,0.0,11.350000381469727,10.800000190734863,10.800000190734863,0.0,56560.0
SNOWMAN.NS,45.060001373291016,0.0,45.060001373291016,0.0,47.720001220703125,44.900001525878906,46.97999954223633,0.0,797487.0
SOBHA.NS,1203.8499755859375,0.0,1203.8499755859375,0.0,1256.699951171875,1194.5,1241.0,0.0,293379.0
SOFTTECH.NS,338.5,0.0,338.5,0.0,338.6000061035156,338.5,338.6000061035156,0.0,114.0
SOLARA.NS,512.0999755859375,0.0,512.0999755859375,0.0,533.7999877929688,510.29998779296875,533.7999877929688,0.0,69175.0
SOLARINDS.NS,10981.400390625,0.0,10981.400390625,0.0,11067.0,10721.0498046875,10750.0,0.0,105498.0
SOMANYCERA.NS,420.75,0.0,420.75,0.0,435.29998779296875,416.5,430.1000061035156,0.0,71803.0
SOMATEX.NS,36.900001525878906,0.0,36.900001525878906,0.0,38.47999954223633,35.81999969482422,38.13999938964844,0.0,27182.0
SOMICONVEY.NS,178.9199981689453,0.0,178.9199981689453,0.0,184.3699951171875,176.50999450683594,182.99000549316406,0.0,14104.0
SONACOMS.NS,496.95001220703125,0.0,496.95001220703125,0.0,503.8500061035156,494.6000061035156,497.0,0.0,2852739.0
SONAMAC.NS,83.94999694824219,0.0,83.94999694824219,0.0,91.3499984741211,82.0,91.3499984741211,0.0,65000.0
SONAMLTD.NS,43.31999969482422,0.0,43.31999969482422,0.0,44.400001525878906,42.099998474121094,42.86000061035156,0.0,543031.0
SONATSOFTW.NS,360.04998779296875,0.0,360.04998779296875,0.0,373.25,357.54998779296875,371.0,0.0,573622.0
SONUINFRA.NS,106.9000015258789,0.0,106.9000015258789,0.0,106.9000015258789,106.9000015258789,106.9000015258789,0.0,0.0
SOTAC.NS,135.0,0.0,135.0,0.0,135.0,135.0,135.0,0.0,2400.0
SOTL.NS,382.6000061035156,0.0,382.6000061035156,0.0,401.6000061035156,380.70001220703125,397.0,0.0,55047.0
SOUTHBANK.NS,23.549999237060547,0.0,23.549999237060547,0.0,24.0,23.5,23.84000015258789,0.0,10808179.0
SOUTHWEST.NS,102.83000183105469,0.0,102.83000183105469,0.0,109.33000183105469,101.4000015258789,109.01000213623047,0.0,87244.0
SPAL.NS,633.0999755859375,0.0,633.0999755859375,0.0,652.1500244140625,628.0,650.0,0.0,78763.0
SPANDANA.NS,240.9499969482422,0.0,240.9499969482422,0.0,251.85000610351562,239.64999389648438,249.64999389648438,0.0,667713.0
SPARC.NS,147.7100067138672,0.0,147.7100067138672,0.0,154.9499969482422,141.10000610351562,153.0,0.0,2166422.0
SPCENET.NS,6.630000114440918,0.0,6.630000114440918,0.0,7.230000019073486,6.539999961853027,7.0,0.0,3180784.0
SPCL.NS,120.4000015258789,0.0,120.4000015258789,0.0,132.6999969482422,120.0999984741211,129.1999969482422,0.0,128400.0
SPECIALITY.NS,141.47999572753906,0.0,141.47999572753906,0.0,145.17999267578125,140.00999450683594,143.25,0.0,38311.0
SPECTRUM.NS,1831.9000244140625,0.0,1831.9000244140625,0.0,1847.9000244140625,1740.0,1751.0,0.0,14500.0
SPECTSTM.NS,154.9499969482422,0.0,154.9499969482422,0.0,156.89999389648438,153.0,156.89999389648438,0.0,36000.0
SPENCERS.NS,64.5199966430664,0.0,64.5199966430664,0.0,67.4000015258789,64.19999694824219,65.98999786376953,0.0,328512.0
SPIC.NS,81.08000183105469,0.0,81.08000183105469,0.0,83.33999633789062,79.56999969482422,81.30000305175781,0.0,539863.0
SPLIL.NS,35.689998626708984,0.0,35.689998626708984,0.0,38.0,34.70000076293945,37.650001525878906,0.0,38363.0
SPLPETRO.NS,645.7999877929688,0.0,645.7999877929688,0.0,663.75,642.8499755859375,662.1500244140625,0.0,60022.0
SPMLINFRA.NS,154.0,0.0,154.0,0.0,164.7899932861328,152.25,159.39999389648438,0.0,517750.0
SPORTKING.NS,79.11000061035156,0.0,79.11000061035156,0.0,82.0,78.41000366210938,82.0,0.0,177386.0
SPRL.NS,120.0,0.0,120.0,0.0,120.0,120.0,120.0,0.0,800.0
SRD.NS,53.95000076293945,0.0,53.95000076293945,0.0,58.0,53.349998474121094,57.02000045776367,0.0,234672.0
SREEL.NS,224.05999755859375,0.0,224.05999755859375,0.0,233.82000732421875,222.0399932861328,233.82000732421875,0.0,9380.0
SRF.NS,2893.89990234375,0.0,2893.89990234375,0.0,2968.5,2808.300048828125,2937.10009765625,0.0,778882.0
SRGHFL.NS,312.3999938964844,0.0,312.3999938964844,0.0,323.25,302.6000061035156,323.25,0.0,5531.0
SRHHYPOLTD.NS,500.6499938964844,0.0,500.6499938964844,0.0,523.9500122070312,496.3500061035156,515.4000244140625,0.0,25031.0
SRIVASAVI.NS,72.0999984741211,0.0,72.0999984741211,0.0,75.5,71.9000015258789,75.5,0.0,22000.0
SRM.NS,326.25,0.0,326.25,0.0,336.5,312.1000061035156,320.5,0.0,23736.0
SRPL.NS,1.059999942779541,0.0,1.059999942779541,0.0,1.159999966621399,1.059999942779541,1.1299999952316284,0.0,367574.0
SSDL.NS,86.12000274658203,0.0,86.12000274658203,0.0,91.91999816894531,85.01000213623047,91.0999984741211,0.0,220355.0
SSFL.NS,169.0,0.0,169.0,0.0,170.89999389648438,164.0,167.5500030517578,0.0,24500.0
SSWL.NS,187.88999938964844,0.0,187.88999938964844,0.0,190.39999389648438,184.66000366210938,190.39999389648438,0.0,245102.0
STANLEY.NS,330.6499938964844,0.0,330.6499938964844,0.0,343.1000061035156,327.95001220703125,336.3999938964844,0.0,138231.0
STAR.NS,682.1500244140625,0.0,682.1500244140625,0.0,704.75,672.2000122070312,692.0,0.0,298705.0
STARCEMENT.NS,212.80999755859375,0.0,212.80999755859375,0.0,216.0,212.0,215.4499969482422,0.0,195767.0
STARHEALTH.NS,353.04998779296875,0.0,353.04998779296875,0.0,354.95001220703125,340.04998779296875,345.1000061035156,0.0,1518445.0
STARPAPER.NS,160.8300018310547,0.0,160.8300018310547,0.0,168.4499969482422,160.02999877929688,165.47999572753906,0.0,18776.0
STARTECK.NS,284.79998779296875,0.0,284.79998779296875,0.0,295.29998779296875,281.0,295.29998779296875,0.0,9082.0
STCINDIA.NS,117.70999908447266,0.0,117.70999908447266,0.0,124.16000366210938,112.75,114.81999969482422,0.0,205963.0
STEELCAS.NS,990.3499755859375,0.0,990.3499755859375,0.0,1014.8499755859375,972.9000244140625,972.9000244140625,0.0,6589.0
STEELCITY.NS,100.7300033569336,0.0,100.7300033569336,0.0,103.62000274658203,100.4000015258789,103.0,0.0,9582.0
STEELXIND.NS,8.199999809265137,0.0,8.199999809265137,0.0,8.9399995803833,8.100000381469727,8.609999656677246,0.0,3499005.0
STEL.NS,400.3999938964844,0.0,400.3999938964844,0.0,418.45001220703125,400.3999938964844,418.45001220703125,0.0,1984.0
STERTOOLS.NS,317.0,0.0,317.0,0.0,340.1000061035156,314.54998779296875,335.0,0.0,218330.0
STLTECH.NS,80.77999877929688,0.0,80.77999877929688,0.0,84.05000305175781,80.51000213623047,83.41999816894531,0.0,2184823.0
STOVEKRAFT.NS,735.5,0.0,735.5,0.0,765.0,732.0,758.0,0.0,33965.0
STYLAMIND.NS,1619.0,0.0,1619.0,0.0,1806.199951171875,1609.449951171875,1720.949951171875,0.0,257545.0
STYLEBAAZA.NS,226.02999877929688,0.0,226.02999877929688,0.0,232.0,222.0,232.0,0.0,355742.0
SUBEXLTD.NS,11.850000381469727,0.0,11.850000381469727,0.0,12.819999694824219,11.550000190734863,12.640000343322754,0.0,8865812.0
SUBROS.NS,571.9500122070312,0.0,571.9500122070312,0.0,601.2000122070312,564.0999755859375,593.0,0.0,46605.0
SUDARSCHEM.NS,979.5999755859375,0.0,979.5999755859375,0.0,989.0,952.1500244140625,967.0,0.0,146436.0
SUKHJITS.NS,187.86000061035156,0.0,187.86000061035156,0.0,194.0,186.52000427246094,192.39999389648438,0.0,47859.0
SULA.NS,268.75,0.0,268.75,0.0,279.75,266.54998779296875,278.25,0.0,527036.0
SUMICHEM.NS,534.0999755859375,0.0,534.0999755859375,0.0,537.0,522.2999877929688,527.0,0.0,151728.0
SUMIT.NS,95.76000213623047,0.0,95.76000213623047,0.0,98.4000015258789,92.79000091552734,93.69999694824219,0.0,57650.0
SUMMITSEC.NS,1911.4000244140625,0.0,1911.4000244140625,0.0,1990.0,1901.0,1976.0,0.0,14265.0
SUNCLAY.NS,2127.550048828125,0.0,2127.550048828125,0.0,2225.949951171875,2061.0,2164.300048828125,0.0,38094.0
SUNDARAM.NS,2.0199999809265137,0.0,2.0199999809265137,0.0,2.059999942779541,2.009999990463257,2.0299999713897705,0.0,1387018.0
SUNDARMFIN.NS,4832.9501953125,0.0,4832.9501953125,0.0,4885.0,4753.0498046875,4793.5,0.0,116397.0
SUNDARMHLD.NS,306.2799987792969,0.0,306.2799987792969,0.0,323.0,305.3500061035156,320.1000061035156,0.0,153611.0
SUNDRMBRAK.NS,777.9000244140625,0.0,777.9000244140625,0.0,829.8499755859375,765.0,791.7999877929688,0.0,5121.0
SUNDRMFAST.NS,944.9000244140625,0.0,944.9000244140625,0.0,955.0,938.5999755859375,946.0,0.0,106882.0
SUNFLAG.NS,229.77000427246094,0.0,229.77000427246094,0.0,244.99000549316406,229.3000030517578,243.0,0.0,150604.0
SUNPHARMA.NS,1758.949951171875,0.0,1758.949951171875,0.0,1770.800048828125,1746.0999755859375,1767.949951171875,0.0,1762271.0
SUNREST.NS,58.400001525878906,0.0,58.400001525878906,0.0,58.400001525878906,58.400001525878906,58.400001525878906,0.0,0.0
SUNTECK.NS,386.3999938964844,0.0,386.3999938964844,0.0,401.8500061035156,384.6499938964844,395.29998779296875,0.0,191954.0
SUNTV.NS,644.4000244140625,0.0,644.4000244140625,0.0,673.5,641.0,661.2999877929688,0.0,268502.0
SUPERHOUSE.NS,146.27000427246094,0.0,146.27000427246094,0.0,151.5,145.10000610351562,150.8000030517578,0.0,10040.0
SUPERSPIN.NS,11.170000076293945,0.0,11.170000076293945,0.0,11.789999961853027,10.859999656677246,11.430000305175781,0.0,142064.0
SUPRAJIT.NS,392.3999938964844,0.0,392.3999938964844,0.0,410.79998779296875,390.6000061035156,410.79998779296875,0.0,72830.0
SUPREMEENG.NS,1.8300000429153442,0.0,1.8300000429153442,0.0,1.8300000429153442,1.8300000429153442,1.8300000429153442,0.0,225259.0
SUPREMEIND.NS,3415.800048828125,0.0,3415.800048828125,0.0,3485.199951171875,3400.0,3462.5,0.0,168002.0
SUPREMEINF.NS,106.91999816894531,0.0,106.91999816894531,0.0,106.91999816894531,106.88999938964844,106.91999816894531,0.0,58985.0
SUPREMEPWR.NS,117.6500015258789,0.0,117.6500015258789,0.0,129.9499969482422,117.6500015258789,128.0,0.0,169500.0
SUPRIYA.NS,743.1500244140625,0.0,743.1500244140625,0.0,763.5,728.2000122070312,732.3499755859375,0.0,327091.0
SURAJEST.NS,313.20001220703125,0.0,313.20001220703125,0.0,333.04998779296875,308.25,318.79998779296875,0.0,171703.0
SURAJLTD.NS,399.0,0.0,399.0,0.0,402.45001220703125,396.0,400.0,0.0,16938.0
SURAKSHA.NS,265.45001220703125,0.0,265.45001220703125,0.0,279.0,263.75,278.0,0.0,103951.0
SURANASOL.NS,33.0,0.0,33.0,0.0,34.5099983215332,32.81999969482422,33.849998474121094,0.0,169277.0
SURANAT&P.NS,19.469999313354492,0.0,19.469999313354492,0.0,19.969999313354492,19.190000534057617,19.969999313354492,0.0,124912.0
SURANI.NS,120.5,0.0,120.5,0.0,122.0,119.69999694824219,122.0,0.0,11800.0
SURYALAXMI.NS,61.310001373291016,0.0,61.310001373291016,0.0,65.0,61.0099983215332,65.0,0.0,22943.0
SURYAROSNI.NS,243.80999755859375,0.0,243.80999755859375,0.0,255.7100067138672,243.11000061035156,250.25,0.0,515911.0
SURYODAY.NS,101.5,0.0,101.5,0.0,104.48999786376953,101.12000274658203,103.4000015258789,0.0,637946.0
SUTLEJTEX.NS,35.880001068115234,0.0,35.880001068115234,0.0,39.0,35.869998931884766,37.7599983215332,0.0,136045.0
SUULD.NS,2.4100000858306885,0.0,2.4100000858306885,0.0,2.5999999046325684,2.4100000858306885,2.4100000858306885,0.0,65302.0
SUVEN.NS,116.38999938964844,0.0,116.38999938964844,0.0,122.38999938964844,115.4000015258789,120.0,0.0,294573.0
SUVENPHAR.NS,1113.0999755859375,0.0,1113.0999755859375,0.0,1168.1500244140625,1077.0,1149.949951171875,0.0,564125.0
SUVIDHAA.NS,4.460000038146973,0.0,4.460000038146973,0.0,4.71999979019165,4.449999809265137,4.570000171661377,0.0,1277188.0
SUYOG.NS,842.5,0.0,842.5,0.0,890.0,835.0,872.9500122070312,0.0,34540.0
SUZLON.NS,57.43000030517578,0.0,57.43000030517578,0.0,58.630001068115234,56.29999923706055,57.900001525878906,0.0,52227196.0
SVLL.NS,415.6499938964844,0.0,415.6499938964844,0.0,433.45001220703125,396.0,433.45001220703125,0.0,24397.0
SVPGLOB.NS,2.950000047683716,0.0,2.950000047683716,0.0,3.0,2.950000047683716,3.0,0.0,133780.0
SWANENERGY.NS,429.45001220703125,0.0,429.45001220703125,0.0,453.8999938964844,426.3999938964844,445.5,0.0,3234624.0
SWARAJ.NS,165.9499969482422,0.0,165.9499969482422,0.0,183.0,165.0,178.0,0.0,88000.0
SWARAJENG.NS,3845.64990234375,0.0,3845.64990234375,0.0,3900.0,3786.39990234375,3840.85009765625,0.0,10067.0
SWASTIK.NS,43.5,0.0,43.5,0.0,47.29999923706055,43.349998474121094,47.29999923706055,0.0,52800.0
SWELECTES.NS,564.5,0.0,564.5,0.0,564.5,564.5,564.5,0.0,3448.0
SWIGGY.NS,323.8500061035156,0.0,323.8500061035156,0.0,336.0,321.20001220703125,330.70001220703125,0.0,7487596.0
SWSOLAR.NS,249.64999389648438,0.0,249.64999389648438,0.0,263.0,247.0500030517578,262.0,0.0,3538801.0
SYLVANPLY.NS,66.4000015258789,0.0,66.4000015258789,0.0,68.25,66.19999694824219,68.0999984741211,0.0,52000.0
SYMPHONY.NS,1139.9000244140625,0.0,1139.9000244140625,0.0,1152.550048828125,1130.0999755859375,1135.3499755859375,0.0,67855.0
SYNCOMF.NS,16.93000030517578,0.0,16.93000030517578,0.0,17.90999984741211,16.799999237060547,17.700000762939453,0.0,2388625.0
SYNGENE.NS,720.2000122070312,0.0,720.2000122070312,0.0,730.4000244140625,710.1500244140625,714.3499755859375,0.0,706645.0
SYNOPTICS.NS,95.80000305175781,0.0,95.80000305175781,0.0,98.0,95.6500015258789,98.0,0.0,7800.0
SYRMA.NS,469.8999938964844,0.0,469.8999938964844,0.0,490.29998779296875,468.0,490.29998779296875,0.0,774036.0
SYSTANGO.NS,206.9499969482422,0.0,206.9499969482422,0.0,213.35000610351562,206.0,213.10000610351562,0.0,28800.0
TAC.NS,1247.0,0.0,1247.0,0.0,1349.0999755859375,1232.050048828125,1349.0999755859375,0.0,22400.0
TAINWALCHM.NS,228.83999633789062,0.0,228.83999633789062,0.0,239.39999389648438,227.00999450683594,230.75,0.0,6428.0
TAJGVK.NS,474.29998779296875,0.0,474.29998779296875,0.0,482.0,468.79998779296875,470.95001220703125,0.0,313477.0
TAKE.NS,7.420000076293945,0.0,7.420000076293945,0.0,7.949999809265137,7.420000076293945,7.820000171661377,0.0,299848.0
TALBROAUTO.NS,256.4599914550781,0.0,256.4599914550781,0.0,271.5799865722656,254.0399932861328,266.79998779296875,0.0,151580.0
TANLA.NS,482.54998779296875,0.0,482.54998779296875,0.0,503.25,478.0,496.95001220703125,0.0,733320.0
TAPIFRUIT.NS,76.0,0.0,76.0,0.0,79.8499984741211,76.0,79.80000305175781,0.0,3000.0
TARACHAND.NS,63.36000061035156,0.0,63.36000061035156,0.0,63.36000061035156,63.36000061035156,63.36000061035156,0.0,28029.0
TARAPUR.NS,35.349998474121094,0.0,35.349998474121094,0.0,35.349998474121094,35.349998474121094,35.349998474121094,0.0,9235.0
TARC.NS,123.70999908447266,0.0,123.70999908447266,0.0,127.98999786376953,121.0,121.0,0.0,1145891.0
TARIL.NS,489.79998779296875,0.0,489.79998779296875,0.0,522.25,488.45001220703125,517.0,0.0,849863.0
TARMAT.NS,52.099998474121094,0.0,52.099998474121094,0.0,55.77000045776367,51.0,54.95000076293945,0.0,94805.0
TARSONS.NS,310.29998779296875,0.0,310.29998779296875,0.0,329.75,305.1000061035156,326.0,0.0,97412.0
TASTYBITE.NS,8464.650390625,0.0,8464.650390625,0.0,8790.0,8429.599609375,8510.099609375,0.0,6295.0
TATACHEM.NS,850.9000244140625,0.0,850.9000244140625,0.0,861.0,847.75,857.0,0.0,647877.0
TATACOMM.NS,1604.949951171875,0.0,1604.949951171875,0.0,1608.8499755859375,1577.300048828125,1586.5,0.0,278569.0
TATACONSUM.NS,959.6500244140625,0.0,959.6500244140625,0.0,976.2999877929688,956.9500122070312,975.0,0.0,1398869.0
TATAELXSI.NS,5567.0,0.0,5567.0,0.0,5625.0,5474.89990234375,5520.0,0.0,218222.0
TATAINVEST.NS,6263.35009765625,0.0,6263.35009765625,0.0,6447.9501953125,6226.0,6386.0,0.0,42816.0
TATAMOTORS.NS,708.25,0.0,708.25,0.0,717.8499755859375,707.0,710.2999877929688,0.0,9362020.0
TATAPOWER.NS,376.0,0.0,376.0,0.0,381.0,374.6000061035156,377.1000061035156,0.0,8046588.0
TATASTEEL.NS,155.80999755859375,0.0,155.80999755859375,0.0,157.5399932861328,155.00999450683594,156.1999969482422,0.0,23180006.0
TATATECH.NS,700.0999755859375,0.0,700.0999755859375,0.0,706.5499877929688,687.5999755859375,703.0,0.0,2490867.0
TATVA.NS,707.9000244140625,0.0,707.9000244140625,0.0,733.9000244140625,705.0,707.9000244140625,0.0,63122.0
TBI.NS,85.75,0.0,85.75,0.0,90.0,85.19999694824219,90.0,0.0,80400.0
TBOTEK.NS,1196.6500244140625,0.0,1196.6500244140625,0.0,1200.6500244140625,1173.8499755859375,1193.0999755859375,0.0,202226.0
TBZ.NS,173.42999267578125,0.0,173.42999267578125,0.0,181.97000122070312,172.5,181.0,0.0,158403.0
TCI.NS,1086.199951171875,0.0,1086.199951171875,0.0,1115.0,1062.5,1115.0,0.0,157536.0
TCIEXP.NS,646.6500244140625,0.0,646.6500244140625,0.0,674.6500244140625,642.7000122070312,660.0,0.0,46053.0
TCIFINANCE.NS,12.109999656677246,0.0,12.109999656677246,0.0,12.720000267028809,12.079999923706055,12.720000267028809,0.0,21697.0
TCL.NS,82.05000305175781,0.0,82.05000305175781,0.0,90.0,79.0,81.25,0.0,324000.0
TCLCONS.NS,32.779998779296875,0.0,32.779998779296875,0.0,34.88999938964844,32.709999084472656,34.439998626708984,0.0,68202.0
TCPLPACK.NS,4654.89990234375,0.0,4654.89990234375,0.0,4900.0,4461.2998046875,4650.60009765625,0.0,43672.0
TCS.NS,3635.800048828125,0.0,3635.800048828125,0.0,3680.5,3625.85009765625,3647.75,0.0,1734218.0
TDPOWERSYS.NS,410.70001220703125,0.0,410.70001220703125,0.0,424.6499938964844,407.1000061035156,419.95001220703125,0.0,649627.0
TEAMLEASE.NS,1873.25,0.0,1873.25,0.0,1910.199951171875,1852.5999755859375,1909.5,0.0,44879.0
TECHLABS.NS,741.5499877929688,0.0,741.5499877929688,0.0,803.1500244140625,733.9000244140625,789.0,0.0,141000.0
TECHM.NS,1416.300048828125,0.0,1416.300048828125,0.0,1464.0,1409.5,1464.0,0.0,2230240.0
TECHNOE.NS,1005.9000244140625,0.0,1005.9000244140625,0.0,1049.9000244140625,993.4000244140625,1040.0,0.0,342705.0
TECILCHEM.NS,23.290000915527344,0.0,23.290000915527344,0.0,24.0,21.600000381469727,24.0,0.0,3002.0
TEGA.NS,1461.0,0.0,1461.0,0.0,1497.9000244140625,1436.550048828125,1483.75,0.0,46163.0
TEJASNET.NS,748.6500244140625,0.0,748.6500244140625,0.0,807.0,746.2999877929688,796.9000244140625,0.0,2850497.0
TEMBO.NS,546.0,0.0,546.0,0.0,579.0499877929688,546.0,569.0,0.0,43641.0
TERASOFT.NS,192.0,0.0,192.0,0.0,192.0,192.0,192.0,0.0,13249.0
TEXINFRA.NS,104.3499984741211,0.0,104.3499984741211,0.0,107.48999786376953,103.0999984741211,104.87999725341797,0.0,1022098.0
TEXMOPIPES.NS,51.58000183105469,0.0,51.58000183105469,0.0,54.93000030517578,51.0,54.400001525878906,0.0,140854.0
TEXRAIL.NS,135.4600067138672,0.0,135.4600067138672,0.0,142.39999389648438,134.8000030517578,140.60000610351562,0.0,2449006.0
TFCILTD.NS,166.4199981689453,0.0,166.4199981689453,0.0,167.82000732421875,139.39999389648438,139.85000610351562,0.0,11832523.0
TFL.NS,14.640000343322754,0.0,14.640000343322754,0.0,14.649999618530273,14.640000343322754,14.649999618530273,0.0,11157.0
TGBHOTELS.NS,10.0,0.0,10.0,0.0,11.510000228881836,9.300000190734863,10.789999961853027,0.0,293929.0
TGL.NS,335.1499938964844,0.0,335.1499938964844,0.0,335.1499938964844,335.1499938964844,335.1499938964844,0.0,7400.0
THANGAMAYL.NS,1843.6500244140625,0.0,1843.6500244140625,0.0,1869.0,1803.0,1815.0,0.0,45178.0
THEINVEST.NS,122.76000213623047,0.0,122.76000213623047,0.0,126.0,122.25,123.0,0.0,23181.0
THEJO.NS,1814.050048828125,0.0,1814.050048828125,0.0,1909.199951171875,1803.5,1872.0,0.0,23363.0
THEMISMED.NS,148.77000427246094,0.0,148.77000427246094,0.0,157.91000366210938,147.5,156.25,0.0,292238.0
THERMAX.NS,3477.64990234375,0.0,3477.64990234375,0.0,3589.75,3450.0,3580.800048828125,0.0,103374.0
THOMASCOOK.NS,131.8699951171875,0.0,131.8699951171875,0.0,138.4499969482422,130.8000030517578,137.5500030517578,0.0,830934.0
THOMASCOTT.NS,337.04998779296875,0.0,337.04998779296875,0.0,350.1499938964844,335.0,342.0,0.0,34311.0
THYROCARE.NS,717.2000122070312,0.0,717.2000122070312,0.0,734.0999755859375,705.0999755859375,731.0,0.0,48712.0
TI.NS,238.35000610351562,0.0,238.35000610351562,0.0,246.61000061035156,237.50999450683594,243.97000122070312,0.0,1433773.0
TIIL.NS,2623.0,0.0,2623.0,0.0,2657.10009765625,2564.0,2636.050048828125,0.0,16656.0
TIINDIA.NS,2710.699951171875,0.0,2710.699951171875,0.0,2785.0,2692.300048828125,2768.0,0.0,1089020.0
TIJARIA.NS,5.679999828338623,0.0,5.679999828338623,0.0,6.0,5.679999828338623,6.0,0.0,40934.0
TIL.NS,232.00999450683594,0.0,232.00999450683594,0.0,232.64999389648438,227.89999389648438,227.89999389648438,0.0,122051.0
TIMESCAN.NS,44.650001525878906,0.0,44.650001525878906,0.0,45.0,44.650001525878906,45.0,0.0,14000.0
TIMESGTY.NS,166.8800048828125,0.0,166.8800048828125,0.0,170.10000610351562,165.0500030517578,170.10000610351562,0.0,2763.0
TIMETECHNO.NS,410.1000061035156,0.0,410.1000061035156,0.0,417.5,407.20001220703125,414.0,0.0,1109087.0
TIMKEN.NS,2768.800048828125,0.0,2768.800048828125,0.0,2819.0,2754.0,2797.0,0.0,99914.0
TIPSFILMS.NS,470.95001220703125,0.0,470.95001220703125,0.0,482.6000061035156,440.1499938964844,469.70001220703125,0.0,6573.0
TIPSMUSIC.NS,625.8499755859375,0.0,625.8499755859375,0.0,656.2000122070312,624.0,647.0,0.0,155353.0
TIRUMALCHM.NS,233.17999267578125,0.0,233.17999267578125,0.0,249.5,230.10000610351562,238.44000244140625,0.0,932052.0
TIRUPATI.NS,723.5499877929688,0.0,723.5499877929688,0.0,731.0,689.0,724.9000244140625,0.0,5750.0
TIRUPATIFL.NS,33.40999984741211,0.0,33.40999984741211,0.0,34.779998779296875,33.40999984741211,34.779998779296875,0.0,82126.0
TITAGARH.NS,803.0,0.0,803.0,0.0,820.75,800.0499877929688,808.7999877929688,0.0,1566246.0
TITAN.NS,3057.5,0.0,3057.5,0.0,3077.75,3034.550048828125,3068.949951171875,0.0,1010398.0
TMB.NS,413.3999938964844,0.0,413.3999938964844,0.0,425.70001220703125,404.0,423.5,0.0,71601.0
TNPETRO.NS,67.83000183105469,0.0,67.83000183105469,0.0,70.30000305175781,67.02999877929688,69.1500015258789,0.0,267436.0
TNPL.NS,126.33000183105469,0.0,126.33000183105469,0.0,130.27000427246094,125.0,129.0,0.0,223983.0
TNTELE.NS,8.890000343322754,0.0,8.890000343322754,0.0,9.25,8.65999984741211,9.25,0.0,9828.0
TOKYOPLAST.NS,128.47999572753906,0.0,128.47999572753906,0.0,138.6999969482422,126.4000015258789,129.99000549316406,0.0,284390.0
TOLINS.NS,114.91000366210938,0.0,114.91000366210938,0.0,119.5,114.0,118.4000015258789,0.0,120154.0
TORNTPHARM.NS,3219.10009765625,0.0,3219.10009765625,0.0,3253.550048828125,3190.0,3245.10009765625,0.0,186816.0
TORNTPOWER.NS,1499.9000244140625,0.0,1499.9000244140625,0.0,1518.9000244140625,1489.050048828125,1493.949951171875,0.0,472409.0
TOTAL.NS,71.69999694824219,0.0,71.69999694824219,0.0,77.73999786376953,70.80999755859375,75.0,0.0,115909.0
TOUCHWOOD.NS,77.45999908447266,0.0,77.45999908447266,0.0,79.25,76.0,79.25,0.0,3635.0
TPLPLASTEH.NS,75.25,0.0,75.25,0.0,79.44999694824219,75.0999984741211,78.4800033569336,0.0,73424.0
TRACXN.NS,54.540000915527344,0.0,54.540000915527344,0.0,57.0099983215332,54.0,55.25,0.0,680598.0
TRANSRAILL.NS,493.1499938964844,0.0,493.1499938964844,0.0,503.70001220703125,490.04998779296875,501.3999938964844,0.0,922191.0
TRANSTEEL.NS,98.80000305175781,0.0,98.80000305175781,0.0,100.5,98.69999694824219,100.5,0.0,14000.0
TRANSWIND.NS,19.75,0.0,19.75,0.0,21.049999237060547,19.549999237060547,19.549999237060547,0.0,16000.0
TRANSWORLD.NS,258.1000061035156,0.0,258.1000061035156,0.0,273.1499938964844,256.1499938964844,269.20001220703125,0.0,70996.0
TREEHOUSE.NS,9.720000267028809,0.0,9.720000267028809,0.0,10.239999771118164,9.720000267028809,10.239999771118164,0.0,131393.0
TREJHARA.NS,176.5,0.0,176.5,0.0,190.08999633789062,173.2100067138672,188.0,0.0,15339.0
TREL.NS,33.90999984741211,0.0,33.90999984741211,0.0,34.38999938964844,32.0,34.09000015258789,0.0,1012091.0
TRENT.NS,5321.9501953125,0.0,5321.9501953125,0.0,5410.0,5118.5,5205.0,0.0,1625294.0
TRF.NS,364.0,0.0,364.0,0.0,380.8500061035156,361.04998779296875,370.3999938964844,0.0,62070.0
TRIDENT.NS,24.6200008392334,0.0,24.6200008392334,0.0,25.799999237060547,24.5,25.549999237060547,0.0,8835877.0
TRIDHYA.NS,25.399999618530273,0.0,25.399999618530273,0.0,25.399999618530273,25.399999618530273,25.399999618530273,0.0,3000.0
TRIGYN.NS,72.51000213623047,0.0,72.51000213623047,0.0,77.73999786376953,72.0999984741211,76.77999877929688,0.0,175085.0
TRITURBINE.NS,563.8499755859375,0.0,563.8499755859375,0.0,574.0,543.9000244140625,557.5499877929688,0.0,1957272.0
TRIVENI.NS,385.0,0.0,385.0,0.0,397.1499938964844,383.5,396.8999938964844,0.0,169283.0
TRUST.NS,76.75,0.0,76.75,0.0,76.75,75.25,76.75,0.0,109200.0
TTKHLTCARE.NS,1185.5999755859375,0.0,1185.5999755859375,0.0,1220.6500244140625,1170.0,1202.949951171875,0.0,64580.0
TTKPRESTIG.NS,607.75,0.0,607.75,0.0,615.9500122070312,604.0999755859375,611.8499755859375,0.0,67105.0
TTL.NS,13.859999656677246,0.0,13.859999656677246,0.0,14.600000381469727,13.649999618530273,14.539999961853027,0.0,171698.0
TTML.NS,57.56999969482422,0.0,57.56999969482422,0.0,60.16999816894531,57.150001525878906,59.59000015258789,0.0,4681441.0
TUNWAL.NS,32.900001525878906,0.0,32.900001525878906,0.0,35.75,32.599998474121094,34.79999923706055,0.0,296000.0
TVSELECT.NS,320.75,0.0,320.75,0.0,334.0,318.0,330.0,0.0,35828.0
TVSHLTD.NS,8882.0,0.0,8882.0,0.0,9049.75,8850.0,8995.0,0.0,6322.0
TVSMOTOR.NS,2429.199951171875,0.0,2429.199951171875,10.0,2450.0,2407.0,2415.0,0.0,512210.0
TVSSCS.NS,130.60000610351562,0.0,130.60000610351562,0.0,136.38999938964844,130.10000610351562,135.44000244140625,0.0,1183659.0
TVSSRICHAK.NS,2554.39990234375,0.0,2554.39990234375,0.0,2629.89990234375,2525.0,2600.0,0.0,21346.0
TVTODAY.NS,160.86000061035156,0.0,160.86000061035156,0.0,166.61000061035156,160.36000061035156,165.3000030517578,0.0,251992.0
TVVISION.NS,4.190000057220459,0.0,4.190000057220459,0.0,4.190000057220459,4.190000057220459,4.190000057220459,0.0,44215.0
UBL.NS,1931.1500244140625,0.0,1931.1500244140625,0.0,1960.8499755859375,1910.9000244140625,1920.0,0.0,149663.0
UCAL.NS,129.8699951171875,0.0,129.8699951171875,0.0,134.33999633789062,129.0,133.2100067138672,0.0,24841.0
UCL.NS,53.0,0.0,53.0,0.0,53.0,53.0,53.0,0.0,2000.0
UCOBANK.NS,35.97999954223633,0.0,35.97999954223633,0.0,37.09000015258789,35.900001525878906,36.88999938964844,0.0,6292977.0
UDAICEMENT.NS,24.729999542236328,0.0,24.729999542236328,0.0,25.850000381469727,24.5,25.850000381469727,0.0,718264.0
UDS.NS,278.04998779296875,0.0,278.04998779296875,0.0,283.5,271.6000061035156,278.0,0.0,398392.0
UFLEX.NS,506.1000061035156,0.0,506.1000061035156,0.0,525.5,504.0,519.0499877929688,0.0,106929.0
UFO.NS,68.7699966430664,0.0,68.7699966430664,0.0,72.58999633789062,68.44000244140625,70.80000305175781,0.0,163638.0
UGARSUGAR.NS,44.900001525878906,0.0,44.900001525878906,0.0,47.68000030517578,44.720001220703125,46.099998474121094,0.0,344765.0
UGROCAP.NS,169.9499969482422,0.0,169.9499969482422,0.0,175.7899932861328,166.27999877929688,173.0,0.0,279558.0
UJJIVANSFB.NS,34.72999954223633,0.0,34.72999954223633,0.0,35.83000183105469,34.13999938964844,35.599998474121094,0.0,10557947.0
ULTRACEMCO.NS,11402.099609375,0.0,11402.099609375,0.0,11487.0,11300.0,11381.0,0.0,401556.0
UMA.NS,27.549999237060547,0.0,27.549999237060547,0.0,28.5,27.399999618530273,28.5,0.0,48000.0
UMAEXPORTS.NS,82.19000244140625,0.0,82.19000244140625,0.0,88.5,81.36000061035156,88.5,0.0,180577.0
UMANGDAIRY.NS,74.98999786376953,0.0,74.98999786376953,0.0,79.51000213623047,74.63999938964844,78.01000213623047,0.0,23976.0
UMESLTD.NS,5.269999980926514,0.0,5.269999980926514,0.0,5.309999942779541,5.199999809265137,5.300000190734863,0.0,12152.0
UNICHEMLAB.NS,684.8499755859375,0.0,684.8499755859375,0.0,693.0499877929688,678.0,691.1500244140625,0.0,26319.0
UNIDT.NS,217.42999267578125,0.0,217.42999267578125,0.0,222.77000427246094,214.32000732421875,222.77000427246094,0.0,16318.0
UNIECOM.NS,123.95999908447266,0.0,123.95999908447266,0.0,132.49000549316406,122.70999908447266,130.5500030517578,0.0,887851.0
UNIENTER.NS,149.9600067138672,0.0,149.9600067138672,0.0,157.0800018310547,149.00999450683594,156.3000030517578,0.0,3208.0
UNIHEALTH.NS,139.10000610351562,0.0,139.10000610351562,0.0,142.0,138.5,142.0,0.0,20000.0
UNIINFO.NS,16.280000686645508,0.0,16.280000686645508,0.0,16.93000030517578,16.0,16.5,0.0,21482.0
UNIMECH.NS,1010.5999755859375,0.0,1010.5999755859375,0.0,1029.0,971.0,971.0,0.0,130620.0
UNIONBANK.NS,120.20999908447266,0.0,120.20999908447266,0.0,124.5,119.8499984741211,123.37000274658203,0.0,9341032.0
UNIPARTS.NS,315.3999938964844,0.0,315.3999938964844,0.0,323.25,314.0,320.04998779296875,0.0,218328.0
UNITECH.NS,5.849999904632568,0.0,5.849999904632568,0.0,6.239999771118164,5.849999904632568,6.190000057220459,0.0,9971146.0
UNITEDPOLY.NS,155.92999267578125,0.0,155.92999267578125,0.0,160.0,155.60000610351562,156.74000549316406,0.0,69486.0
UNITEDTEA.NS,405.20001220703125,0.0,405.20001220703125,0.0,424.95001220703125,405.04998779296875,407.3999938964844,0.0,5838.0
UNIVASTU.NS,215.33999633789062,0.0,215.33999633789062,0.0,220.0,214.0,214.0,0.0,7198.0
UNIVCABLES.NS,476.29998779296875,0.0,476.29998779296875,0.0,494.8500061035156,474.0,481.20001220703125,0.0,152020.0
UNIVPHOTO.NS,187.97000122070312,0.0,187.97000122070312,0.0,190.5,186.02999877929688,190.5,0.0,2375.0
UPL.NS,652.4000244140625,0.0,652.4000244140625,0.0,656.8499755859375,644.0,652.0,0.0,1570083.0
URAVIDEF.NS,366.25,0.0,366.25,0.0,385.95001220703125,360.1000061035156,369.1499938964844,0.0,30973.0
URBAN.NS,200.60000610351562,0.0,200.60000610351562,0.0,200.75,193.0,200.0,0.0,128000.0
URJA.NS,11.989999771118164,0.0,11.989999771118164,0.0,12.0,11.989999771118164,12.0,0.0,184858.0
USASEEDS.NS,150.0500030517578,0.0,150.0500030517578,0.0,151.0,143.10000610351562,149.5,0.0,4800.0
USHAMART.NS,347.3999938964844,0.0,347.3999938964844,0.0,349.0,335.29998779296875,338.20001220703125,0.0,741536.0
USK.NS,37.84000015258789,0.0,37.84000015258789,0.0,39.400001525878906,37.63999938964844,38.650001525878906,0.0,118807.0
UTIAMC.NS,1039.449951171875,0.0,1039.449951171875,0.0,1067.800048828125,1029.4000244140625,1062.0,0.0,115006.0
UTKARSHBNK.NS,22.3700008392334,0.0,22.3700008392334,0.0,23.899999618530273,22.059999465942383,23.540000915527344,0.0,4351629.0
UTTAMSUGAR.NS,256.17999267578125,0.0,256.17999267578125,0.0,266.0,254.0,257.0,0.0,117454.0
UWCSL.NS,173.39999389648438,0.0,173.39999389648438,0.0,173.39999389648438,173.39999389648438,173.39999389648438,0.0,0.0
UYFINCORP.NS,17.139999389648438,0.0,17.139999389648438,0.0,18.610000610351562,16.799999237060547,18.209999084472656,0.0,166548.0
V2RETAIL.NS,1704.949951171875,0.0,1704.949951171875,0.0,1738.0,1662.0999755859375,1738.0,0.0,40348.0
VADILALIND.NS,4604.7998046875,0.0,4604.7998046875,0.0,5168.64990234375,4531.0,5040.0,0.0,137104.0
VAIBHAVGBL.NS,223.02000427246094,0.0,223.02000427246094,0.0,230.60000610351562,222.75,227.61000061035156,0.0,480315.0
VAISHALI.NS,10.979999542236328,0.0,10.979999542236328,0.0,12.0,10.75,11.520000457763672,0.0,646253.0
VAKRANGEE.NS,10.40999984741211,0.0,10.40999984741211,0.0,11.09000015258789,10.40999984741211,11.09000015258789,0.0,10337623.0
VALIANTLAB.NS,79.52999877929688,0.0,79.52999877929688,0.0,82.6500015258789,79.0999984741211,81.0,0.0,316116.0
VALIANTORG.NS,265.3500061035156,0.0,265.3500061035156,0.0,286.45001220703125,259.8999938964844,280.20001220703125,0.0,169553.0
VARDHACRLC.NS,39.43000030517578,0.0,39.43000030517578,0.0,41.16999816894531,39.20000076293945,40.650001525878906,0.0,143105.0
VARDMNPOLY.NS,9.140000343322754,0.0,9.140000343322754,0.0,9.739999771118164,9.09000015258789,9.720000267028809,0.0,323178.0
VARROC.NS,441.45001220703125,0.0,441.45001220703125,0.0,454.95001220703125,437.79998779296875,449.0,0.0,189351.0
VASA.NS,5.75,0.0,5.75,0.0,5.75,5.75,5.75,0.0,0.0
VASCONEQ.NS,36.91999816894531,0.0,36.91999816894531,0.0,39.369998931884766,36.650001525878906,39.0,0.0,1233904.0
VASWANI.NS,36.33000183105469,0.0,36.33000183105469,0.0,37.86000061035156,35.11000061035156,37.7599983215332,0.0,140425.0
VBL.NS,527.9000244140625,0.0,527.9000244140625,0.0,535.5,516.5499877929688,521.0,0.0,6575308.0
VCL.NS,0.7300000190734863,0.0,0.7300000190734863,0.0,0.7900000214576721,0.7300000190734863,0.7900000214576721,0.0,186905.0
VEDL.NS,464.1499938964844,0.0,464.1499938964844,0.0,473.3999938964844,463.1000061035156,464.3999938964844,0.0,9258032.0
VEEDOL.NS,1404.300048828125,0.0,1404.300048828125,0.0,1444.0,1398.0,1424.699951171875,0.0,22790.0
VEEKAYEM.NS,227.5,0.0,227.5,0.0,246.0,225.0,246.0,0.0,9500.0
VELS.NS,75.5,0.0,75.5,0.0,75.5,75.5,75.5,0.0,16800.0
VENKEYS.NS,1613.5,0.0,1613.5,0.0,1705.199951171875,1606.5,1674.25,0.0,44771.0
VENTIVE.NS,707.7000122070312,0.0,707.7000122070312,0.0,735.0,706.25,735.0,0.0,1173409.0
VENUSPIPES.NS,1233.25,0.0,1233.25,0.0,1319.0,1230.0,1308.949951171875,0.0,160768.0
VENUSREM.NS,279.45001220703125,0.0,279.45001220703125,0.0,296.0,277.95001220703125,294.0,0.0,118307.0
VERA.NS,70.44999694824219,0.0,70.44999694824219,0.0,70.44999694824219,70.44999694824219,70.44999694824219,0.0,7500.0
VERANDA.NS,193.67999267578125,0.0,193.67999267578125,0.0,204.89999389648438,192.3800048828125,197.60000610351562,0.0,601062.0
VERITAAS.NS,86.0,0.0,86.0,0.0,86.0,86.0,86.0,0.0,13200.0
VERTEXPLUS.NS,111.94999694824219,0.0,111.94999694824219,0.0,111.94999694824219,111.8499984741211,111.8499984741211,0.0,36000.0
VERTOZ.NS,8.15999984741211,0.0,8.15999984741211,0.0,8.15999984741211,8.15999984741211,8.15999984741211,0.0,410832.0
VESUVIUS.NS,4415.0498046875,0.0,4415.0498046875,0.0,4600.60009765625,4400.0,4600.0,0.0,10651.0
VETO.NS,97.86000061035156,0.0,97.86000061035156,0.0,102.48999786376953,97.0,101.5999984741211,0.0,161275.0
VGUARD.NS,353.0,0.0,353.0,0.0,357.45001220703125,351.0,356.75,0.0,290811.0
VHL.NS,3364.14990234375,0.0,3364.14990234375,0.0,3597.949951171875,3350.0,3502.0,0.0,2439.0
VHLTD.NS,120.01000213623047,0.0,120.01000213623047,0.0,121.5,116.01000213623047,118.0,0.0,57421.0
VIAZ.NS,63.5,0.0,63.5,0.0,64.0,63.5,64.0,0.0,54000.0
VIDHIING.NS,429.5,0.0,429.5,0.0,435.8999938964844,422.95001220703125,428.8999938964844,0.0,32717.0
VIJAYA.NS,1004.8499755859375,0.0,1004.8499755859375,0.0,1054.949951171875,1000.5499877929688,1025.0,0.0,558592.0
VIJIFIN.NS,2.2699999809265137,0.0,2.2699999809265137,0.0,2.4000000953674316,2.2200000286102295,2.4000000953674316,0.0,60064.0
VIKASECO.NS,2.3399999141693115,0.0,2.3399999141693115,0.0,2.4200000762939453,2.3299999237060547,2.4000000953674316,0.0,5437403.0
VIKASLIFE.NS,2.7899999618530273,0.0,2.7899999618530273,0.0,2.9100000858306885,2.7799999713897705,2.9000000953674316,0.0,8513377.0
VILAS.NS,331.5,0.0,331.5,0.0,346.5,329.0,345.0,0.0,73750.0
VILINBIO.NS,17.450000762939453,0.0,17.450000762939453,0.0,18.5,17.299999237060547,18.5,0.0,28000.0
VIMTALABS.NS,1041.1500244140625,0.0,1041.1500244140625,0.0,1066.0,1032.1500244140625,1044.050048828125,0.0,54953.0
VINATIORGA.NS,1603.199951171875,0.0,1603.199951171875,0.0,1642.0,1596.800048828125,1608.0,0.0,53775.0
VINCOFE.NS,88.29000091552734,0.0,88.29000091552734,0.0,92.04000091552734,87.41000366210938,91.1500015258789,0.0,1326548.0
VINDHYATEL.NS,1286.1500244140625,0.0,1286.1500244140625,0.0,1339.8499755859375,1275.0999755859375,1322.0,0.0,66202.0
VINEETLAB.NS,31.56999969482422,0.0,31.56999969482422,0.0,36.5,31.299999237060547,36.5,0.0,115149.0
VINNY.NS,1.2400000095367432,0.0,1.2400000095367432,0.0,1.2599999904632568,1.2400000095367432,1.2599999904632568,0.0,958381.0
VINSYS.NS,361.75,0.0,361.75,0.0,365.95001220703125,355.0,358.5,0.0,12500.0
VINYAS.NS,820.0,0.0,820.0,0.0,823.7000122070312,776.0,798.9000244140625,0.0,22800.0
VINYLINDIA.NS,300.05999755859375,0.0,300.05999755859375,0.0,324.79998779296875,292.1000061035156,318.989990234375,0.0,711140.0
VIPCLOTHNG.NS,28.719999313354492,0.0,28.719999313354492,0.0,30.5,28.600000381469727,30.5,0.0,227942.0
VIPIND.NS,279.04998779296875,0.0,279.04998779296875,0.0,288.79998779296875,277.5,288.79998779296875,0.0,546956.0
VIPULLTD.NS,10.640000343322754,0.0,10.640000343322754,0.0,10.640000343322754,10.640000343322754,10.640000343322754,0.0,108640.0
VIRINCHI.NS,20.829999923706055,0.0,20.829999923706055,0.0,22.170000076293945,20.5,22.170000076293945,0.0,1155413.0
VISAKAIND.NS,59.130001068115234,0.0,59.130001068115234,0.0,61.5,58.5,60.95000076293945,0.0,884689.0
VISAMAN.NS,36.79999923706055,0.0,36.79999923706055,0.0,36.79999923706055,36.79999923706055,36.79999923706055,0.0,3000.0
VISHNU.NS,452.79998779296875,0.0,452.79998779296875,0.0,458.70001220703125,450.0,451.8999938964844,0.0,57214.0
VISHNUINFR.NS,187.4499969482422,0.0,187.4499969482422,0.0,195.0,185.3000030517578,191.8000030517578,0.0,218500.0
VISHWARAJ.NS,8.319999694824219,0.0,8.319999694824219,0.0,8.930000305175781,8.020000457763672,8.930000305175781,0.0,1835307.0
VISHWAS.NS,60.95000076293945,0.0,60.95000076293945,0.0,62.25,60.900001525878906,62.0,0.0,24000.0
VITAL.NS,57.20000076293945,0.0,57.20000076293945,0.0,58.400001525878906,57.099998474121094,58.400001525878906,0.0,20400.0
VIVIANA.NS,740.0499877929688,0.0,740.0499877929688,0.0,740.0499877929688,715.0,737.9500122070312,0.0,8875.0
^BSESN,77288.5,0.0,77288.5,0.0,78167.8671875,77194.21875,78021.453125,0.0,0.0
^NSEI,23486.849609375,0.0,23486.849609375,0.0,23736.5,23451.69921875,23700.94921875,0.0,0.0
^NSEBANK,51209.0,0.0,51209.0,0.0,51875.80078125,51069.1484375,51640.05078125,0.0,0.0
